X,Y,Z
0.1926925778388977,0.2716018557548523,1.2015478610992432
-0.43977755308151245,-0.12895864248275757,1.1921350955963135
-0.8317564129829407,0.40717294812202454,0.666347324848175
0.09225933253765106,-0.573759913444519,1.036813497543335
0.08887150883674622,-0.38381054997444153,0.9327844381332397
0.1487046778202057,-0.2651485800743103,1.3863455057144165
-0.056794509291648865,-0.6006972789764404,1.1625957489013672
-0.5136911869049072,0.7514564990997314,0.7098900079727173
-0.10791394114494324,0.6293153762817383,1.1523858308792114
-0.6954736709594727,0.465705543756485,0.48825204372406006
0.08867256343364716,0.0893523246049881,0.8812851905822754
-0.005101755261421204,0.47656258940696716,1.0404129028320312
-0.3566352427005768,-0.14985297620296478,1.5510162115097046
0.26133519411087036,0.34830886125564575,1.268061637878418
0.04493498057126999,0.5468240976333618,1.2491405010223389
-0.057258665561676025,-0.23738494515419006,1.1428385972976685
-0.2975984215736389,0.6429007053375244,0.7086951732635498
-0.25116899609565735,-0.13323546946048737,1.5647716522216797
-0.4717038571834564,0.5097141861915588,0.9832529425621033
-0.5977327227592468,0.3545058071613312,1.0075548887252808
-0.29260754585266113,0.4267149269580841,1.161984920501709
-0.14406344294548035,-0.13867248594760895,1.5781339406967163
-0.14547231793403625,0.19351668655872345,1.5619378089904785
-0.22836819291114807,0.7211266160011292,1.0994653701782227
-0.4540615677833557,-0.09895484894514084,1.3948653936386108
-0.23812702298164368,0.43927663564682007,1.0122780799865723
-0.03726879507303238,-0.08625975251197815,0.8692455887794495
-0.026348808780312538,0.20213435590267181,1.5461585521697998
0.07578777521848679,-0.46133100986480713,0.9213436245918274
0.11397644132375717,-0.2171206772327423,0.917762279510498
0.1575237363576889,-0.2690586447715759,0.908846378326416
-0.6323133707046509,0.5502732992172241,0.9607076048851013
-0.12682445347309113,-0.5212904214859009,1.2006356716156006
-0.4281611740589142,-0.34417498111724854,1.1390650272369385
-0.7351588606834412,0.11018738150596619,0.899348795413971
-0.608191192150116,0.032939501106739044,0.8501197099685669
-0.5333611965179443,0.062041133642196655,1.4868956804275513
0.21115538477897644,0.32618778944015503,1.2131234407424927
0.31208205223083496,-0.18305908143520355,0.957952618598938
-0.13720044493675232,-0.3032890558242798,1.3912453651428223
-0.025011196732521057,0.11998511850833893,1.2919148206710815
-0.6263464093208313,-0.19979432225227356,1.227982997894287
-0.5594635605812073,-0.32033729553222656,1.0702488422393799
-0.5585178732872009,0.532935380935669,1.2238471508026123
-0.619918167591095,-0.3000585436820984,0.7484437227249146
-0.10468363761901855,0.05619882419705391,1.5735794305801392
-0.5625576972961426,0.5298906564712524,1.0415509939193726
0.047264084219932556,0.24452248215675354,0.938853919506073
-0.8715445399284363,-0.0634865090250969,1.1960194110870361
-0.05680091679096222,-0.6118960380554199,1.2247400283813477
-0.7402195334434509,-0.27654656767845154,0.7070850133895874
0.09552246332168579,-0.3722074627876282,1.0064713954925537
0.15783527493476868,-0.4166001081466675,0.9723243713378906
-0.14979557693004608,0.3801118731498718,1.0571262836456299
-0.7754155397415161,-0.0636855810880661,1.2104237079620361
-0.2978256046772003,0.6266828179359436,1.1183292865753174
-0.5674725770950317,-0.2536405920982361,1.2185423374176025
0.12745913863182068,-0.13189414143562317,0.8557937741279602
0.168429434299469,0.19147232174873352,1.4812901020050049
-0.5869492292404175,-0.2087562382221222,0.7120931148529053
-0.036411404609680176,-0.22340334951877594,1.1482524871826172
0.1610669493675232,-0.23872165381908417,1.4695864915847778
-0.43928757309913635,-0.426430344581604,1.3558558225631714
-0.5205904841423035,-0.04231339693069458,0.8301650285720825
-0.5970304012298584,0.2648370862007141,0.45489931106567383
-0.5035715103149414,0.025549069046974182,0.7858688235282898
-0.011976316571235657,0.08807764947414398,1.3083281517028809
-0.7748417854309082,-0.15919524431228638,0.890784740447998
-0.2098749876022339,-0.5411559343338013,0.826661229133606
0.0956190750002861,0.47604644298553467,1.1015899181365967
-0.17457711696624756,-0.3195556402206421,1.1744725704193115
-0.4782150387763977,-0.24526728689670563,1.2048784494400024
0.19272667169570923,-0.6436358690261841,0.8469794988632202
-0.4800287187099457,-0.08622480183839798,1.3055728673934937
0.014144914224743843,0.12946192920207977,1.2442649602890015
-0.8023966550827026,-0.4449947774410248,0.8223477602005005
-0.07587799429893494,-0.3980044424533844,0.9529454708099365
-0.02112393081188202,-0.11976496130228043,1.519828200340271
-0.10043220221996307,0.2729898691177368,1.4059830904006958
0.11572316288948059,0.10720589011907578,1.3892203569412231
-0.46803414821624756,0.7453188896179199,0.8888587951660156
0.5231571197509766,0.2353367805480957,0.8109850883483887
-0.4634372889995575,0.21299415826797485,0.7714022397994995
-0.41464295983314514,0.0046663130633533,1.5651885271072388
0.1670254021883011,0.4839855134487152,1.2741669416427612
0.06935229897499084,0.27285924553871155,1.279530644416809
0.4276130497455597,0.18908338248729706,1.1769715547561646
0.3994523286819458,0.08463805168867111,1.102285385131836
-0.5908085703849792,0.662574827671051,0.8011087775230408
-0.009840309619903564,0.08605366945266724,1.223404884338379
-0.4934067726135254,0.2560405731201172,0.8506464958190918
-0.24874001741409302,-0.1771380603313446,1.2407063245773315
-0.4932235777378082,0.06260240077972412,1.1085543632507324
-0.6109434366226196,-0.08646762371063232,1.4957363605499268
0.4305672347545624,0.14325076341629028,1.2574374675750732
0.44079095125198364,-0.058179132640361786,0.8868032097816467
-0.5285152196884155,0.25904029607772827,0.8848649263381958
-0.1854856163263321,0.25968092679977417,1.2765778303146362
-0.02315549924969673,-0.5624834895133972,1.1896330118179321
-0.49560093879699707,-0.28362780809402466,1.3878328800201416
0.1517615169286728,-0.34025293588638306,1.4260330200195312
-0.6835867166519165,-0.1627681702375412,0.8136674761772156
-0.15700170397758484,-0.3142015337944031,1.286353588104248
-0.4735090136528015,0.46252959966659546,1.3868523836135864
-0.5188586711883545,-0.1398748755455017,1.1260201930999756
0.029998287558555603,0.2709013521671295,0.8193507194519043
0.10673518478870392,-0.4777444005012512,1.2771660089492798
-0.8018219470977783,0.2204105257987976,0.5062901377677917
-0.5993871688842773,0.2200908064842224,0.7416325807571411
-0.7971459627151489,0.19068026542663574,1.1067143678665161
-0.31164419651031494,0.1367158591747284,1.1334296464920044
-0.6148927211761475,0.004593713209033012,0.7897988557815552
-0.6786817908287048,-0.6544107794761658,0.822649359703064
-0.5160064101219177,0.10465066879987717,0.9547497630119324
-0.417356014251709,-0.06365953385829926,1.1197518110275269
-0.6070783138275146,-0.46405744552612305,1.3268461227416992
-0.1839122772216797,0.4581003487110138,1.4860389232635498
-0.09068617969751358,-0.28175824880599976,1.5365288257598877
-0.14423510432243347,0.4808248281478882,0.8572490215301514
-0.4720606505870819,-0.023484520614147186,1.539503574371338
0.16231991350650787,-0.3040997087955475,0.9568580985069275
-0.5433333516120911,-0.020935192704200745,1.2834296226501465
0.2679155468940735,0.053568121045827866,1.430802583694458
-0.39789509773254395,0.26937246322631836,0.8361026048660278
0.06751857697963715,0.12411405146121979,0.8425832986831665
0.08116063475608826,0.3316307067871094,1.0309340953826904
0.09665462374687195,0.24142177402973175,1.3396743535995483
-0.0793125256896019,0.46469253301620483,1.2597615718841553
-0.617739737033844,0.3248755633831024,1.3045904636383057
-0.7572365403175354,-0.21894076466560364,0.9322214126586914
-0.2262285351753235,0.7982067465782166,0.7956770062446594
-0.8138872385025024,-0.0723566859960556,1.0037883520126343
0.011932045221328735,-0.5400147438049316,1.2532752752304077
0.11270765215158463,-0.272788405418396,1.1036874055862427
-0.35351836681365967,-0.1884194314479828,1.4794905185699463
0.284281849861145,-0.5588704347610474,0.7597236633300781
0.08019647002220154,-0.6033097505569458,0.9166450500488281
-0.4410942494869232,0.1731923371553421,0.851824164390564
-0.19926638901233673,-0.7638475894927979,0.9996403455734253
0.11153236031532288,-0.097148597240448,1.5163079500198364
-0.3478575348854065,-0.422416627407074,1.151968002319336
-0.21629567444324493,0.4661450982093811,1.06681227684021
0.24828556180000305,-0.5835227966308594,0.9282069206237793
-0.12170936167240143,0.17945295572280884,0.8250394463539124
-0.46288222074508667,0.6882488131523132,1.2060843706130981
-0.1786048412322998,-0.3218125104904175,0.7888053059577942
-0.88707435131073,0.03242623060941696,1.1603970527648926
-0.36934277415275574,0.46009159088134766,0.9531239867210388
0.36222562193870544,0.4059418737888336,0.8699458837509155
0.07205216586589813,0.08900243043899536,1.1379181146621704
-0.23423664271831512,-0.25937098264694214,1.4694850444793701
-0.6414740681648254,0.09437386691570282,1.4308321475982666
0.37979093194007874,-0.1763596534729004,1.2246215343475342
-0.41651028394699097,-0.2927026152610779,1.2581242322921753
-0.17432650923728943,0.300575852394104,1.0583041906356812
-0.24508146941661835,0.22946828603744507,1.5623286962509155
-0.6819618940353394,-0.44149357080459595,1.2000675201416016
-0.12167048454284668,0.32017144560813904,1.5316736698150635
-0.32889047265052795,-0.20505517721176147,0.8060523271560669
-0.057016730308532715,0.38395148515701294,1.070387601852417
-0.5770606994628906,0.1736000031232834,0.4781482517719269
0.021296873688697815,0.08795633912086487,0.8301219940185547
-0.3270536959171295,0.6127633452415466,0.9567794799804688
0.10945175588130951,-0.41373541951179504,0.83449387550354
-0.27145659923553467,-0.30847397446632385,0.7727001309394836
0.1054483950138092,-0.20138590037822723,1.0249277353286743
-0.022948607802391052,0.10805518180131912,1.5526659488677979
0.16441603004932404,-0.09161721915006638,1.3453034162521362
-0.7454409599304199,-0.09782779216766357,1.4051140546798706
-0.6938220858573914,0.12557609379291534,0.5790654420852661
0.04048395901918411,-0.22640477120876312,1.4490255117416382
-0.0069933608174324036,-0.25482305884361267,1.0396668910980225
-0.10313102602958679,-0.21414409577846527,0.8072539567947388
-0.9048059582710266,-0.08068202435970306,1.2816073894500732
-0.21948136389255524,0.1294248104095459,1.5740307569503784
-0.41113173961639404,0.2558401823043823,1.0680431127548218
0.12115828692913055,0.16136273741722107,1.4801199436187744
-0.6930928230285645,0.01626913994550705,1.3121870756149292
-0.4173216223716736,0.14391489326953888,1.2644909620285034
-0.25961440801620483,0.05168383568525314,1.5350526571273804
-1.006251335144043,0.19444553554058075,0.7406038045883179
-0.022456955164670944,0.038787804543972015,0.7673942446708679
-0.032357171177864075,0.22411656379699707,1.3278313875198364
-0.8818568587303162,0.3345262408256531,1.172286033630371
-0.15114545822143555,-0.6956795454025269,0.9048640131950378
-0.8833997249603271,0.4340363144874573,0.9896613955497742
0.16512082517147064,0.1910666525363922,1.2483928203582764
-0.7762302160263062,0.3120307922363281,1.076449990272522
0.30033791065216064,0.40385717153549194,1.1336431503295898
0.3232482075691223,-0.1787191927433014,0.8858702778816223
-0.5419068932533264,0.38772642612457275,0.4556501805782318
0.027936846017837524,-0.3357566297054291,1.4315513372421265
-0.6373247504234314,0.6036216616630554,0.6658985614776611
-0.553372859954834,0.3757709562778473,1.132794737815857
0.16856573522090912,0.11017726361751556,1.1362513303756714
0.025605402886867523,0.34174051880836487,1.249133586883545
-0.07923510670661926,0.4848981499671936,0.8905259370803833
0.2705734372138977,0.3733806610107422,0.8904498815536499
0.1743776500225067,-0.11310617625713348,1.4594645500183105
0.1759217232465744,-0.5187026858329773,1.0669294595718384
-0.4725860059261322,0.7111098170280457,1.0918986797332764
-0.08592838793992996,-0.02194029837846756,1.3757160902023315
-0.049173593521118164,-0.06509722024202347,1.4106613397598267
0.13043808937072754,-0.05960138142108917,1.1445820331573486
-0.49941036105155945,-0.011678241193294525,1.3166025876998901
-0.7849713563919067,-0.09948675334453583,0.955220639705658
-0.4466044008731842,0.6851423382759094,0.9811586737632751
0.346057653427124,-0.046046219766139984,1.3607507944107056
0.2891383767127991,0.4412173330783844,0.9816865921020508
-0.7502384185791016,0.008331183344125748,1.4157817363739014
-0.7381696701049805,-0.5090968608856201,1.1231173276901245
-0.815324068069458,0.035490483045578,1.3888745307922363
-0.8174896240234375,-0.4996062219142914,1.0529676675796509
0.11231069266796112,0.1427590698003769,0.9937857985496521
0.25178879499435425,0.23207545280456543,1.0126680135726929
-0.5783531665802002,0.731519341468811,0.7087298631668091
0.39296916127204895,-0.3877315819263458,0.8505932092666626
-0.17053048312664032,0.10153831541538239,1.5760276317596436
-0.8414273858070374,0.3565308451652527,1.0681270360946655
-0.10068106651306152,0.48026958107948303,1.0090272426605225
-0.05884140729904175,0.012575753033161163,1.5588963031768799
-0.1772758662700653,0.00042491406202316284,1.214365839958191
-0.012333612889051437,0.3556460738182068,1.0307868719100952
-0.30592161417007446,0.6029671430587769,1.1286729574203491
0.08915357291698456,-0.08360153436660767,0.8692330121994019
-0.11476653814315796,0.49932143092155457,0.8629298210144043
0.2653084099292755,0.01515292376279831,1.0284794569015503
-0.039913296699523926,-0.07057612389326096,1.510305404663086
-0.1248670294880867,0.545386016368866,0.7635351419448853
0.3995223641395569,0.3944029211997986,1.1460813283920288
-0.24827887117862701,0.1741837114095688,1.5624710321426392
0.3463134765625,-0.30212682485580444,1.1779630184173584
0.21444155275821686,-0.09121957421302795,1.1008386611938477
-0.07447060197591782,0.025348590686917305,1.291176438331604
-0.34358638525009155,-0.7554651498794556,0.7761873006820679
-0.6227906942367554,0.07091198861598969,1.356281042098999
-0.8738222122192383,0.10986658930778503,0.5719286203384399
-0.024562519043684006,-0.20488041639328003,1.3431215286254883
0.4030652940273285,0.22624190151691437,1.1683493852615356
0.21280880272388458,-0.2957855761051178,0.7736189365386963
-0.2686655521392822,-0.05394168198108673,1.256561517715454
-0.28268900513648987,0.2820143401622772,1.3129470348358154
-0.6356573104858398,0.1729927659034729,0.7617281675338745
-0.3295515179634094,-0.22383078932762146,1.213285207748413
-0.6960492134094238,0.12110608071088791,0.3977639973163605
-0.2309103012084961,0.2835114002227783,1.5450656414031982
-0.7042525410652161,-0.07227098196744919,1.245179295539856
-0.8838780522346497,-0.45482051372528076,0.8186464309692383
-0.5365297794342041,0.457827091217041,1.3518457412719727
0.20383110642433167,0.38294780254364014,1.0433541536331177
-0.6864694952964783,0.48116666078567505,1.2954082489013672
-0.030224144458770752,-0.3279588520526886,0.8875954151153564
-0.11556215584278107,0.3523368239402771,1.0323610305786133
-0.5730413198471069,0.6722543239593506,1.0670130252838135
0.2889834940433502,-0.21162867546081543,0.8684311509132385
-0.13008880615234375,0.10738673806190491,1.1263667345046997
-0.4453551173210144,0.1289457380771637,1.4729580879211426
-0.1075945496559143,0.45198512077331543,1.0724866390228271
-0.2452925145626068,0.2602677345275879,1.5501940250396729
-0.5405136346817017,0.08408196270465851,1.1451321840286255
-0.6926375031471252,0.205305814743042,0.8576056957244873
-0.6801334023475647,0.07370653003454208,0.615811288356781
-0.17862024903297424,-0.03220704197883606,1.1747881174087524
-0.4754265248775482,0.662321925163269,0.6500309109687805
0.23686113953590393,-0.5870836973190308,0.9344693422317505
-0.27352261543273926,0.6280122995376587,1.003891944885254
-0.5629873871803284,0.07548053562641144,0.84046870470047
0.3218550980091095,-0.09354963153600693,1.3188351392745972
0.045058563351631165,0.3959236145019531,1.3967136144638062
-0.12586697936058044,-0.28698402643203735,0.9573841094970703
-0.05071580037474632,-0.23152600228786469,1.2530124187469482
0.35695961117744446,0.0021147578954696655,0.9868195056915283
0.35559728741645813,0.2416725754737854,1.1406292915344238
-0.4171191453933716,0.3409518301486969,1.4020156860351562
0.28036636114120483,-0.5397428870201111,0.7604607343673706
-0.22082822024822235,-0.38092881441116333,1.3676804304122925
-0.5669718384742737,-0.22357460856437683,1.433038592338562
-0.05684107542037964,0.4673370122909546,1.3927451372146606
-1.004354476928711,0.17140862345695496,0.7341853380203247
-0.22451801598072052,-0.47189801931381226,1.081661343574524
-0.6857611536979675,0.6396746039390564,0.801700234413147
-0.21563395857810974,-0.31368356943130493,1.437635898590088
-0.2278585284948349,-0.7479457855224609,0.7917156219482422
-0.5048440098762512,0.35679176449775696,1.1562998294830322
-0.3394487500190735,0.6249217987060547,0.8272760510444641
-0.46023887395858765,-0.1976025104522705,1.472242832183838
-0.006144210696220398,-0.3377513289451599,1.0155057907104492
0.3933870792388916,0.21283601224422455,1.0045698881149292
-0.6101371049880981,0.44953805208206177,1.2189289331436157
0.012806234881281853,-0.0007488392293453217,1.326188564300537
0.1095106303691864,0.3013339638710022,1.284340500831604
-0.42619767785072327,-0.2797994613647461,1.1498157978057861
-0.27994483709335327,-0.6298325657844543,1.1953128576278687
0.22739526629447937,0.2904437780380249,1.2728196382522583
-0.09984593093395233,-0.11923854798078537,1.5639920234680176
-0.015167489647865295,-0.5152698755264282,1.1212239265441895
0.01561620831489563,0.4646565914154053,1.0317482948303223
-0.2110215723514557,-0.292997270822525,1.4063047170639038
-0.5232171416282654,0.7593643665313721,0.7296714782714844
0.26604101061820984,0.20669881999492645,1.2135887145996094
-0.6169062256813049,0.23489129543304443,1.340216875076294
-0.045349642634391785,0.459966242313385,1.041426181793213
-0.1625673472881317,-0.18463745713233948,1.508543848991394
0.33427974581718445,0.01758570969104767,1.2767401933670044
0.44265514612197876,-0.2912142276763916,0.8410931825637817
-0.5942268371582031,0.5672474503517151,0.9467613697052002
-0.280316025018692,-0.3538956046104431,0.9816412329673767
0.028868019580841064,-0.3267395496368408,0.9444016218185425
0.0462568998336792,-0.1602781116962433,1.2477978467941284
-0.13372085988521576,-0.5935590267181396,1.0631978511810303
-0.20597518980503082,0.6066502928733826,1.1151456832885742
-0.5220367908477783,-0.05615958571434021,1.1839860677719116
-0.15343217551708221,0.19823604822158813,1.5657330751419067
-0.4934609532356262,-0.5944399833679199,1.119350552558899
-0.028718896210193634,0.4426840543746948,1.082054853439331
-0.40393850207328796,-0.1413114070892334,1.464547038078308
0.42283061146736145,0.45036816596984863,0.8384082317352295
-0.8372380137443542,-0.07718757539987564,0.45064452290534973
0.09610846638679504,0.7405227422714233,0.7520308494567871
-0.1247694343328476,0.1550779640674591,1.557173252105713
-0.7580980062484741,-0.07179460674524307,1.401857852935791
-0.2506992518901825,-0.37045949697494507,1.024996042251587
0.4104245901107788,0.12733332812786102,1.102097749710083
-0.31039687991142273,0.7621517181396484,0.820776104927063
-0.2498539686203003,-0.5453893542289734,0.7707123160362244
0.22106513381004333,-0.022640258073806763,1.2768330574035645
0.05162913352251053,0.056400034576654434,1.1945070028305054
-0.7542819380760193,0.4415754973888397,1.1959166526794434
-0.8095309734344482,0.23699332773685455,0.5521315336227417
-0.4952996075153351,-0.020094677805900574,1.0686110258102417
0.09678450226783752,-0.49408265948295593,0.9656122922897339
-0.3630053400993347,0.2636105716228485,0.7553629875183105
-0.29023778438568115,0.6600581407546997,1.080922245979309
-0.6371622681617737,0.1426878124475479,0.7710839509963989
-0.45715323090553284,-0.23745626211166382,1.398829460144043
0.05268532782793045,0.21866917610168457,1.3010138273239136
0.2647056579589844,0.5427588224411011,0.9296894073486328
0.18651723861694336,0.05712840333580971,1.4391343593597412
-0.6632059812545776,0.3698734641075134,0.40636345744132996
-0.09469205141067505,-0.2116834968328476,1.2489793300628662
-0.5338850021362305,0.032767221331596375,0.9200538992881775
-0.00763716921210289,0.23903246223926544,1.397684097290039
-0.7933604717254639,0.14351731538772583,1.371018886566162
0.12440571188926697,-0.17505453526973724,1.2761694192886353
0.24172721803188324,0.15259689092636108,1.3826920986175537
0.24186114966869354,-0.2636795938014984,1.0543586015701294
0.05063984543085098,-0.5491741299629211,0.9897488355636597
0.5207605957984924,-0.21816617250442505,0.8731171488761902
0.07764170318841934,0.05795881897211075,1.1977965831756592
-0.10655944794416428,-0.2763177454471588,0.7656447887420654
-0.3276897072792053,0.6728922128677368,0.9344248175621033
-0.2761298418045044,0.1809079945087433,0.8401128053665161
0.22790011763572693,-0.4952782392501831,1.1169549226760864
-0.38645604252815247,0.6940950751304626,0.8044078350067139
0.1870269626379013,0.11694039404392242,1.0834583044052124
-0.18624837696552277,-0.34452295303344727,0.9004889130592346
0.1508089005947113,0.22650212049484253,1.0160367488861084
-0.22663554549217224,-0.18498295545578003,1.270209789276123
-0.6534993648529053,-0.44065630435943604,0.5854727029800415
-0.03784207999706268,-0.16489994525909424,1.4022358655929565
0.2608429789543152,0.6231507062911987,0.7989693284034729
-0.12320254743099213,0.5497517585754395,1.143527626991272
0.14013901352882385,-0.3742181360721588,0.9719300270080566
0.22805556654930115,0.12236035615205765,0.8924494981765747
-0.15321175754070282,-0.7301806211471558,0.9316633343696594
-0.14760757982730865,-0.318486750125885,1.3382086753845215
0.22844800353050232,-0.19931505620479584,0.954642117023468
-0.03974052146077156,0.09810743480920792,1.479613184928894
-0.12911997735500336,0.4955277442932129,1.3826510906219482
-0.07868711650371552,0.2653633654117584,0.7720309495925903
0.07767163217067719,0.03891904279589653,1.0335626602172852
-0.8594311475753784,0.06860257685184479,1.1682472229003906
-0.3769482970237732,0.6988315582275391,0.8975849151611328
-0.0001925826072692871,0.08282755315303802,0.8792563676834106
0.3745475709438324,0.17740489542484283,0.7601085901260376
-0.5451378226280212,-0.2060302197933197,0.8417555689811707
-0.6318601965904236,-0.0348035991191864,1.423901915550232
0.09710350632667542,-0.5044623613357544,1.138494610786438
-0.46087390184402466,0.5799418687820435,1.3130626678466797
0.16583210229873657,0.1719338297843933,1.4436429738998413
-0.008345313370227814,0.18828091025352478,1.2838176488876343
-0.5154632329940796,0.11661219596862793,1.5192997455596924
-0.6234631538391113,-0.2256273329257965,1.035548210144043
-0.14058998227119446,0.7505911588668823,0.6241352558135986
-0.015839949250221252,-0.6995489597320557,1.0955910682678223
-0.09456109255552292,0.5534277558326721,1.0271263122558594
0.5117838382720947,-0.25820374488830566,0.8979337811470032
0.2167854905128479,-0.24610775709152222,0.8576151132583618
0.2582676410675049,0.306980699300766,1.3095988035202026
-0.2587144076824188,0.48771363496780396,1.1626354455947876
-0.3912712037563324,0.38574862480163574,1.4245843887329102
-0.26165062189102173,-0.5350813865661621,1.174785852432251
0.011418215930461884,0.33127036690711975,1.4673527479171753
-0.8751427531242371,-0.17396186292171478,1.1231796741485596
0.14969253540039062,0.5553224086761475,1.2498981952667236
-0.12747986614704132,0.34370356798171997,1.464158296585083
0.02261827513575554,-0.572467029094696,1.1341257095336914
-0.8627543449401855,-0.14726966619491577,1.1312403678894043
-0.333027720451355,0.0901617705821991,1.4324437379837036
0.04913146793842316,-0.09370418637990952,1.3860677480697632
-0.34156519174575806,0.27046260237693787,1.4540576934814453
-0.2072286605834961,0.2140410840511322,1.2026106119155884
-0.3261219561100006,-0.4699816107749939,1.234419822692871
0.32280153036117554,-0.3723430633544922,1.1290757656097412
-0.362322062253952,0.6619254350662231,0.7298310995101929
-0.2680272161960602,0.4379815459251404,1.2615118026733398
0.009910507127642632,-0.27204787731170654,1.0885601043701172
0.02202114462852478,-0.3839700222015381,1.4416230916976929
0.09093566238880157,-0.5509275197982788,1.108871340751648
0.24728991091251373,-0.06234949827194214,1.3286107778549194
0.10872940719127655,0.07711771130561829,1.2704023122787476
0.02416522055864334,-0.03371822461485863,1.2163594961166382
0.36433646082878113,-0.23566573858261108,1.0110156536102295
-0.5119180679321289,-0.3103061318397522,1.0041271448135376
-0.4172067642211914,-0.018301591277122498,1.512357234954834
-0.17317339777946472,0.40696603059768677,1.5159175395965576
-0.5492318868637085,0.5613117218017578,1.1027488708496094
-0.8380839228630066,-0.24669328331947327,0.8727207779884338
-0.4498979151248932,0.3007013499736786,1.0366730690002441
-0.47949719429016113,0.05926038324832916,1.2435745000839233
0.21456368267536163,-0.4910077154636383,0.9185243248939514
-0.42147260904312134,-0.19201211631298065,1.2548543214797974
0.09335599839687347,-0.17796027660369873,0.9959980845451355
-0.7324360609054565,0.3314307928085327,0.44741660356521606
-0.11517989635467529,0.49541157484054565,1.28917396068573
-0.3139529228210449,0.2062930166721344,1.400363802909851
-0.583665132522583,0.11124751716852188,1.4174271821975708
-0.2678287625312805,-0.4084453582763672,1.2825229167938232
-0.30324408411979675,-0.2742690443992615,1.380096435546875
0.306877464056015,0.4429965317249298,0.8078434467315674
-0.2171812504529953,0.4873000383377075,1.187379240989685
-0.2655155658721924,0.7404305338859558,0.7024080753326416
0.033489760011434555,0.34265828132629395,1.2806122303009033
0.15978960692882538,-0.14252223074436188,1.4820247888565063
-0.8607877492904663,0.46868154406547546,1.0659403800964355
-0.01775301620364189,-0.610557496547699,0.755718469619751
-0.9422647356987,-0.08777706325054169,0.9571148157119751
-0.21143728494644165,0.091057687997818,1.3023465871810913
-0.6604598760604858,0.04584496095776558,0.8593504428863525
-0.05332579463720322,-0.3198559284210205,1.0911645889282227
-0.12012003362178802,-0.22211959958076477,1.0321729183197021
0.5351260900497437,-0.09897783398628235,0.7823470830917358
-0.5372200608253479,0.038701966404914856,1.4402869939804077
-0.3998574912548065,0.5859604477882385,1.0417933464050293
-0.3477555215358734,0.3312997817993164,0.8464868664741516
-0.3149817883968353,-0.4249621331691742,0.7587535977363586
0.16177132725715637,-0.03719819337129593,1.1560935974121094
0.5427350997924805,0.17853519320487976,0.8100632429122925
0.11746077239513397,-0.13433757424354553,1.092786431312561
0.07111085951328278,0.025423564016819,1.320602297782898
-0.7113310098648071,0.6734576225280762,0.8405975699424744
0.25485551357269287,-0.17124445736408234,1.1653501987457275
0.41343289613723755,-0.06636732071638107,1.2802133560180664
-0.3068642318248749,-0.38998204469680786,1.3671419620513916
-0.09752240031957626,0.20371411740779877,1.5671929121017456
-0.6799395680427551,-0.014298534020781517,1.4001356363296509
-0.5238951444625854,0.22684581577777863,0.41162237524986267
0.05551078915596008,0.7130799889564514,1.0132635831832886
-0.5881256461143494,0.09648741036653519,1.088571548461914
-0.03157425299286842,0.7492733597755432,1.0641885995864868
-0.6357163786888123,-0.009371928870677948,0.976677417755127
-0.5035553574562073,0.056799158453941345,1.2748174667358398
0.03543233126401901,-0.007115393877029419,1.3497653007507324
-0.3050200343132019,-0.21079644560813904,1.5619313716888428
0.5083694458007812,-0.2174067348241806,0.8324647545814514
0.20864397287368774,-0.1326671838760376,1.1403300762176514
-0.15391820669174194,0.4771153926849365,1.4770234823226929
-0.6417626142501831,-0.21519102156162262,1.2280094623565674
-0.08295270055532455,0.3390181064605713,1.2959710359573364
-0.5086814761161804,0.7007125020027161,0.9393453001976013
0.12027250975370407,-0.2880116105079651,0.8900003433227539
-0.27430102229118347,-0.2650674283504486,1.5385531187057495
-1.0246849060058594,0.16464480757713318,0.7681161165237427
-0.36277973651885986,-0.3805675506591797,0.7531751394271851
-0.1252167522907257,-0.3339783549308777,1.3158725500106812
-1.0268419981002808,0.12104795128107071,0.9733632802963257
0.2893127501010895,-0.47571855783462524,0.9401843547821045
0.07011127471923828,0.2946976125240326,0.9417401552200317
-0.319442480802536,-0.1146339625120163,1.168520450592041
-0.5236285924911499,-0.08535119146108627,1.098311424255371
0.1714305728673935,-0.1899133175611496,1.2928569316864014
0.38167238235473633,0.1305810660123825,0.9424463510513306
0.04717894271016121,0.2752420902252197,1.2682740688323975
-0.25962668657302856,-0.43686768412590027,0.9837086796760559
-0.5913355350494385,0.07452597469091415,0.938239336013794
-0.6765745282173157,-0.4517325162887573,0.6484658718109131
0.19319771230220795,0.08198279142379761,0.845363974571228
0.005494818091392517,0.28212156891822815,1.382165551185608
-0.9435045719146729,0.1537684202194214,0.9142717123031616
-0.1301269233226776,-0.16939419507980347,1.1078624725341797
0.33565962314605713,0.49295079708099365,1.1448442935943604
0.3106820583343506,-0.022440550848841667,1.3638333082199097
-0.3273897171020508,0.6824077367782593,0.7766398191452026
-0.6898360252380371,0.09908625483512878,0.7739019393920898
-0.7541082501411438,0.36951369047164917,1.1506187915802002
0.264926940202713,-0.12079085409641266,0.9914895296096802
-0.22045466303825378,-0.6081758737564087,1.2589240074157715
0.10204963386058807,0.5590413808822632,1.1230194568634033
-0.2993530035018921,0.5302348136901855,1.4045268297195435
-0.2334912270307541,-0.2522553503513336,1.4477956295013428
-0.0684409886598587,-0.3703143000602722,1.4827402830123901
-0.6383525729179382,-0.07651457190513611,1.2967524528503418
0.20034193992614746,0.20278726518154144,0.7565456628799438
-0.0899820551276207,0.3188890814781189,1.1288650035858154
-0.9271132349967957,-0.09734539687633514,1.0346890687942505
-0.47684934735298157,0.021095743402838707,1.421273946762085
-0.06463019549846649,0.22188448905944824,1.366137981414795
-0.2487100064754486,0.6070480346679688,1.0486375093460083
-0.722797691822052,-0.004014540463685989,0.9542562961578369
0.0673670619726181,0.30395516753196716,1.262558102607727
-0.6138932108879089,0.1867419183254242,0.8347364664077759
0.09698671102523804,0.14990505576133728,1.14468514919281
-0.38868802785873413,0.29026737809181213,1.4217289686203003
-0.12091580778360367,0.3420051336288452,1.525010347366333
-0.05186523497104645,0.4171847999095917,1.3888146877288818
0.2242366373538971,0.5084925889968872,0.9393558502197266
0.047577567398548126,0.2413715124130249,1.1067378520965576
0.28194543719291687,0.1978466957807541,1.248329520225525
-0.7427975535392761,0.038204606622457504,1.0813133716583252
0.18062062561511993,-0.30352339148521423,1.1490528583526611
-0.13750238716602325,-0.4779757261276245,1.066589593887329
-0.6683459877967834,0.5729082226753235,0.5118695497512817
-0.03852054849267006,-0.2761099934577942,0.8452811241149902
-1.0056324005126953,0.19463340938091278,0.7407242059707642
-0.2026388794183731,0.652230441570282,0.8395174145698547
-0.147038072347641,0.2192724645137787,1.262990951538086
-0.5520492196083069,0.0022227391600608826,1.3554317951202393
-0.2304787039756775,0.32211193442344666,1.3681542873382568
0.05082214996218681,0.296231746673584,0.8091627359390259
0.1029462069272995,-0.3831431567668915,1.1393356323242188
-0.4499052166938782,0.22941122949123383,1.227560043334961
-0.10364536195993423,0.57669997215271,1.013603925704956
-0.2890644073486328,-0.2749318778514862,1.403688907623291
-0.2600952386856079,0.18829424679279327,1.5617163181304932
-0.8612812161445618,-0.352749764919281,0.9346551895141602
-0.3318852484226227,0.6189222931861877,0.9451212882995605
0.1351085901260376,0.1667730212211609,1.061905860900879
-0.7131223678588867,-0.018737509846687317,0.8240628242492676
0.26168861985206604,0.2237366884946823,0.9620950222015381
-0.6963862776756287,-0.032610513269901276,1.3302538394927979
0.29047518968582153,0.5035050511360168,1.1198078393936157
-0.2864004671573639,-0.2203490436077118,1.3140103816986084
-0.6485187411308289,0.3351089060306549,0.9629050493240356
-0.17441006004810333,0.7069504857063293,1.0720603466033936
-0.5182431936264038,-0.1962745189666748,0.7505344152450562
-0.6227132081985474,0.6427255868911743,1.141979694366455
-0.23579566180706024,0.14194324612617493,1.5686050653457642
-0.6946834325790405,0.08785921335220337,0.7484042048454285
-0.37983009219169617,0.28720203042030334,1.5436214208602905
0.035507723689079285,0.22765006124973297,1.259855031967163
-0.7266408801078796,-0.4108434021472931,1.2971776723861694
-0.10597175359725952,0.1836785525083542,1.169037103652954
-0.12693637609481812,0.04959231615066528,1.168228268623352
-0.1472793072462082,-0.3445272445678711,1.4361821413040161
0.21907004714012146,0.2570868730545044,1.416915774345398
-0.3321188986301422,0.7090444564819336,0.9350437521934509
0.15875881910324097,0.28186166286468506,1.1417142152786255
0.07747432589530945,-0.01725000888109207,0.912821352481842
0.48432794213294983,-0.027052786201238632,0.9830284714698792
-0.9865604639053345,0.13962043821811676,0.6166859269142151
-0.21066610515117645,0.608992338180542,1.0556211471557617
-0.29361316561698914,-0.2847745716571808,0.8285304307937622
-0.2802865505218506,-0.5435203313827515,0.9552679061889648
0.06951247155666351,0.08953846246004105,0.8658797144889832
-0.060212403535842896,0.5403745770454407,0.87235426902771
0.39112889766693115,0.26270997524261475,1.2552317380905151
-0.565517008304596,-0.11568145453929901,1.261006236076355
-0.24692051112651825,-0.3449314534664154,1.202744960784912
-0.3778195381164551,-0.37872180342674255,1.4580739736557007
0.07373028993606567,0.08344127237796783,1.5050209760665894
-0.03539995104074478,0.1017729640007019,1.0312412977218628
-0.1605425775051117,0.4803650379180908,0.906217634677887
0.008426308631896973,0.0173264741897583,1.2722851037979126
-0.3587702214717865,0.7190203070640564,1.1324028968811035
-0.48559534549713135,0.42494967579841614,1.2260609865188599
-0.039052464067935944,0.10994796454906464,1.562639832496643
-0.3270987570285797,-0.2926446199417114,1.449286699295044
-0.8724247813224792,0.06676771491765976,1.171114206314087
-0.38937464356422424,0.01034458726644516,1.4131171703338623
-0.5797375440597534,-0.5108386874198914,1.2239494323730469
-0.003636036068201065,0.1420711874961853,1.1216250658035278
-0.4653645157814026,-0.5258934497833252,1.2716008424758911
-0.07151739299297333,-0.38969314098358154,0.9028620719909668
-0.5403275489807129,-0.10152000933885574,1.245222806930542
-0.7620441913604736,0.1687895506620407,1.2278707027435303
-0.3193189799785614,-0.17998333275318146,1.4525415897369385
-0.5670164227485657,0.07777656614780426,0.6807153820991516
-0.045508742332458496,-0.08077819645404816,1.3097509145736694
-0.5570432543754578,0.31172463297843933,1.367179036140442
0.2406764179468155,0.19114859402179718,1.2931793928146362
0.005295254290103912,-0.07018686830997467,1.2311211824417114
-0.21385198831558228,0.6480012536048889,0.9378997087478638
-0.02119000256061554,0.2914319932460785,1.3756943941116333
-0.025689944624900818,-0.2846272885799408,1.3543295860290527
-0.4809471666812897,-0.5001382827758789,1.1998761892318726
0.01775563508272171,-0.14521928131580353,1.322431206703186
0.008155092597007751,0.2539312243461609,0.9734203219413757
-0.6984381079673767,-0.6352754831314087,0.9121477603912354
-0.04051274061203003,0.02150430530309677,0.7555408477783203
-0.6771146655082703,0.18016169965267181,1.2474225759506226
-0.8158118724822998,-0.011584252119064331,1.3402851819992065
-0.8123547434806824,-0.171415776014328,1.2463774681091309
-0.06413348019123077,0.7833390235900879,0.7893309593200684
-0.1705026775598526,0.12638810276985168,1.5725468397140503
0.09059222042560577,0.2746029198169708,1.0121564865112305
-0.269051194190979,-0.1290261596441269,1.5587283372879028
0.08277631551027298,-0.14090189337730408,1.1227084398269653
0.02100059762597084,0.19737248122692108,1.3100184202194214
-0.3190547823905945,-0.35896188020706177,0.8259664177894592
0.08576823770999908,-0.3658050000667572,1.2770909070968628
-0.6229467391967773,0.3263564705848694,1.4502995014190674
-0.390552282333374,0.27241113781929016,1.3837372064590454
-0.5404221415519714,0.2063063681125641,1.179503083229065
0.38058969378471375,0.32022204995155334,1.2344547510147095
-0.9097023010253906,0.2573525905609131,1.2082443237304688
-0.2515476644039154,-0.13623324036598206,1.543216586112976
-0.4689120054244995,0.37828266620635986,1.310512661933899
-0.00021426379680633545,0.6460296511650085,1.1265943050384521
-0.4646127223968506,0.6516755819320679,1.0880742073059082
-1.0136206150054932,0.13564854860305786,1.0168532133102417
0.11816341429948807,-0.5868733525276184,1.2230596542358398
-0.170183464884758,0.5075568556785583,1.37371027469635
0.053688302636146545,0.26530104875564575,1.1158725023269653
-0.49207839369773865,-0.6202492713928223,1.250800371170044
0.23816928267478943,-0.10143977403640747,0.9286239147186279
0.09155172109603882,-0.37922945618629456,1.086098074913025
-0.5956773161888123,0.3268984854221344,0.8702337741851807
0.2850247919559479,0.029731277376413345,1.3437422513961792
-0.3454633355140686,-0.27718234062194824,1.439352035522461
-0.06995800137519836,0.2476082742214203,1.138343095779419
-0.013741493225097656,0.43076708912849426,1.0145100355148315
-1.0033326148986816,-0.09456126391887665,0.9406918287277222
-0.18171580135822296,-0.2778779864311218,1.0994948148727417
0.13715890049934387,0.2427869290113449,1.3114566802978516
-0.0843278095126152,-0.15413254499435425,1.1563305854797363
-0.6325997710227966,0.5103614926338196,0.618399441242218
0.16624382138252258,0.4227087199687958,0.8060497045516968
0.001054920256137848,-0.24094805121421814,1.150410771369934
0.09648340195417404,0.5147002339363098,1.0812718868255615
-0.06790868937969208,0.5362158417701721,1.1833792924880981
0.00563812255859375,-0.29165852069854736,1.5073728561401367
-0.4021795392036438,-0.561707079410553,1.2570295333862305
-0.8368793725967407,-0.10120488703250885,1.2924531698226929
0.0652688592672348,0.017582669854164124,1.0987205505371094
-0.5112023949623108,-0.5047365427017212,1.060685157775879
-0.07732027769088745,0.41167405247688293,0.9580636024475098
0.4162452518939972,0.07160894572734833,0.9896335601806641
-0.0031067579984664917,-0.04756119102239609,1.3020317554473877
0.26843714714050293,0.3369278907775879,0.7940489053726196
-0.8052808046340942,0.563165545463562,0.8073805570602417
0.13761217892169952,0.07023470848798752,1.5191072225570679
-0.3858602046966553,0.24489188194274902,1.5620096921920776
-0.7707080841064453,0.37628698348999023,0.6081475615501404
-0.836234450340271,-0.37955689430236816,0.5286274552345276
0.05216563120484352,0.09569308161735535,0.9943687915802002
0.24046795070171356,-0.07755742967128754,0.9625272750854492
-0.16307325661182404,-0.45875415205955505,1.2779070138931274
-0.5683128237724304,-0.13163837790489197,1.3215713500976562
-0.7120581865310669,0.6240106821060181,0.6373345851898193
-0.5612660050392151,0.19946074485778809,0.8412549495697021
0.07488066703081131,0.2396397888660431,1.4745678901672363
-0.8881120681762695,-0.10115224868059158,0.9305738210678101
-0.40020841360092163,0.022666610777378082,1.2774255275726318
-0.7083181738853455,-0.0025480836629867554,1.4575241804122925
-0.35579532384872437,-0.46104633808135986,0.9174090027809143
-0.02640688233077526,-0.5540814399719238,1.1924806833267212
-0.3166099488735199,0.7082964181900024,0.9998629093170166
-0.23629119992256165,0.37558281421661377,0.8469440340995789
0.06076844781637192,0.1814756840467453,1.2614805698394775
0.5250986218452454,-0.022232037037611008,0.9788759350776672
0.5088801383972168,-0.24382440745830536,0.8172645568847656
-0.7408432364463806,-0.33294984698295593,1.223413109779358
0.38117218017578125,-0.416294664144516,0.8195441961288452
-0.10245414823293686,-0.12068793922662735,1.445731520652771
-0.6540120244026184,-0.5535069704055786,1.1581404209136963
0.012448353692889214,-0.7353255748748779,0.9745548367500305
-0.5668412446975708,0.5004063248634338,1.1743581295013428
-0.9818354845046997,0.3169075846672058,0.8211594820022583
-0.12860000133514404,-0.17438457906246185,1.564235806465149
0.01818200945854187,0.4279252886772156,1.0735050439834595
-0.32044798135757446,0.6818100810050964,1.182249903678894
-0.06755828112363815,0.010597249493002892,1.0836316347122192
0.23557338118553162,0.01511838473379612,1.383833408355713
-0.35357874631881714,-0.41353774070739746,1.0261085033416748
0.16063866019248962,0.38122299313545227,1.0813391208648682
-0.7743381857872009,-0.046455834060907364,0.742793083190918
-0.15763740241527557,-0.2784935235977173,0.8102465271949768
0.1450490802526474,0.3231739103794098,1.154201865196228
-0.26511049270629883,-0.24024686217308044,1.0665769577026367
-0.12034110724925995,0.4490516781806946,0.9766747951507568
-0.1750669628381729,-0.23979875445365906,1.327298879623413
-0.01932636648416519,-0.20626351237297058,1.369682788848877
-0.518437385559082,0.0970025360584259,1.3670504093170166
-0.7485302686691284,-0.2999565899372101,0.7174371480941772
-0.39754197001457214,-0.1912444829940796,1.437276005744934
-0.4815359115600586,0.37624138593673706,0.9750723242759705
-0.3230847120285034,-0.33153414726257324,1.1288981437683105
-0.4280014932155609,0.004218846559524536,1.2681798934936523
-0.3917549252510071,0.09607261419296265,1.368725061416626
-0.7692737579345703,-0.04282592982053757,1.3836973905563354
-0.5150121450424194,0.23839515447616577,0.8505746126174927
0.14823982119560242,-0.42225381731987,1.3475111722946167
-0.6725925207138062,-0.12933743000030518,0.8036558032035828
-0.6380613446235657,-0.6216229200363159,0.9860988259315491
0.03779586777091026,0.24264463782310486,0.7699226140975952
-0.20817504823207855,0.172210693359375,1.1948821544647217
-0.07262691855430603,-0.48417341709136963,1.0731656551361084
-0.16413697600364685,-0.06995566934347153,1.571042537689209
-0.5349055528640747,-0.3299807906150818,1.1407461166381836
-0.5949162840843201,0.2901211977005005,1.4744114875793457
0.45004671812057495,0.41672348976135254,0.7528820037841797
-0.5520564317703247,-0.11746488511562347,0.7742588520050049
-0.3530743420124054,0.3015885055065155,1.5420125722885132
-0.18223653733730316,0.19769707322120667,0.8647583723068237
-0.04894600808620453,-0.6281765699386597,0.8020695447921753
-0.5779098868370056,0.2635629177093506,0.40032124519348145
0.056824520230293274,0.6719411611557007,1.185349941253662
-0.21964409947395325,0.6048104166984558,1.3232313394546509
-0.30168408155441284,-0.5386149883270264,1.3476316928863525
0.14314004778862,-0.07326410710811615,1.0484347343444824
-4.071742296218872e-05,-0.40203654766082764,1.2928189039230347
-0.3256741166114807,0.2628011703491211,1.548395037651062
-0.563841700553894,-0.23321138322353363,1.0618014335632324
-0.19880451261997223,-0.061166249215602875,1.5661238431930542
-0.9182581305503845,0.17181630432605743,0.9014614820480347
-0.5002422332763672,0.42740967869758606,1.1013364791870117
-0.3044493794441223,0.5138599872589111,1.1508017778396606
0.2874602675437927,0.31169208884239197,1.0685389041900635
-0.14181506633758545,0.0006159298354759812,1.5738239288330078
-0.36724919080734253,0.2814396917819977,1.519338846206665
-0.4669613838195801,0.2160630226135254,1.5416343212127686
-0.4152626395225525,0.31992095708847046,1.3807979822158813
-0.4414964020252228,0.08042491972446442,1.4415253400802612
-0.16975289583206177,-0.1523934006690979,1.0584458112716675
-0.28300005197525024,-0.5068610310554504,1.2555078268051147
-0.4187464118003845,-0.19170249998569489,1.5100069046020508
0.17535340785980225,0.4694640636444092,1.1202976703643799
-0.789614200592041,-0.2579340934753418,1.2789369821548462
0.10695082694292068,0.056688740849494934,1.5160802602767944
-0.05556224286556244,0.3871309757232666,1.4147409200668335
-0.212684765458107,0.22084471583366394,1.5648268461227417
0.03300367295742035,0.751831591129303,0.7449394464492798
-0.6660983562469482,-0.2626354694366455,0.9956907033920288
-0.0922311395406723,0.018678728491067886,1.5674861669540405
-0.3143933117389679,-0.46644511818885803,1.3755407333374023
0.263072669506073,-0.06110973656177521,0.8021477460861206
-0.04202809929847717,0.3997654616832733,1.4085140228271484
-0.005398303270339966,0.4661603271961212,0.8796389102935791
0.04822990670800209,0.19409756362438202,0.8459334373474121
-0.057812437415122986,0.07290126383304596,1.2797735929489136
-0.1844988614320755,-0.4543309807777405,1.2975319623947144
-0.04242544621229172,0.6089407205581665,0.7717440724372864
-0.22582769393920898,0.02655966579914093,1.535931944847107
0.06532485038042068,0.11675693839788437,1.5091575384140015
-0.4340272843837738,0.08136210590600967,1.3559023141860962
-0.272688090801239,-0.5428289175033569,0.7974164485931396
-0.0279584601521492,-0.12372511625289917,1.2972803115844727
-0.04072815924882889,0.2665783166885376,1.2165586948394775
0.38183072209358215,-0.11594194918870926,1.2815889120101929
-0.056420691311359406,-0.41384854912757874,1.0336833000183105
-0.14450380206108093,0.6166799664497375,1.1143684387207031
-0.12111123651266098,-0.517548143863678,1.3438363075256348
0.1516532599925995,-0.1288754940032959,0.9576532244682312
-0.43899670243263245,0.5986507534980774,1.07471764087677
-0.0009554252028465271,0.32730910181999207,0.9226118922233582
0.3843821883201599,-0.33565574884414673,1.2068586349487305
-0.15478390455245972,-0.47562175989151,1.0530318021774292
-0.013264250010251999,0.6157215237617493,0.8817243576049805
-0.8606095910072327,0.29645052552223206,1.0894358158111572
-0.1296207755804062,-0.05355216562747955,1.5651264190673828
-0.8058335185050964,-0.10949931293725967,0.818023681640625
0.08342278003692627,-0.06932449340820312,0.873923122882843
0.2137496918439865,0.05728314816951752,1.0949206352233887
-0.6233493685722351,0.5487777590751648,0.8367676734924316
0.11383101344108582,0.18595650792121887,1.0551868677139282
0.4266459345817566,-0.4182324707508087,0.9051520228385925
0.08174754679203033,0.22905081510543823,1.0618860721588135
0.32019203901290894,0.2307349145412445,1.3459700345993042
-0.2863055467605591,0.20461547374725342,1.5103657245635986
-0.17001868784427643,-0.043601732701063156,1.5755493640899658
-0.36182770133018494,-0.30593299865722656,1.308099627494812
-0.32311394810676575,-0.19876524806022644,1.0472434759140015
-0.38156062364578247,-0.15822549164295197,0.8312555551528931
-0.45188209414482117,-0.3809840977191925,1.4703302383422852
-0.5371458530426025,0.20573386549949646,1.3571842908859253
0.263160765171051,0.22588184475898743,1.0859233140945435
-0.5644832253456116,-0.03870110586285591,0.7747485041618347
-0.731439471244812,0.471151202917099,1.1917638778686523
0.030933938920497894,-0.341442734003067,1.278777837753296
-0.5275023579597473,0.2769131064414978,1.478165864944458
-0.6803873181343079,-0.6533428430557251,0.8976024389266968
-0.0952877625823021,-0.016139045357704163,1.452713131904602
0.2643361985683441,0.3548588156700134,0.7656160593032837
-0.2168828248977661,-0.47321709990501404,1.0326759815216064
-0.08679577708244324,-0.19128701090812683,1.5346113443374634
0.21025404334068298,-0.34088781476020813,0.7647669315338135
0.20531436800956726,0.4454330801963806,1.3279454708099365
-0.4935794174671173,-0.08590708673000336,1.5438838005065918
0.1039736419916153,0.25218862295150757,1.1447172164916992
0.3684978485107422,0.006337009370326996,0.8693841695785522
0.38740408420562744,0.09959347546100616,1.0012696981430054
-0.9712648987770081,0.08270132541656494,1.1745965480804443
-0.020733624696731567,-0.43509599566459656,0.9405806064605713
0.05806606262922287,-0.4388907849788666,1.2707738876342773
-0.12080687284469604,0.3392460346221924,1.3044096231460571
-0.048069603741168976,-0.1526416838169098,1.5512930154800415
-0.7440885305404663,0.23080523312091827,0.5228902101516724
0.021393142640590668,-0.39135581254959106,1.3646504878997803
0.11294037103652954,0.12922358512878418,0.9535955190658569
-0.04376351088285446,0.47528985142707825,0.9559003114700317
-0.024604573845863342,0.5967945456504822,1.21543550491333
-0.5774078965187073,-0.0865684449672699,1.3101048469543457
-0.8093909025192261,-0.35756605863571167,0.7073296308517456
-0.010367702692747116,0.23245815932750702,1.5162228345870972
-0.5637233257293701,0.012200620025396347,1.50819730758667
-0.41718220710754395,-0.3704395890235901,0.9526968598365784
0.1775655597448349,0.1128622442483902,0.802099347114563
0.000956609845161438,-0.23246634006500244,1.48236083984375
-0.6195950508117676,0.24982744455337524,0.8148466944694519
-0.5666300654411316,0.5280570983886719,0.5236048698425293
-0.5644053220748901,0.45382869243621826,0.8366886377334595
-0.5730735063552856,-0.6947752833366394,0.9063276648521423
-0.4419802725315094,-0.3564649224281311,1.4008510112762451
0.2430262267589569,0.5255963802337646,1.1662302017211914
-0.7550707459449768,-0.3741542398929596,1.182709813117981
-0.7535024285316467,-0.4511197805404663,1.104478359222412
-0.5376183986663818,0.1795940101146698,1.4443304538726807
-0.0029532425105571747,-0.14485958218574524,1.4587998390197754
-0.6830673813819885,-0.40970689058303833,1.2098675966262817
-0.5443868637084961,0.13011495769023895,0.8100452423095703
-0.6146879196166992,0.6301229000091553,0.5920736193656921
-0.7624436616897583,-0.38708195090293884,0.974682629108429
-0.29916876554489136,-0.06840698421001434,1.385392189025879
-0.08824492245912552,0.2170347273349762,1.3352227210998535
0.10304611921310425,0.1126197874546051,1.192137360572815
-0.10673947632312775,-0.4876538813114166,1.0693522691726685
0.08220887184143066,0.034653231501579285,0.8996882438659668
-0.6668709516525269,0.38424205780029297,1.3204063177108765
-0.15732342004776,0.17215299606323242,1.2979973554611206
0.24690502882003784,0.325079083442688,1.3473937511444092
-0.009247943758964539,-0.656785786151886,1.211696982383728
-0.6881613731384277,-0.07369779050350189,1.4116182327270508
0.24298793077468872,0.29944905638694763,1.2242956161499023
-0.39179813861846924,-0.3529747426509857,0.8153710961341858
-0.24050921201705933,0.5568039417266846,1.400909185409546
-0.6779516935348511,-0.5930035710334778,1.0457477569580078
-0.11584172397851944,0.25954148173332214,1.0628758668899536
0.24268999695777893,-0.05256574600934982,0.7651367783546448
-0.8451238870620728,-0.26314035058021545,1.1656310558319092
-0.4546504616737366,0.4394665062427521,1.2824333906173706
-0.29514017701148987,0.39776521921157837,0.7601968050003052
-0.6389243006706238,0.026965875178575516,1.3719127178192139
-0.5365424752235413,0.31543347239494324,1.3645988702774048
-0.062003180384635925,-0.4056946039199829,1.153624176979065
-0.486432284116745,0.7770496606826782,0.7557048797607422
-0.2515658140182495,-0.5614587664604187,0.8874742984771729
0.2031385898590088,0.26199108362197876,0.9089950919151306
-0.22604061663150787,0.3066839575767517,1.321469783782959
0.15961986780166626,-0.4448759853839874,1.2859610319137573
0.3210325241088867,-0.3877040147781372,0.7863216400146484
-0.2983325123786926,0.07293588668107986,1.5758635997772217
-0.42780283093452454,-0.41894009709358215,1.1249144077301025
-0.5671130418777466,0.15689532458782196,1.21169114112854
0.047936998307704926,0.267428994178772,1.2011792659759521
-0.051295191049575806,0.37638744711875916,1.2260810136795044
0.23687708377838135,0.02164033055305481,1.1554369926452637
-0.5488152503967285,-0.34709852933883667,1.1549270153045654
0.3527309000492096,0.27173691987991333,1.199509620666504
-0.1842726171016693,-0.435635507106781,1.3898353576660156
-0.35673588514328003,0.7228468656539917,0.5954407453536987
0.1847974956035614,0.4366314113140106,0.7603345513343811
0.17755739390850067,0.22212475538253784,1.2220391035079956
-0.2747953534126282,-0.3625642657279968,1.0221108198165894
-0.1604730486869812,-0.1565198004245758,1.4462260007858276
-0.4503962993621826,0.7181805968284607,1.0148098468780518
-0.0033756569027900696,-0.16834481060504913,1.223059892654419
-0.4282429814338684,-0.23000450432300568,1.2586508989334106
-0.31049418449401855,-0.2626148462295532,1.2862002849578857
-0.08664858341217041,0.6860204935073853,1.1703627109527588
-0.14851252734661102,0.1396370530128479,1.5487656593322754
-0.48157334327697754,-0.030618056654930115,1.117808222770691
0.2319585531949997,-0.3927362263202667,0.971549928188324
-0.03488367795944214,0.43294331431388855,0.8484418392181396
-0.6520776748657227,-0.3750767111778259,0.6657824516296387
-0.2636549174785614,-0.2939783036708832,1.528148889541626
-0.30393171310424805,-0.5441588759422302,0.9550694227218628
-0.07833918929100037,-0.19523406028747559,1.4620450735092163
-0.10337886214256287,0.3152983784675598,1.099263310432434
-0.12411707639694214,0.43984684348106384,1.4835821390151978
-0.4456482529640198,0.2058185338973999,1.266615390777588
0.12945908308029175,-0.08682814240455627,0.9336205124855042
-0.3518305718898773,-0.3521168529987335,0.8475999236106873
-0.18158812820911407,0.45175784826278687,1.2105331420898438
-0.5757589340209961,0.27681636810302734,0.7466086149215698
0.2781517803668976,-0.2808564007282257,1.0475659370422363
-0.7252159118652344,0.3529616594314575,0.552501916885376
0.41855624318122864,0.09805768728256226,0.8177245259284973
-0.18561163544654846,-0.09878300130367279,1.5723369121551514
-0.3320307433605194,-0.2174251675605774,1.3485605716705322
-0.2528987228870392,0.5470560789108276,0.8883909583091736
-0.6864427328109741,0.05141514539718628,1.2982709407806396
-0.8058568835258484,0.06531767547130585,1.007669448852539
0.042655542492866516,-0.3370693325996399,1.4084184169769287
0.42941802740097046,-0.3367437720298767,1.10200035572052
0.1828424632549286,0.48043787479400635,0.7804927229881287
-0.3780512511730194,0.10675550252199173,1.0981738567352295
-0.1829708218574524,0.28384214639663696,1.4297057390213013
-0.3451196849346161,-0.3798387050628662,1.4952597618103027
-0.5433264970779419,0.7129716873168945,0.7371807098388672
0.17183198034763336,-0.05921623110771179,1.4153555631637573
-0.623769998550415,0.09422436356544495,0.9118779897689819
0.17644080519676208,0.4278104901313782,1.109703540802002
0.05522974207997322,0.16174009442329407,1.0594125986099243
-0.0309818834066391,-0.19634628295898438,1.5488002300262451
0.03622911125421524,-0.3915742039680481,1.3282493352890015
-0.3289029002189636,0.7225291132926941,1.1277551651000977
0.37511658668518066,-0.029801294207572937,1.3266369104385376
-0.44373929500579834,-0.23741701245307922,0.8364934325218201
0.1521495282649994,0.05913122743368149,1.267325758934021
0.21117562055587769,0.40206170082092285,0.8977582454681396
0.27328360080718994,0.10748416185379028,1.3482486009597778
-0.6180738806724548,-0.11345751583576202,0.9465551376342773
-0.254425585269928,0.4125925600528717,1.251017689704895
-0.5612555742263794,0.3016514778137207,0.5941742658615112
-0.2590768039226532,0.46921253204345703,0.757141649723053
-0.4390442371368408,-0.12169167399406433,1.3042289018630981
-0.34803009033203125,0.21702760457992554,0.7901726365089417
-0.24583718180656433,-0.14905841648578644,1.2241402864456177
-0.07040208578109741,-0.39051952958106995,1.3986387252807617
-0.2583135962486267,0.4974682927131653,0.8052728772163391
-0.3954552710056305,0.16073906421661377,1.4586966037750244
0.2692618668079376,0.07413536310195923,1.3177109956741333
-0.21019163727760315,0.2829150855541229,1.348461627960205
-0.4792323112487793,-0.07768037915229797,1.2571029663085938
-0.03384798392653465,-0.14425894618034363,1.5544534921646118
0.22172409296035767,0.2364530861377716,1.1938246488571167
-0.0390351340174675,-0.0768796056509018,1.2951112985610962
0.03433457016944885,-0.5110935568809509,1.1868932247161865
-0.517251193523407,0.1276477426290512,0.8793812394142151
-0.4044039845466614,0.20511525869369507,1.4662821292877197
0.002115301787853241,0.39466744661331177,1.3597943782806396
-0.14934538304805756,0.47741472721099854,0.9206418991088867
-0.8957825899124146,0.0948951244354248,1.2624963521957397
-0.22304236888885498,-0.39179325103759766,1.2816011905670166
-0.06905535608530045,0.4687548279762268,1.0980666875839233
0.06170864403247833,0.37621670961380005,1.2950633764266968
-0.01878562569618225,-0.5061722993850708,1.106667160987854
-0.5612325668334961,0.7082059979438782,0.7641531229019165
-1.0018882751464844,-0.08556722849607468,0.9028809070587158
0.14866170287132263,-0.17224794626235962,1.333961009979248
-0.6774841547012329,-0.4404059648513794,0.6526687741279602
0.09892553091049194,0.21941044926643372,0.9645189046859741
-0.33677181601524353,-0.04601779580116272,1.4925650358200073
-0.5655940771102905,-0.3102099895477295,0.7292715907096863
0.4219624996185303,0.40518277883529663,0.994467556476593
-0.11816772818565369,-0.2625086009502411,1.0391871929168701
-0.7067210078239441,-0.3322776257991791,1.3749736547470093
0.09493379294872284,-0.20818579196929932,1.0322346687316895
-0.3390583097934723,-0.19427445530891418,1.5540153980255127
-0.6232455968856812,-0.3543919622898102,0.6693861484527588
-0.6936220526695251,-0.5254430770874023,1.0341241359710693
0.12474814802408218,-0.6797972321510315,0.7763892412185669
0.015238665044307709,-0.24731415510177612,1.1782212257385254
-0.20291005074977875,-0.25307488441467285,1.4692095518112183
0.18967998027801514,0.1529320627450943,1.431584358215332
-0.23485367000102997,-0.10325823724269867,1.1055563688278198
0.03830892965197563,-0.32675832509994507,1.2314317226409912
0.4584243595600128,0.12767930328845978,0.8054817318916321
-0.562267541885376,-0.10774417966604233,0.8839268088340759
-0.29371947050094604,-0.6789610385894775,1.1319307088851929
0.0542261078953743,0.16005347669124603,0.7771680355072021
-0.1932978630065918,0.33177733421325684,1.5377055406570435
-0.28464770317077637,-0.21692317724227905,0.8175003528594971
-0.5292550325393677,0.11831463128328323,1.28200101852417
-0.2680569291114807,0.6514894962310791,0.7884354591369629
0.08121869713068008,0.18849708139896393,0.8283318877220154
-0.5347962975502014,0.006721168756484985,1.547436237335205
-0.08087942004203796,-0.14415667951107025,1.564211130142212
0.0953984409570694,0.5088031888008118,1.2899837493896484
0.34826090931892395,0.21567514538764954,1.221705436706543
-0.32325834035873413,0.1855349987745285,1.2960084676742554
-0.8289168477058411,0.0001024790108203888,1.0249394178390503
-0.345676064491272,-0.48507532477378845,1.058577299118042
0.17827297747135162,-0.20187518000602722,1.3699429035186768
0.340732216835022,-0.33804982900619507,0.989010214805603
-0.11546923220157623,-0.3435809016227722,1.316920280456543
-0.4415748119354248,-0.22875754535198212,1.4659149646759033
-0.11046257615089417,-0.3963746130466461,1.283488154411316
-0.10167655348777771,0.02247326448559761,1.5611971616744995
-0.07954473048448563,0.12672217190265656,1.451198697090149
0.31010258197784424,-0.018103644251823425,1.2953619956970215
-0.6997183561325073,0.20859983563423157,0.6118006110191345
-0.7393022179603577,0.026785999536514282,1.162529706954956
0.16019724309444427,0.1245618537068367,1.468482255935669
-0.3976142704486847,0.6212981939315796,0.9460945129394531
-0.12811057269573212,0.18068796396255493,1.192953109741211
0.009523764252662659,0.5432292222976685,1.0010191202163696
0.09053327888250351,-0.11942467093467712,1.349902629852295
0.13147450983524323,-0.023623254150152206,1.3309749364852905
-0.6809251308441162,0.1422741711139679,1.3949015140533447
-0.2909008264541626,-0.4284265339374542,1.4305354356765747
0.07352174073457718,-0.28372108936309814,1.2027971744537354
-0.4043884873390198,0.2775130867958069,0.7870596647262573
0.04075654596090317,0.6148684024810791,1.1154632568359375
-0.4026148021221161,-0.4351312816143036,1.1106619834899902
-0.09711944311857224,0.45522162318229675,0.8077735304832458
-0.4795943796634674,-0.48503151535987854,0.997438907623291
-0.09602244198322296,0.3619067966938019,1.3459851741790771
0.28454679250717163,0.017793085426092148,1.2362658977508545
-0.4874025881290436,0.2673836946487427,0.8475918769836426
-0.44798940420150757,-0.16576062142848969,1.540693998336792
0.15120546519756317,-0.2770492136478424,0.9281802177429199
-0.08875323832035065,0.5302098989486694,0.7969707250595093
0.30547523498535156,-0.4997108578681946,0.9407994747161865
0.37834763526916504,0.0700872540473938,1.2153010368347168
-0.4302622079849243,0.06770913302898407,1.493811845779419
0.2887989580631256,-0.5612798929214478,0.7916025519371033
0.293174684047699,-0.31203362345695496,0.9871842265129089
-0.3887472450733185,-0.1819278597831726,1.3899955749511719
0.2699328660964966,-0.08399012684822083,1.1150712966918945
-0.21015800535678864,-0.6262781620025635,1.2127411365509033
0.22448578476905823,0.0893712192773819,1.0338037014007568
-0.0949551984667778,0.10818306356668472,1.57114839553833
-0.32364338636398315,0.6618763208389282,1.2053985595703125
0.16536632180213928,0.2738962173461914,1.4423038959503174
-0.07221317291259766,-0.329534649848938,1.2932891845703125
-0.17477579414844513,0.5389277935028076,1.0579876899719238
0.2156568169593811,-0.6047936081886292,0.8870730400085449
-0.49938350915908813,0.07190895080566406,0.7627999782562256
-0.20955853164196014,-0.31228283047676086,1.4006733894348145
0.08575211465358734,-0.31342679262161255,0.7965335845947266
0.06296410411596298,-0.5806467533111572,1.1285600662231445
-0.06706409156322479,0.22148555517196655,1.3831722736358643
-0.38553836941719055,0.22493089735507965,1.238368272781372
-0.34116217494010925,-0.7583778500556946,0.8313577771186829
-0.6275002956390381,0.3005448579788208,0.7412550449371338
-0.062019720673561096,-0.2097705453634262,1.1806464195251465
-0.6272051930427551,0.6176964044570923,0.7230707406997681
-0.040802471339702606,0.6677989959716797,0.7374182343482971
-0.3238352835178375,-0.10876131057739258,1.5671401023864746
0.03043203055858612,0.1813609004020691,1.2452212572097778
-0.4978190064430237,0.6823945641517639,0.9977840781211853
0.06410518288612366,-0.2894309163093567,1.4900782108306885
0.42674338817596436,0.44211545586586,0.9489114284515381
-0.19657593965530396,0.39413997530937195,1.393662691116333
-0.24491670727729797,0.8082540035247803,0.738603949546814
-0.21985536813735962,0.7036817669868469,1.2543240785598755
0.3651248812675476,0.04945160076022148,1.2799148559570312
-0.18316400051116943,0.5884162187576294,1.1143994331359863
-0.5906590223312378,-0.15756025910377502,1.5021113157272339
-0.5850566625595093,-0.6013556718826294,0.7409314513206482
0.008191317319869995,0.15053360164165497,1.2196297645568848
-0.11061018705368042,-0.22801703214645386,1.3975247144699097
-0.45414999127388,0.025156859308481216,1.1884714365005493
-0.1731489896774292,0.7637249231338501,1.0640356540679932
-0.6507790684700012,-0.34068402647972107,0.9612123370170593
0.08686904609203339,0.14188289642333984,0.852636456489563
-0.6658856868743896,0.23944228887557983,0.8462487459182739
0.344693124294281,-0.17545337975025177,0.9661532640457153
-0.3827901780605316,0.47218018770217896,1.1740128993988037
-0.1989392638206482,-0.30737167596817017,1.087531328201294
-0.36426109075546265,-0.34629616141319275,0.772567868232727
-0.4432736039161682,0.7348325252532959,1.0483444929122925
0.20696502923965454,0.0500977486371994,1.2686717510223389
-0.12670284509658813,0.11130554974079132,1.221818447113037
-0.4801017642021179,-0.07622965425252914,1.5602022409439087
-0.2423880249261856,-0.2333020269870758,1.5001468658447266
0.11704637110233307,0.04049025475978851,0.8556348085403442
0.0658213198184967,0.3127146363258362,1.0239009857177734
-0.37332677841186523,0.040060993283987045,1.3449889421463013
-0.44658851623535156,-0.09004941582679749,1.5315812826156616
-0.03049255907535553,0.0495600700378418,1.495254635810852
-0.05030103027820587,-0.758556604385376,0.8718010187149048
-0.08489535748958588,-0.1831740289926529,1.3332581520080566
-0.06285510957241058,0.6208333969116211,1.219994306564331
-0.9804015755653381,-0.18420127034187317,0.7951114773750305
0.12197371572256088,-0.1873316466808319,1.4944064617156982
-0.20191816985607147,-0.2178446650505066,1.4898160696029663
-0.012581601738929749,0.44402825832366943,1.1086540222167969
-0.11460749804973602,0.2948286533355713,0.9801360964775085
-0.10517393797636032,0.5005306005477905,1.0018441677093506
-0.08800206333398819,-0.21432673931121826,1.3346807956695557
0.32637712359428406,0.11108114570379257,1.0822588205337524
-0.8068442344665527,0.183950737118721,0.9920072555541992
-0.8622962832450867,0.07579411566257477,0.5365439653396606
0.08085048198699951,-0.03859250992536545,1.106607437133789
-0.23293550312519073,0.3233869671821594,0.7622959613800049
-0.30102473497390747,0.6295093894004822,1.2097028493881226
-0.014362264424562454,0.3130761384963989,1.1108217239379883
-0.14344041049480438,0.4260934293270111,1.2547751665115356
-0.21212778985500336,0.8195905089378357,0.9276472926139832
-0.3998018503189087,-0.029951082542538643,1.2434805631637573
-0.3515029549598694,0.37188437581062317,1.444374442100525
-0.47699612379074097,-0.25054171681404114,0.9740211367607117
-0.0035591311752796173,0.471682608127594,0.8838812708854675
0.1403156816959381,-0.1381896734237671,1.3720446825027466
-0.38434362411499023,-0.15868830680847168,1.4519435167312622
-0.09008581936359406,0.28661662340164185,0.7961618900299072
0.1427876204252243,0.12566308677196503,0.7803833484649658
0.38946962356567383,0.05321565270423889,0.7693372964859009
0.14589698612689972,0.2578611969947815,1.0394006967544556
0.30269333720207214,0.23692379891872406,1.3740644454956055
0.4784773588180542,-0.3030826449394226,0.7880497574806213
-0.413117378950119,-0.38713058829307556,1.397321343421936
-0.11038325726985931,0.35576194524765015,1.3198480606079102
-0.612169086933136,0.23488806188106537,1.3550200462341309
-0.7106912136077881,0.3160620331764221,0.7980145215988159
0.016377761960029602,-0.46981292963027954,1.1855604648590088
-0.02035507559776306,0.28165024518966675,1.0678879022598267
0.05088420957326889,0.03110046684741974,1.378085970878601
-0.9904813766479492,0.27482324838638306,0.7792192697525024
-0.48453372716903687,-0.5394130349159241,1.2631263732910156
-0.5241171717643738,0.2457919716835022,1.1592222452163696
0.1270028054714203,0.21114690601825714,0.7679017782211304
-0.16147106885910034,-0.2065260410308838,1.5566973686218262
-0.8135955333709717,-0.2714417576789856,1.1929914951324463
-0.4702533781528473,-0.11492699384689331,1.2877277135849
-0.927456796169281,0.2388841211795807,0.6491391658782959
-0.06917490065097809,0.009021326899528503,1.1927428245544434
-0.08387605100870132,-0.5777322053909302,1.1053686141967773
-0.835766077041626,0.1930394321680069,0.5600777864456177
-0.1051015704870224,0.43805599212646484,1.4711639881134033
-0.7216651439666748,-0.2964593172073364,1.0688831806182861
-0.011894531548023224,0.20118407905101776,1.3568856716156006
-0.24351780116558075,0.34689775109291077,0.9776720404624939
0.2788301706314087,-0.3120383620262146,1.1372140645980835
-0.8586300611495972,-0.2851155400276184,1.099314570426941
-0.0024352222681045532,0.2849389314651489,1.2186344861984253
-0.07855859398841858,0.14590008556842804,1.3974909782409668
0.02503061294555664,-0.39428821206092834,0.9882128238677979
-0.10847201198339462,0.675937294960022,1.2020536661148071
-0.28351330757141113,-0.5697701573371887,1.0951002836227417
-0.699127733707428,-0.1528492271900177,1.3849670886993408
0.013883598148822784,0.3233337104320526,0.948733389377594
0.14074818789958954,-0.5903699994087219,1.0126416683197021
-0.5542202591896057,-0.021773189306259155,0.8881981372833252
-0.1311224102973938,0.20726895332336426,1.5586233139038086
-0.08024054020643234,-0.6917060613632202,1.1557343006134033
-0.10494414716959,0.7837317585945129,0.7682778835296631
-0.017650887370109558,-0.3188053071498871,1.1414352655410767
-0.14492091536521912,0.6445648670196533,1.3266903162002563
-0.2645232677459717,-0.3654288053512573,1.4366977214813232
0.36949604749679565,0.3154115676879883,1.0554242134094238
-0.4505375027656555,0.40531986951828003,0.8993723392486572
0.028700321912765503,0.20672707259655,1.4378268718719482
-0.6345962285995483,0.04443595930933952,0.8517431616783142
0.35651838779449463,-0.30295947194099426,1.1603143215179443
-0.7074702978134155,-0.47201287746429443,1.2120730876922607
-0.4786226749420166,-0.12810295820236206,0.8632634282112122
-0.1785133183002472,0.17361119389533997,1.35393226146698
0.16151191294193268,-0.12299367040395737,1.4429874420166016
-0.37070363759994507,0.442648708820343,1.2621523141860962
-0.17617861926555634,0.5175176858901978,1.053565502166748
0.058232903480529785,0.3700537085533142,1.294752836227417
0.14515575766563416,-0.21518675982952118,1.1508305072784424
0.10688196122646332,0.002089761197566986,0.9388670921325684
0.03214368224143982,0.0882912427186966,1.2947286367416382
-0.16309288144111633,0.35332295298576355,0.7758448123931885
0.22477269172668457,0.01328800618648529,1.010495901107788
-0.48695096373558044,0.09254495799541473,1.3493602275848389
0.10845685005187988,0.16579067707061768,1.0551307201385498
-0.30525532364845276,0.7029178142547607,1.24423086643219
-0.14604592323303223,0.4603375494480133,1.2195007801055908
-0.41811251640319824,-0.3483123183250427,0.7953484058380127
-0.716535210609436,-0.3533099591732025,0.769196629524231
0.3496840298175812,0.45595496892929077,0.7955514192581177
-0.2687590718269348,0.44900643825531006,0.9825286865234375
0.33150413632392883,-0.06293586641550064,0.9227416515350342
-0.5530269742012024,0.08756759762763977,1.4597671031951904
-0.48995816707611084,0.31029820442199707,0.8564904928207397
0.07776494324207306,0.28858184814453125,1.1965575218200684
0.11519698053598404,0.10801106691360474,1.3250019550323486
-0.37977540493011475,-0.13490353524684906,1.5687992572784424
-0.6028842926025391,0.1048792153596878,0.8025341629981995
0.2553216218948364,-0.5858548283576965,0.7568047046661377
-0.7753258347511292,0.1216423287987709,1.1117751598358154
-0.40577808022499084,0.42452386021614075,1.4541289806365967
-0.27680450677871704,0.41987940669059753,0.8977355360984802
0.4470687806606293,-0.32196277379989624,1.0618884563446045
-0.27080237865448,0.7012416124343872,0.5999657511711121
-0.4169168472290039,0.6269459128379822,1.1667284965515137
0.1919286996126175,-0.34525102376937866,1.2274441719055176
-0.10500481724739075,0.15876269340515137,1.1279144287109375
-0.20732977986335754,0.4963891804218292,0.8131201267242432
0.016922056674957275,-0.31358447670936584,1.29909348487854
-0.28876224160194397,0.3041210174560547,1.094995379447937
-0.21453212201595306,-0.10912253707647324,1.1263880729675293
-0.2687389850616455,-0.33994999527931213,1.360432744026184
0.13562829792499542,-0.1675296127796173,0.8458316922187805
-0.6185821294784546,0.41656625270843506,1.3344743251800537
-0.3801621198654175,-0.2729060649871826,0.7649045586585999
-0.3511011600494385,-0.5800779461860657,1.278752088546753
0.08344614505767822,0.026329046115279198,1.5127068758010864
-0.15309716761112213,0.5667893290519714,0.9221115708351135
-0.73514723777771,0.2415556013584137,1.1222732067108154
-0.7568311095237732,0.09025506675243378,0.6887171864509583
0.1049375832080841,-0.6037517189979553,0.7812449336051941
-0.7482964992523193,0.4149128496646881,1.2461625337600708
-0.47243762016296387,0.4529601037502289,1.2025787830352783
0.23238886892795563,-0.2873063385486603,0.9707335233688354
-0.2425381988286972,-0.434568852186203,0.8578030467033386
0.01339276134967804,-0.18073759973049164,1.4757930040359497
-0.10061061382293701,0.3222701847553253,1.2346148490905762
-0.012564178556203842,-0.6321534514427185,1.137237787246704
0.21312889456748962,-0.47279414534568787,0.8091761469841003
-0.07515578716993332,0.09681683778762817,1.2036486864089966
-0.06572981923818588,-0.14991450309753418,1.3009380102157593
-0.5210624933242798,-0.19000473618507385,0.9072315096855164
-0.12558133900165558,0.1504988968372345,1.1960777044296265
-0.08792837709188461,0.4597879946231842,0.845135509967804
-0.6829160451889038,0.41110676527023315,0.9355669617652893
-0.18414470553398132,-0.1008281260728836,1.4899336099624634
-0.1702774167060852,0.752838671207428,0.9135063886642456
-0.26796433329582214,0.30272722244262695,1.3241125345230103
-0.502960205078125,0.050142206251621246,0.8370027542114258
-0.21059074997901917,-0.6244285702705383,1.1303547620773315
0.359714150428772,0.20626269280910492,1.3300777673721313
-0.3990071415901184,-0.016026124358177185,1.2840226888656616
-0.5252291560173035,0.26561349630355835,1.2398810386657715
-0.766067624092102,0.537163257598877,1.1667063236236572
-0.6241394281387329,-0.07496105134487152,0.6298392415046692
0.15497340261936188,0.2132335901260376,1.0246447324752808
-0.9979269504547119,0.10783979296684265,0.9361019134521484
-0.48366445302963257,-0.4660279452800751,1.0251243114471436
-0.036582157015800476,-0.07944023609161377,1.4995043277740479
-0.0609169527888298,-0.022254465147852898,1.541630744934082
0.26629024744033813,0.14242985844612122,1.3596078157424927
-0.3683002293109894,0.39504268765449524,0.8807373046875
-0.7367137670516968,-0.2548680007457733,0.8600321412086487
0.031054332852363586,0.33161628246307373,1.0896415710449219
-0.06516171991825104,0.2538783550262451,0.9532544016838074
-0.6542761921882629,0.6435664892196655,0.7349382638931274
-0.3126857876777649,-0.1972048580646515,1.5587396621704102
-0.6932035088539124,-0.03243356943130493,1.3372379541397095
-0.5450029373168945,-0.23399874567985535,0.8502706289291382
0.11713054776191711,0.34490665793418884,1.0397915840148926
0.31754976511001587,0.07574351131916046,1.1650296449661255
-0.6201550364494324,-0.0559016615152359,1.2075440883636475
-0.6367024779319763,0.25634172558784485,0.8993870615959167
-0.5687574744224548,0.0550752729177475,0.834476113319397
-0.21905624866485596,-0.17971231043338776,1.339248538017273
-0.5634742975234985,0.6062033772468567,0.896817684173584
0.10425576567649841,0.08764244616031647,1.3262196779251099
-0.38749122619628906,0.13515599071979523,1.557492733001709
0.24564310908317566,0.28566163778305054,1.2033576965332031
0.22901837527751923,-0.5618180632591248,1.1146787405014038
0.1506287008523941,0.1680801510810852,1.2287894487380981
-0.5402800440788269,-0.05784228816628456,0.8328753709793091
0.1556953340768814,0.2857338786125183,1.0926693677902222
0.02741800993680954,-0.23781245946884155,1.3136930465698242
-0.3859368562698364,-0.3172987997531891,0.7969455718994141
0.001150578260421753,0.4508069157600403,1.1197338104248047
0.19383880496025085,0.29294443130493164,1.0995688438415527
-0.21464237570762634,-0.1944868564605713,1.2779630422592163
-0.13130509853363037,0.563019871711731,1.0128767490386963
-0.7744773626327515,0.19546741247177124,1.174249529838562
-0.31180495023727417,-0.10832725465297699,1.4259737730026245
0.2649274170398712,0.4786125421524048,1.199294090270996
0.02318955957889557,-0.38612106442451477,1.3409615755081177
-0.020226258784532547,-0.3238608241081238,1.4047492742538452
0.3813264071941376,-0.14476843178272247,1.2229359149932861
0.0335109643638134,-0.12570682168006897,1.4761844873428345
-0.1507427841424942,0.3177446722984314,1.2522028684616089
-0.041222020983695984,-0.1664692610502243,0.7534272074699402
-0.1530323624610901,0.2175152450799942,1.5154399871826172
-0.18484413623809814,-0.25577136874198914,0.9570690393447876
-0.6524222493171692,-0.4339454174041748,0.6652563214302063
-0.3774261176586151,-0.13003574311733246,1.3641884326934814
-0.6936342716217041,-0.17388086020946503,1.2370513677597046
0.13611486554145813,-0.06786246597766876,1.5021368265151978
-0.009949803352355957,-0.07415075600147247,1.486196517944336
-0.8909257054328918,-0.164627805352211,1.2629919052124023
-0.048230305314064026,0.12502865493297577,1.06867516040802
-0.4258040487766266,0.4196961224079132,0.8580437898635864
-0.005718432366847992,-0.6456170678138733,0.928026556968689
0.161169171333313,0.48348185420036316,1.074139952659607
-0.5874441266059875,-0.1507083922624588,1.3710333108901978
-0.022250615060329437,0.38624149560928345,0.852297306060791
0.2901502251625061,0.3852998912334442,1.3085732460021973
-0.5010915398597717,-0.5038406252861023,1.2812083959579468
0.019585223868489265,0.4644865095615387,1.0705891847610474
0.1451335847377777,-0.0351472832262516,1.4741824865341187
-0.023236816748976707,-0.07089062035083771,1.2034189701080322
0.06847161054611206,-0.709959864616394,0.8659149408340454
-0.1777970939874649,0.27552229166030884,0.7846478819847107
-0.17973016202449799,-0.2331494688987732,0.7986369729042053
-0.8877803683280945,0.47130098938941956,0.9178874492645264
0.34624725580215454,0.2351040244102478,1.1412792205810547
-0.33792805671691895,0.44461220502853394,0.8296486139297485
-0.8459415435791016,-0.09627266228199005,1.2459555864334106
0.0523606576025486,-0.2995739281177521,0.9790194034576416
-0.3741765022277832,0.42281195521354675,1.2722663879394531
0.289135605096817,0.13422873616218567,1.2692384719848633
0.06817689538002014,-0.055941008031368256,0.959038496017456
-0.4068405032157898,0.45376667380332947,1.2347862720489502
-0.12763342261314392,0.43470603227615356,0.7943156957626343
0.04599786549806595,0.49494677782058716,0.8283764719963074
-0.40477436780929565,-0.5315791368484497,1.118693232536316
-0.010504398494958878,-0.14185433089733124,1.2204291820526123
-0.6643456220626831,-0.124845951795578,1.2364124059677124
-0.5187011361122131,-0.18576717376708984,1.4218930006027222
-0.4585314393043518,0.6679295301437378,0.8867560029029846
0.10432002693414688,0.543362021446228,1.0558264255523682
-0.5364359021186829,0.33379223942756653,1.182798147201538
-0.0587860532104969,-0.13080133497714996,1.5587214231491089
-0.6428186297416687,0.14857029914855957,0.39956891536712646
-0.09770683944225311,0.06667394936084747,1.5357990264892578
-0.29108914732933044,0.6231877207756042,0.9263220429420471
-0.17553874850273132,0.16164430975914001,1.389259934425354
-0.09951113909482956,0.3490740656852722,0.7782172560691833
-0.3711048364639282,-0.4257124960422516,1.3183084726333618
-0.2732692360877991,-0.291030615568161,1.2042535543441772
0.12158899009227753,0.46269237995147705,1.1874802112579346
-0.6017336845397949,0.21040792763233185,0.44846010208129883
0.013123489916324615,0.36288970708847046,1.0544896125793457
-0.05541247874498367,-0.10754949599504471,1.5539848804473877
0.21527329087257385,-0.5229254961013794,1.0109056234359741
-0.08370071649551392,-0.33615225553512573,1.3884788751602173
0.08180520683526993,0.2716533839702606,0.7666546106338501
-0.7679837346076965,-0.22437851130962372,1.0661861896514893
0.3584210276603699,0.11523595452308655,1.1076279878616333
0.408460408449173,-0.3566627502441406,0.8530852794647217
-0.22779712080955505,-0.33100152015686035,1.2762742042541504
-0.19823133945465088,-0.29003673791885376,1.5364965200424194
-0.7547054886817932,-0.12512631714344025,0.7357501983642578
-0.056170932948589325,-0.11940282583236694,1.3497345447540283
-0.06935156136751175,-0.34417593479156494,1.3964861631393433
-0.40287280082702637,0.10672459751367569,1.5635110139846802
0.06883683800697327,0.07786697149276733,1.3214043378829956
-0.16708317399024963,0.19203230738639832,1.2324564456939697
0.05598492547869682,0.18248356878757477,0.798444390296936
0.12366598844528198,0.01458363700658083,0.8069887161254883
0.2451726496219635,-0.16124770045280457,1.0042753219604492
-0.06705255806446075,0.5449345707893372,1.3015577793121338
0.1543121486902237,-0.3227716386318207,1.0724213123321533
0.282205730676651,-0.2962799072265625,0.7580786943435669
-0.1721973568201065,0.8036278486251831,1.0120280981063843
-0.14899328351020813,0.33593860268592834,1.1145877838134766
-0.00626540370285511,0.21732351183891296,1.2922968864440918
-0.570433497428894,0.05153936147689819,0.8982216715812683
-0.7536150217056274,0.25377801060676575,1.3597042560577393
-0.3750630021095276,0.08340507745742798,1.1067167520523071
0.017299801111221313,0.005796648561954498,1.4130936861038208
-0.5939841866493225,0.46720775961875916,1.2927477359771729
-0.4530431032180786,0.5043004751205444,1.2672929763793945
0.09042593836784363,-0.6503248810768127,0.7739372253417969
-0.05156852304935455,-0.13500282168388367,1.2058522701263428
0.23922792077064514,0.20767387747764587,1.2897024154663086
-0.0725632831454277,0.32675984501838684,0.8563179969787598
-0.007701806724071503,0.1666419804096222,1.3665753602981567
-0.05240004509687424,-0.32463669776916504,1.318623661994934
-0.2679091691970825,-0.4676271677017212,1.246659517288208
-0.10166309028863907,-0.47708961367607117,1.0824120044708252
-0.29844075441360474,-0.2734253406524658,1.5285289287567139
-0.4589841961860657,-0.1254500150680542,1.2022753953933716
-0.27330291271209717,-0.3717987835407257,1.0771363973617554
0.04851672053337097,-0.2116043120622635,1.1530935764312744
0.18015524744987488,-0.08525866270065308,1.1849639415740967
-0.5368881225585938,0.056607186794281006,0.43010827898979187
-0.020786520093679428,0.6527838110923767,0.9598180055618286
0.002505386248230934,-0.07592722773551941,1.3398276567459106
-0.06817671656608582,-0.30423006415367126,1.5084941387176514
0.2838180661201477,-0.5895586609840393,0.8698848485946655
-0.36367079615592957,0.5469843149185181,1.174734115600586
0.09693431854248047,0.2207680493593216,1.1530787944793701
0.012463413178920746,0.29070332646369934,1.3775899410247803
0.2641260623931885,0.25381678342819214,1.33533775806427
-0.1571911722421646,0.4465254843235016,1.3772714138031006
-0.4613489806652069,0.6681997179985046,1.2375719547271729
-0.35244089365005493,-0.1419449895620346,1.4006701707839966
0.448164165019989,0.06130552291870117,1.1065468788146973
-0.003070943057537079,0.27175700664520264,1.4703106880187988
-0.21142266690731049,0.3704898953437805,0.9338526725769043
0.11213250458240509,-0.17286528646945953,1.4735007286071777
0.2700413167476654,-0.22844305634498596,1.1020371913909912
-0.21680693328380585,-0.1853318065404892,1.547501802444458
-0.02203892543911934,-0.2836723029613495,0.95783531665802
-0.36985504627227783,-0.5093021988868713,1.4142980575561523
-0.39137130975723267,0.12216441333293915,1.429531216621399
-0.1287471503019333,0.3104209899902344,1.5144603252410889
-0.01619981974363327,0.2046743929386139,1.1942209005355835
-0.4267491102218628,-0.35716837644577026,0.776154100894928
0.15445110201835632,0.533767819404602,0.9002051949501038
-0.08636264503002167,-0.26167556643486023,1.2664395570755005
-0.5068618059158325,-0.3946509063243866,1.4060144424438477
-0.0342368483543396,0.49421510100364685,0.9661779403686523
0.12856042385101318,-0.18334083259105682,1.4085233211517334
-0.022526491433382034,-0.14827972650527954,1.551264762878418
-0.2817058563232422,-0.5771262645721436,1.0910890102386475
0.24992164969444275,0.16460731625556946,1.0837349891662598
-0.3886886239051819,0.08424897491931915,1.5637097358703613
0.42203474044799805,-0.10296666622161865,1.0377799272537231
-0.33690011501312256,0.6463913321495056,1.0366637706756592
-0.5518020987510681,0.6003665924072266,1.131807565689087
-0.5431675314903259,0.057352036237716675,0.7790923714637756
-0.0191439650952816,0.5327768325805664,0.9831297397613525
-0.08298484981060028,-0.14740566909313202,1.562842845916748
-0.6511887311935425,-0.2949580252170563,0.7282154560089111
-0.5179870128631592,0.22439074516296387,0.8877436518669128
-0.47307875752449036,0.13395702838897705,0.7537542581558228
-0.21046443283557892,-0.43763840198516846,1.3460423946380615
0.06515645980834961,-0.19272038340568542,0.8258731365203857
0.29659393429756165,-0.024798043072223663,1.3227366209030151
-0.059337273240089417,-0.6969403624534607,0.986487865447998
0.42659708857536316,0.02225358784198761,1.1402499675750732
0.13708089292049408,-0.3398386836051941,1.0648237466812134
-0.11105011403560638,0.694050669670105,1.1898046731948853
0.07094688713550568,-0.018892809748649597,0.9573183059692383
-0.15588006377220154,0.4836577773094177,1.1728590726852417
-0.21077954769134521,-0.0939277857542038,1.3919126987457275
-0.0790875107049942,-0.20470505952835083,1.3240246772766113
-0.21241435408592224,-0.1845492273569107,1.2535426616668701
-0.6019498705863953,-0.3373126983642578,1.0995376110076904
0.09721163660287857,-0.16200979053974152,0.8334723711013794
-0.41768568754196167,0.17143522202968597,1.2690703868865967
-0.5685592889785767,-0.12383017688989639,1.4116501808166504
-0.30144602060317993,-0.1942293643951416,1.2120643854141235
-0.26268139481544495,0.10808847844600677,1.5790257453918457
0.456836462020874,0.008629251271486282,0.9534896612167358
-0.11224540323019028,-0.5055873990058899,0.8772763013839722
-0.03566517308354378,0.10832556337118149,1.098376989364624
-0.11478202790021896,0.2096875011920929,1.2200422286987305
-0.5830080509185791,-0.44272997975349426,1.098832607269287
0.10289628803730011,-0.033289793878793716,1.5335100889205933
-0.6590456962585449,0.08546959608793259,0.8819910287857056
-0.16375885903835297,-0.0748271718621254,1.5686843395233154
-0.40934494137763977,0.7057818174362183,1.1814271211624146
-0.13035599887371063,0.21878710389137268,1.0527770519256592
-0.990688681602478,0.2776414453983307,0.7488176226615906
-0.461747407913208,0.34532874822616577,1.2787306308746338
0.16165636479854584,0.6118594408035278,0.910365104675293
0.007965795695781708,-0.5631610751152039,1.0977990627288818
0.10876722633838654,-0.669792115688324,1.0266605615615845
0.08515630662441254,-0.11377590149641037,1.351025104522705
-0.617131233215332,0.283054918050766,0.7061433792114258
-0.31455379724502563,-0.3548702597618103,1.010602593421936
0.01065942645072937,-0.11687242984771729,1.5507655143737793
-0.8392579555511475,-0.08402156829833984,1.3370310068130493
-0.4575705826282501,-0.48954445123672485,1.377854347229004
0.0248834490776062,-0.017978399991989136,1.3152527809143066
-0.6504365801811218,0.37651535868644714,0.8262977004051208
-0.014237813651561737,0.22559808194637299,0.8359007835388184
-0.300542414188385,0.1558658927679062,0.7618234157562256
0.27926740050315857,0.13742558658123016,1.4267932176589966
-0.3301125168800354,-0.2831724286079407,1.392251968383789
-0.666921079158783,-0.3734493851661682,0.6743868589401245
-0.23441027104854584,0.2785222828388214,1.3479892015457153
0.2254042774438858,0.36368951201438904,0.9599570035934448
0.01941298320889473,0.7588986754417419,0.7883720397949219
-0.14574787020683289,-0.38386034965515137,1.0782837867736816
-0.747860848903656,0.3667035698890686,1.1444551944732666
0.13719123601913452,0.12394098937511444,1.42610764503479
-0.2199459820985794,-0.08494126796722412,1.5666394233703613
-0.4990133047103882,-0.17817190289497375,1.411241054534912
-0.09335363656282425,0.47607001662254333,1.2840255498886108
-0.370450496673584,0.3132253885269165,1.381787896156311
-0.5207059383392334,-0.5049428939819336,1.2564046382904053
0.3065386712551117,0.11821123957633972,1.1377623081207275
-0.2844032347202301,-0.6193868517875671,1.2070130109786987
-0.24774913489818573,0.5466201305389404,0.8034810423851013
-0.6855621933937073,-0.14871375262737274,1.0975275039672852
-0.20945915579795837,-0.30408746004104614,1.232483148574829
-0.5544233322143555,-0.1146167516708374,1.4249876737594604
-0.256996214389801,0.5403561592102051,0.8512185215950012
-0.5513336658477783,-0.28992515802383423,0.6959912776947021
0.16306906938552856,0.06727877259254456,1.3739581108093262
0.25886720418930054,0.06811187416315079,1.2993712425231934
-0.09006825089454651,0.7303751707077026,1.1831541061401367
-0.3413331210613251,-0.5382110476493835,1.2508294582366943
-0.24057850241661072,0.11035995930433273,1.5669480562210083
-0.31101512908935547,0.22798199951648712,0.8772277235984802
0.19773893058300018,-0.14528602361679077,1.3453115224838257
-0.37754982709884644,0.24409498274326324,1.5350195169448853
-0.11009149253368378,-0.1813368797302246,1.4253596067428589
-0.22210007905960083,0.5809311866760254,1.259474515914917
-0.46834564208984375,0.4785458743572235,1.174655556678772
0.13185285031795502,0.18510669469833374,0.8961895704269409
0.07614946365356445,-0.29470551013946533,1.3198457956314087
0.06480235606431961,0.163292795419693,0.8799493908882141
0.29788607358932495,0.09699292480945587,1.2318923473358154
-0.09887045621871948,-0.05004126578569412,1.3533647060394287
-0.12185264378786087,0.60394686460495,1.1539287567138672
0.10841862857341766,-0.11062736809253693,1.350703477859497
-0.17374250292778015,-0.21962513029575348,1.2136847972869873
-0.12914416193962097,-0.19011719524860382,1.0434367656707764
0.0724286288022995,-0.014313116669654846,1.0293009281158447
0.2176119089126587,0.16700498759746552,0.9335806965827942
-0.6771734356880188,0.681537926197052,0.7506647109985352
0.2884880304336548,0.35442298650741577,1.0073777437210083
-0.041752561926841736,-0.3180883824825287,0.8870363235473633
0.25494468212127686,0.35284268856048584,0.9894620776176453
-0.6331660747528076,-0.3140473961830139,1.0043412446975708
-0.24911929666996002,-0.42927077412605286,1.325546383857727
-0.5562695264816284,0.5564603805541992,0.5337578058242798
0.0058515071868896484,0.08750661462545395,1.3302768468856812
-0.37548527121543884,-0.38906437158584595,1.1872621774673462
0.03518431633710861,0.3960505425930023,1.259507656097412
-0.21794253587722778,-0.23049424588680267,1.3314625024795532
-0.299591064453125,-0.5315053462982178,1.0541746616363525
0.29597264528274536,0.08510876446962357,1.2690025568008423
-0.36421307921409607,0.4403260350227356,1.191161870956421
-0.5562055706977844,-0.39220190048217773,1.0442960262298584
0.11129032075405121,-0.04695281386375427,1.4106817245483398
-0.7501603364944458,0.352670818567276,0.6173917055130005
-0.2280794084072113,0.3848729431629181,0.8990524411201477
-0.05589347332715988,0.1529628038406372,1.3362679481506348
-0.12111209332942963,0.23379838466644287,1.2998275756835938
-0.4314168095588684,-0.21501106023788452,1.2865931987762451
-0.4782552123069763,-0.02001672424376011,1.5478994846343994
-0.28585222363471985,-0.6305007934570312,1.2277554273605347
-0.21147401630878448,0.4810364842414856,0.9275321960449219
-0.21428123116493225,0.30410027503967285,1.1968815326690674
-0.6620307564735413,0.2455849051475525,1.3106844425201416
-0.6856314539909363,0.2732160687446594,0.9706334471702576
0.12779365479946136,0.25640782713890076,1.3907668590545654
-0.3689025640487671,0.3852311372756958,1.4296717643737793
-0.41192197799682617,-0.3637803792953491,0.9091456532478333
-0.2817608118057251,-0.17889896035194397,1.325051188468933
-0.779617428779602,0.14554177224636078,0.7814810872077942
-0.5972683429718018,-0.6072892546653748,0.9705970287322998
-0.5396441221237183,0.43042585253715515,1.1798832416534424
0.26919281482696533,0.1417163610458374,1.338662028312683
0.1136884018778801,0.5206712484359741,0.9578086137771606
-0.5071093440055847,0.07596766948699951,1.218908667564392
-0.5682183504104614,0.09707695245742798,0.8308466672897339
-0.09468655288219452,-0.36350882053375244,1.4792792797088623
-0.45527663826942444,0.4893248379230499,1.2363911867141724
0.37069591879844666,0.05358176678419113,1.2462174892425537
-0.6387399435043335,-0.049014247953891754,1.443357229232788
-0.16074422001838684,-0.2940594553947449,0.8108884692192078
-0.6531404256820679,0.15112607181072235,0.5569010972976685
0.19055017828941345,0.6277339458465576,1.1322369575500488
-0.5304439067840576,-0.19256964325904846,1.0826690196990967
-0.13053050637245178,0.6393251419067383,1.2799712419509888
-0.7045447826385498,0.05622035264968872,1.3103091716766357
0.13634976744651794,0.13116569817066193,1.4536701440811157
-0.24501629173755646,-0.04545013979077339,1.5763664245605469
0.2596970796585083,-0.007160171866416931,1.382863998413086
0.09617716819047928,-0.09151557087898254,1.5262664556503296
0.02638319879770279,-0.17945662140846252,1.1132384538650513
-0.490938663482666,0.6898946762084961,1.1336561441421509
-0.5159991979598999,-0.6301949620246887,0.8909297585487366
-0.6132450699806213,0.03359956294298172,1.4649224281311035
0.23235812783241272,0.11142702400684357,0.8912644982337952
-0.24392938613891602,0.281178742647171,1.0892183780670166
0.1932438611984253,-0.313870370388031,1.3236716985702515
-0.16932758688926697,0.4893147349357605,1.3737813234329224
-0.08057147264480591,-0.29055190086364746,1.4252307415008545
-0.24078601598739624,0.3559233546257019,0.7814193964004517
0.06962540000677109,0.3480619788169861,1.2832239866256714
-0.0815277174115181,0.4494542181491852,1.3704323768615723
0.1457623541355133,0.13372771441936493,0.9664080142974854
-0.310401052236557,-0.16588875651359558,1.0713471174240112
-0.9692035913467407,-0.07181309163570404,1.0286977291107178
0.22001729905605316,-0.5758864879608154,1.039002776145935
-0.22597147524356842,0.3577118217945099,1.281980276107788
-0.2237628996372223,-0.3193940818309784,1.011567234992981
-0.48933854699134827,0.4187123477458954,1.1442511081695557
-0.6027286052703857,0.00789526104927063,1.4781913757324219
-0.6516148447990417,0.401932030916214,0.682194173336029
0.09722161293029785,0.47422462701797485,0.8274490237236023
0.41923052072525024,0.20327918231487274,1.1991229057312012
-0.5410785675048828,0.3955555856227875,1.1868525743484497
-0.5809917449951172,-0.4181966781616211,1.0739184617996216
-0.28942349553108215,0.24431441724300385,1.5072883367538452
-0.44940608739852905,-0.33370521664619446,1.3291758298873901
-0.21815688908100128,-0.4345821142196655,1.3310980796813965
-0.3471497595310211,-0.6760099530220032,0.6888920664787292
-0.571029782295227,0.11539281159639359,0.6451903581619263
-0.4261232912540436,-0.4936862885951996,1.061547875404358
-0.5681684613227844,-0.4371072053909302,0.980009138584137
-0.19871698319911957,-0.5136021971702576,1.2545874118804932
0.022073615342378616,0.23488867282867432,1.468575358390808
0.3026979863643646,0.10143014788627625,0.7829891443252563
0.12179714441299438,-0.23615887761116028,1.473167061805725
-0.9621320962905884,-0.12786930799484253,0.7724723219871521
-0.749832034111023,0.2909485399723053,1.3146705627441406
-0.9357980489730835,-0.2227775603532791,1.068770408630371
0.16903752088546753,0.5881152153015137,1.1433422565460205
-0.011948242783546448,0.2525864243507385,0.9984409213066101
0.0025837719440460205,0.11123783886432648,1.218387484550476
0.0022337064146995544,0.0872841626405716,1.426705002784729
-0.18390196561813354,0.5859673023223877,0.9422440528869629
-0.6385715007781982,0.22545361518859863,0.541239321231842
-0.09765475243330002,-0.06053771823644638,1.5642292499542236
0.3309434950351715,-0.24106696248054504,1.1315813064575195
-1.0003352165222168,0.023668814450502396,1.1211469173431396
-0.13113784790039062,-0.26957443356513977,1.355322241783142
0.3269094228744507,0.39633721113204956,1.084342122077942
-0.7201851606369019,0.19621360301971436,1.189462661743164
-0.6606528162956238,-0.0986671894788742,1.4524751901626587
0.017219536006450653,-0.5846170783042908,1.2392551898956299
0.34040528535842896,-0.03752822428941727,1.1859875917434692
-0.6936755776405334,-0.04223242402076721,0.6503535509109497
-0.45787742733955383,-0.30609679222106934,0.8544580936431885
0.290412962436676,0.04091435670852661,1.3167113065719604
-0.2336813509464264,0.2552252411842346,1.4232007265090942
-0.015264049172401428,0.273349404335022,1.0704280138015747
0.08650171011686325,-0.15287542343139648,0.9362525939941406
-0.9759816527366638,0.2876473665237427,0.7361100912094116
-0.05016610026359558,0.3470377027988434,0.8804296255111694
-0.6081307530403137,-0.00905948132276535,1.2314825057983398
-0.19221416115760803,-0.08591093122959137,1.530224323272705
-0.3215864300727844,-0.7456449866294861,0.9856077432632446
-0.2587033212184906,-0.03418562933802605,1.2726091146469116
-0.17599469423294067,0.5473555326461792,1.130993366241455
-0.4767860174179077,-0.4105615019798279,0.9869157075881958
0.048398301005363464,0.24230973422527313,1.3270809650421143
-0.1101032942533493,0.3284590244293213,1.2844820022583008
-0.7040435671806335,0.10806937515735626,1.175295114517212
0.20950840413570404,0.1648876667022705,1.416020154953003
-0.5262812972068787,-0.30293431878089905,0.771932065486908
-0.6107250452041626,-0.12723508477210999,1.3052434921264648
-0.7145328521728516,-0.09164775907993317,0.6188008189201355
0.5422928333282471,0.05106981098651886,0.7981335520744324
-0.8432118892669678,-0.3144054412841797,1.1189332008361816
0.07389146834611893,0.008306484669446945,1.0438987016677856
-0.28492623567581177,-0.42239242792129517,0.9991710186004639
0.13247457146644592,0.05930600315332413,1.238417387008667
0.03904511779546738,0.22578027844429016,0.8371038436889648
0.15068040788173676,-0.22270826995372772,1.2329494953155518
-0.1153557300567627,-0.49069011211395264,1.4281052350997925
-0.36317846179008484,-0.22349832952022552,1.3864628076553345
-0.3907465934753418,-0.1834578663110733,0.8045908212661743
-0.5237985253334045,0.3536648452281952,0.9248400926589966
0.10970421880483627,0.07470453530550003,0.7758828401565552
0.0236041396856308,0.10262210667133331,0.9350219368934631
-0.349385142326355,0.4821007549762726,1.357689619064331
-0.15270014107227325,0.32387563586235046,0.8184537887573242
-0.42615148425102234,-0.2865217328071594,0.8785698413848877
-1.0122722387313843,0.20008037984371185,0.746134340763092
-0.10838814079761505,0.4083380699157715,1.4125162363052368
-0.3554465174674988,-0.34860485792160034,1.092187762260437
0.14238473773002625,0.1733282059431076,0.8181493878364563
-0.03529982268810272,-0.3424086570739746,1.0635000467300415
-0.6714047193527222,-0.05991797894239426,1.4589476585388184
-0.26458874344825745,-0.16508525609970093,1.225393533706665
-0.02576318383216858,0.5038266777992249,0.9576572179794312
0.01982846111059189,-0.27990466356277466,1.4075566530227661
-0.46929842233657837,-0.5458770394325256,1.3596210479736328
-0.9790651202201843,-0.08826402574777603,1.013962745666504
0.3293447494506836,-0.5227782726287842,0.8953853249549866
-0.6655728220939636,0.3991725742816925,1.1990299224853516
0.1835673600435257,-0.20605407655239105,1.4554425477981567
0.017021149396896362,-0.4473424255847931,1.2085410356521606
0.057123661041259766,0.17333102226257324,1.2176364660263062
-0.42682915925979614,-0.5629174709320068,1.037832498550415
0.13242708146572113,0.2770492732524872,1.1568044424057007
-0.19192683696746826,0.7596620321273804,0.9345026612281799
0.1949085295200348,0.13191911578178406,0.9525201320648193
0.05950425937771797,-0.16848045587539673,1.0457332134246826
-0.5302116870880127,-0.4268847703933716,1.0688227415084839
0.04388341307640076,0.12965409457683563,1.0903536081314087
-0.5383133292198181,0.13611124455928802,0.8821655511856079
-0.07200492918491364,-0.5716020464897156,1.3149826526641846
0.06640048325061798,-0.2101477086544037,1.5197654962539673
-0.3727495074272156,-0.5425904393196106,0.8986536264419556
0.012248367071151733,0.11590620875358582,1.2636604309082031
-0.8983094096183777,-0.057554908096790314,1.0328748226165771
-0.36717310547828674,-0.0347958505153656,1.5679056644439697
-0.60373854637146,-0.16502737998962402,1.0120983123779297
-0.2933047413825989,0.7167630791664124,1.0023722648620605
-0.4113249182701111,0.6507426500320435,0.8453131914138794
-0.138314351439476,0.33839279413223267,0.8639096617698669
0.026985235512256622,-0.008322387933731079,1.4011634588241577
-0.7024374008178711,0.11852940171957016,1.1151612997055054
-0.6109716296195984,0.058771491050720215,1.3460838794708252
-0.16444307565689087,-0.3887566924095154,1.3872541189193726
-0.17617999017238617,-0.06456048041582108,1.211317539215088
0.20411114394664764,0.5270023941993713,1.2507537603378296
-0.21055088937282562,-0.07700947672128677,1.565730333328247
0.28079506754875183,0.23801739513874054,1.287968635559082
-0.5072030425071716,-0.26312246918678284,1.3061470985412598
-0.3530644178390503,0.3065605163574219,0.8082030415534973
0.10537633299827576,0.25674936175346375,1.459275245666504
-0.335269033908844,-0.2420334815979004,1.5524508953094482
-0.6126140356063843,-0.23525133728981018,1.4392659664154053
0.14336544275283813,0.24615861475467682,1.4561625719070435
-0.12974682450294495,-0.030693843960762024,1.5680334568023682
-0.2770980894565582,0.686089813709259,1.1835682392120361
-0.10385638475418091,-0.2344413697719574,1.3919569253921509
-0.5349291563034058,-0.18963280320167542,1.5197830200195312
0.22415482997894287,0.2092268019914627,1.1501076221466064
-0.26963844895362854,0.6103534698486328,0.8902298808097839
-0.6776504516601562,0.2357104867696762,1.3363721370697021
0.30446693301200867,-0.5406734347343445,0.8736894130706787
0.2523173689842224,-0.05842958390712738,0.9621406197547913
-0.26013439893722534,-0.3466176688671112,1.4849886894226074
-0.09195689857006073,0.41591811180114746,1.0691546201705933
0.34170272946357727,0.3616555333137512,1.1658731698989868
-0.3377067744731903,-0.35127267241477966,1.0515425205230713
0.25114986300468445,-0.21771222352981567,1.1453654766082764
0.4253682494163513,0.16616079211235046,1.0429375171661377
-0.21111920475959778,0.4211932420730591,1.2832860946655273
-0.5094863176345825,0.11957558989524841,1.542130947113037
0.115419402718544,-0.5906050205230713,0.9873663783073425
0.005358681082725525,-0.12498310208320618,1.2746758460998535
-0.3974425792694092,0.4695860743522644,0.9573332071304321
-0.19765028357505798,0.280828595161438,0.790871262550354
-0.5994158387184143,0.038237519562244415,0.9385591745376587
-0.5402910113334656,0.11853382736444473,1.4661462306976318
-0.8124274015426636,0.4574020504951477,1.1654064655303955
-0.5379238128662109,-0.3682056665420532,1.0060148239135742
-0.378757506608963,-0.5610938668251038,1.2685898542404175
0.2680523991584778,0.5344513654708862,1.1908609867095947
0.2717077136039734,0.10440865159034729,0.8551812171936035
0.13576291501522064,0.0829782485961914,1.393027901649475
0.3368037939071655,0.08452171832323074,1.248612642288208
-0.014685474336147308,-0.31383538246154785,1.0260432958602905
-0.5693556666374207,0.4359118342399597,0.654362678527832
-0.32171130180358887,-0.00010938197374343872,1.2590222358703613
-0.7244055271148682,0.12800204753875732,1.1395857334136963
0.287644624710083,-0.3047143220901489,0.8648814558982849
-0.5785754919052124,-0.6230727434158325,1.181255578994751
-0.7631738185882568,-0.11210524290800095,1.0990440845489502
-0.261176735162735,0.17483939230442047,1.127886176109314
0.08162644505500793,0.35175976157188416,1.1173328161239624
-0.013058401644229889,0.11968256533145905,1.0924769639968872
-0.7973401546478271,0.15732896327972412,0.847740888595581
-0.3715461790561676,-0.49652358889579773,1.2948098182678223
-0.010014519095420837,-0.3420659899711609,1.4941582679748535
-0.5706902742385864,-0.3126720190048218,1.1196264028549194
-0.7886021137237549,-0.5273159742355347,0.8277705907821655
-0.18340551853179932,-0.42858031392097473,1.4358350038528442
0.4031299650669098,0.06292250752449036,1.1247894763946533
-0.9234803318977356,0.26855480670928955,1.1470109224319458
-0.44897323846817017,0.11158013343811035,1.31196129322052
-0.7803933620452881,0.5352152585983276,1.0038824081420898
-0.07727683335542679,0.5382603406906128,0.7811697125434875
0.003789551556110382,-0.2578712999820709,1.4997272491455078
-0.6013813018798828,0.4580620527267456,0.4535849690437317
-0.230376735329628,0.3843860328197479,1.5210126638412476
-0.022080320864915848,0.0457613542675972,1.4514720439910889
0.11892591416835785,0.3652978837490082,0.7784489989280701
-0.050457194447517395,0.4887075424194336,1.448578119277954
-0.0024246573448181152,-0.3217257857322693,1.491147756576538
-0.014047577977180481,-0.6903589367866516,0.8437879085540771
-0.23827877640724182,-0.7352147102355957,0.7672103643417358
-0.30400609970092773,-0.16281408071517944,0.8062655925750732
-0.5149545073509216,-0.003045041114091873,0.7340523600578308
-0.4446936845779419,0.2626928687095642,1.359642744064331
-0.3547962009906769,-0.2921217978000641,1.465537428855896
-0.8578342199325562,0.12128844857215881,1.169381856918335
-0.4695090651512146,0.10368133336305618,0.836825966835022
0.199071004986763,0.02702893689274788,1.1636335849761963
-0.19936954975128174,-0.29138022661209106,1.5314793586730957
-0.3254659175872803,-0.2486480474472046,1.1539506912231445
-0.5682122707366943,0.48321884870529175,1.2607111930847168
-0.5307145118713379,0.3848526179790497,1.2397844791412354
-0.3934156596660614,-0.07726892828941345,1.4334896802902222
-0.5388816595077515,-0.4476095736026764,1.3925706148147583
-0.010315731167793274,0.13350972533226013,1.5555481910705566
-0.12947890162467957,0.4175025224685669,0.8984311819076538
-0.1243928000330925,0.06447415798902512,1.5687354803085327
0.2698464095592499,0.1911572813987732,1.3082114458084106
-0.5426397323608398,-0.39560434222221375,1.2667173147201538
0.33358052372932434,0.030611418187618256,1.313962697982788
-0.21661922335624695,-0.2594121992588043,1.38912034034729
0.15808412432670593,0.35006198287010193,1.1830846071243286
0.03591268137097359,0.38342803716659546,1.092826247215271
-0.015072949230670929,-0.2747626006603241,1.3846389055252075
0.24212034046649933,-0.27913424372673035,1.1316536664962769
-0.7687281966209412,0.30590346455574036,1.227190613746643
-0.7647164463996887,0.4556833803653717,1.2045204639434814
-0.6371706128120422,0.22273482382297516,1.2672549486160278
-0.20663006603717804,0.2853928804397583,1.5425746440887451
-0.001881621778011322,-0.32533320784568787,1.2980537414550781
-0.33739179372787476,-0.35023584961891174,1.481870174407959
0.15929445624351501,-0.3496169149875641,1.1296203136444092
-0.3146340847015381,-0.297584593296051,0.8193792700767517
0.16407901048660278,0.13080842792987823,0.9855300188064575
-0.4830913841724396,-0.28295835852622986,1.1690109968185425
-0.37093180418014526,0.6743528842926025,0.7065799832344055
0.1231858879327774,0.5792443752288818,0.9021557569503784
-0.45787423849105835,0.023282624781131744,1.44107985496521
-0.05436646565794945,-0.5688616633415222,1.126096248626709
0.042673613876104355,0.34182706475257874,1.4199382066726685
-0.6086685061454773,0.11763754487037659,0.689155638217926
0.0696428120136261,0.19993916153907776,1.1065126657485962
0.35974419116973877,-0.37278273701667786,0.7861593961715698
-0.5797886252403259,0.2098691463470459,0.7666897177696228
-0.14331358671188354,-0.2002210021018982,1.118137240409851
0.2865188717842102,-0.024258404970169067,1.249825119972229
-0.0786459892988205,0.21947243809700012,1.2465919256210327
-0.48177510499954224,-0.16336780786514282,1.0937191247940063
0.20039239525794983,-0.006950812879949808,0.865032434463501
0.3219781517982483,0.31176695227622986,1.2175787687301636
-0.13638560473918915,-0.24912329018115997,0.8084312677383423
-0.005544386804103851,0.48660022020339966,0.9341214299201965
-0.8069121241569519,0.15044543147087097,1.1528904438018799
0.07045230269432068,-0.2966296970844269,1.2407113313674927
-0.6407768726348877,-0.28991472721099854,0.9784223437309265
-0.18636904656887054,0.27247506380081177,0.7800456285476685
-0.06042948365211487,-0.2357289046049118,1.3081450462341309
0.10396338999271393,-0.3821773827075958,1.362572193145752
-0.2708175778388977,0.3025636672973633,1.5558311939239502
-0.7556071877479553,-0.13807334005832672,0.9801967144012451
-0.6398406028747559,0.2646286189556122,0.6954082250595093
-0.7348096370697021,0.2539200782775879,0.9522337913513184
-0.7352139353752136,-0.05866224318742752,0.7235524654388428
-0.5664623975753784,-0.09159088879823685,0.7902513146400452
-0.4243652820587158,0.32480013370513916,1.2328190803527832
-0.01350758969783783,-0.1347063183784485,1.3172457218170166
-0.11646300554275513,0.7400566339492798,0.5907713174819946
0.19785815477371216,0.08083425462245941,1.0532610416412354
-0.14327234029769897,0.742178201675415,1.0836122035980225
-0.15268662571907043,0.3789391815662384,1.1270965337753296
-0.7507040500640869,0.17917385697364807,0.6376228332519531
-0.10239332914352417,0.4992077648639679,0.8804553747177124
-0.4762312173843384,0.4839429259300232,1.0340834856033325
0.2433706820011139,0.5392168760299683,1.1835542917251587
0.13714773952960968,0.41616660356521606,0.8830716013908386
-0.004241418093442917,-0.2762698829174042,1.2459490299224854
-0.0335732027888298,-0.1423039436340332,1.1439673900604248
-0.6870915293693542,-0.08059364557266235,1.4492906332015991
-0.4881517291069031,-0.4430356025695801,1.0528929233551025
-0.0634424239397049,0.23874254524707794,1.473469614982605
-0.15590064227581024,0.5911563634872437,1.159989595413208
0.09156057238578796,0.0971670001745224,1.4648770093917847
-0.21831844747066498,-0.39267125725746155,1.3845951557159424
-0.02117510512471199,0.6983041763305664,1.1468327045440674
0.41563794016838074,0.036947913467884064,1.1191608905792236
0.22464460134506226,0.3530251681804657,0.8143799304962158
-0.4049648642539978,-0.2700146734714508,1.3337546586990356
-0.72882080078125,-0.32860806584358215,0.824796199798584
0.008384987711906433,-0.4949271082878113,1.368118166923523
-0.41470715403556824,-0.10515768080949783,1.3654887676239014
-0.7521389722824097,0.21409714221954346,0.7770665287971497
0.015013162046670914,-0.08245399594306946,1.1849035024642944
-0.5306844711303711,0.76116943359375,0.968462347984314
-0.6288037300109863,-0.06804677844047546,1.4555435180664062
-0.5732616186141968,-0.32399895787239075,1.3613274097442627
-0.03403032571077347,-0.36510035395622253,1.4409199953079224
0.06516115367412567,-0.09736824035644531,0.8175312280654907
-0.683176577091217,-0.04360712319612503,1.4348556995391846
-0.1233082190155983,0.6456287503242493,1.0999094247817993
-0.41610613465309143,0.35970351099967957,1.5021051168441772
-0.7947031259536743,-0.30812686681747437,1.2414445877075195
0.1598261147737503,-0.03511836379766464,1.1949410438537598
-0.7169362306594849,-0.131486177444458,1.0180000066757202
0.17777399718761444,0.1488005518913269,1.4880096912384033
-0.8960199952125549,0.05175164341926575,0.6132445931434631
-0.2930685579776764,0.42106470465660095,1.4631935358047485
0.4315992593765259,-0.1855340600013733,1.1781402826309204
0.15724965929985046,-0.4170517027378082,1.0243664979934692
-0.4064294099807739,-0.16817662119865417,1.2658076286315918
-0.7025935649871826,-0.04176514968276024,1.1425107717514038
0.056829482316970825,0.5027127861976624,1.00070059299469
0.19132724404335022,-0.41968435049057007,1.0626819133758545
-0.8919785022735596,0.25457292795181274,0.9899638891220093
-0.45265766978263855,0.7863967418670654,0.8207403421401978
-0.2950657606124878,0.5671758651733398,0.8687090873718262
-0.04687720537185669,-0.06724661588668823,1.463442325592041
-0.010812664404511452,0.7710336446762085,0.7012003660202026
0.1129104346036911,0.033652856945991516,0.8929656744003296
-0.6279894113540649,0.6049813032150269,1.036362886428833
-0.8426967859268188,-0.29055899381637573,1.2388027906417847
0.17279082536697388,-0.24964937567710876,0.7783058881759644
-0.5671303272247314,-0.06194496899843216,1.4115320444107056
-0.4227527678012848,0.6900840401649475,0.5641505718231201
0.24851980805397034,0.11861900985240936,1.4292069673538208
-0.3089839518070221,0.29569828510284424,1.0298209190368652
-0.11951383948326111,-0.06850272417068481,1.3230135440826416
-0.27927929162979126,-0.4748343527317047,1.0126087665557861
0.04486917704343796,-0.08452621102333069,0.9755034446716309
-0.2806363105773926,-0.2247471809387207,1.390745759010315
-0.21115942299365997,0.6385695338249207,1.3174965381622314
-0.34368374943733215,0.4045383930206299,0.9959812760353088
-0.17667025327682495,0.2965192198753357,1.3201098442077637
-0.29821842908859253,-0.25986209511756897,1.0884344577789307
-0.8666000962257385,-0.02629731595516205,1.214820384979248
-0.8226178884506226,-0.2827792167663574,1.2925771474838257
-0.2360648512840271,-0.23653720319271088,1.3490654230117798
-0.8370319604873657,0.09560222923755646,1.101996660232544
0.22426511347293854,0.4752127528190613,0.8448024988174438
0.20295077562332153,-0.3257719576358795,1.220760464668274
-0.24971534311771393,0.01916678622364998,1.5495470762252808
-0.3539730906486511,-0.5485364198684692,1.3516170978546143
-0.06384885311126709,0.601579487323761,1.3017724752426147
-0.03429866582155228,-0.1555267870426178,1.3032203912734985
-0.015443488955497742,-0.5387218594551086,1.0175273418426514
-0.026804164052009583,0.45812809467315674,1.2247406244277954
-0.47944948077201843,0.08656324446201324,1.2746167182922363
-0.13956160843372345,-0.6353344917297363,0.8266012668609619
0.22213080525398254,0.3035152852535248,1.0138771533966064
0.26585641503334045,-0.23991554975509644,0.9556127786636353
0.192546546459198,-0.45190098881721497,1.1578705310821533
-0.8007423281669617,0.42570704221725464,1.1668574810028076
-0.23995961248874664,-0.47367730736732483,1.2656528949737549
-0.10853331536054611,0.3345898985862732,1.4649667739868164
0.0709349513053894,0.17826105654239655,1.5259056091308594
-0.35586151480674744,-0.3129728436470032,1.5233738422393799
-0.45398738980293274,0.180378720164299,1.2612918615341187
0.5161035656929016,0.13378503918647766,0.9445647597312927
0.15566952526569366,-0.18561165034770966,1.4056432247161865
-0.9957737922668457,-0.024946868419647217,1.0339843034744263
-0.48086220026016235,0.4471423625946045,0.9942377209663391
-0.46996569633483887,-0.20556598901748657,1.4645601511001587
-0.8482452630996704,0.3486579656600952,1.247206211090088
-0.5635026097297668,-0.045137371867895126,0.7706284523010254
-0.37055179476737976,0.7467224597930908,1.005481481552124
0.164953351020813,-0.02538706362247467,1.3615397214889526
-0.0014296546578407288,-0.2639930248260498,0.8273290395736694
-0.5879201292991638,0.35166630148887634,0.9423949122428894
-0.09621433913707733,-0.27567046880722046,1.2144429683685303
-0.15474684536457062,-0.7049146294593811,0.6201076507568359
-0.44002676010131836,0.7431410551071167,0.9050846099853516
-0.13860614597797394,0.4168440103530884,1.1583150625228882
-0.024340614676475525,-0.30400052666664124,1.1474673748016357
-0.3389039933681488,-0.3794633150100708,1.122004508972168
-0.3427141010761261,0.37499889731407166,1.1415627002716064
-0.3819970190525055,0.4690726697444916,0.9895678758621216
-0.3463829755783081,-0.579272449016571,1.0393266677856445
-0.5048179030418396,0.47545531392097473,1.3587015867233276
0.4640452563762665,0.03391536325216293,0.851712703704834
-0.20366747677326202,-0.1316709965467453,1.5581921339035034
0.18406988680362701,0.24392348527908325,1.0810744762420654
-0.5735017657279968,-0.16502387821674347,0.9750775694847107
-0.6354487538337708,0.4323650598526001,1.2475392818450928
0.22572927176952362,-0.019814392551779747,1.1564890146255493
0.14082276821136475,0.3307346701622009,0.8061667084693909
0.1371733844280243,0.15785059332847595,0.8395984172821045
-0.14989489316940308,0.08916329592466354,1.536769986152649
-0.14528952538967133,0.22349953651428223,1.074851155281067
-0.21521824598312378,-0.093231700360775,1.5676214694976807
-0.4953380227088928,-0.05750060826539993,1.4878342151641846
0.14934197068214417,0.07575604319572449,1.1656558513641357
-0.5592021942138672,-0.20302900671958923,1.0022914409637451
0.18607959151268005,0.3171166181564331,1.2765535116195679
-0.518193781375885,-0.008791793137788773,1.074444055557251
0.15791133046150208,-0.0009370073676109314,0.8374766707420349
-0.13094601035118103,-0.3105131685733795,0.8265688419342041
0.16104461252689362,0.15598464012145996,0.9636677503585815
-0.42984291911125183,0.36374032497406006,0.8870654106140137
-0.2907254695892334,0.23600487411022186,0.7651441097259521
-0.1496824026107788,0.6617118716239929,0.7957310676574707
-0.058545347303152084,-0.3172685503959656,0.8409855365753174
-0.3847898840904236,-0.1895219087600708,1.21976637840271
0.021933116018772125,-0.598250687122345,0.8565250635147095
0.14427492022514343,0.019347652792930603,1.2571909427642822
-0.10973529517650604,-0.6247131824493408,0.9769068956375122
0.486223965883255,-0.08149543404579163,1.0679819583892822
-0.06596824526786804,0.5099023580551147,1.2193748950958252
0.007930103689432144,0.29170769453048706,1.3329333066940308
0.14715972542762756,-0.015703264623880386,1.1657017469406128
-0.7932384014129639,0.02306206524372101,1.1060307025909424
0.13701805472373962,0.18387074768543243,0.761961817741394
-0.1296916902065277,0.6060603857040405,1.0136480331420898
0.17561669647693634,-0.1075180321931839,1.2425508499145508
-0.5448901057243347,0.00674738734960556,1.318443775177002
-0.29980307817459106,-0.33463501930236816,1.415649175643921
-0.5458003878593445,-0.38701918721199036,0.7156316041946411
0.3010318875312805,-0.3981621265411377,0.8644246459007263
-0.6558837890625,0.2000286728143692,0.4378106892108917
0.3190496563911438,0.024868689477443695,1.3678596019744873
0.25462886691093445,-0.182787224650383,1.1492812633514404
-0.4011532664299011,-0.10016988217830658,1.2679548263549805
-0.6333136558532715,-0.12876451015472412,0.8130070567131042
0.09047451615333557,-0.48965442180633545,1.3410192728042603
0.054809775203466415,-0.016039157286286354,1.31223464012146
-0.8598324060440063,0.011874929070472717,1.153644323348999
-0.5030067563056946,-0.04782324284315109,0.8082449436187744
-0.2498178780078888,-0.2856288254261017,0.9861066341400146
-0.01781158149242401,-0.2640538811683655,1.529172420501709
-0.262597918510437,0.4011446237564087,1.075705647468567
0.4080584645271301,0.3880162239074707,1.089589238166809
0.08965048938989639,0.14499396085739136,1.5299782752990723
-0.4629034996032715,-0.016770146787166595,1.1620796918869019
-0.20262445509433746,-0.6462573409080505,0.8158338665962219
-0.013295724987983704,-0.2430039346218109,1.1991463899612427
0.17308691143989563,0.020918644964694977,1.4674344062805176
0.26739516854286194,-0.4993763566017151,1.0743120908737183
-0.010811466723680496,0.4851216673851013,1.150457501411438
0.36594244837760925,-0.23385125398635864,1.1913440227508545
-0.31934815645217896,0.21558654308319092,1.2893933057785034
-0.45932063460350037,-0.6637461185455322,1.2128565311431885
-0.17990514636039734,0.24774780869483948,1.2284702062606812
0.18054533004760742,-0.15912705659866333,0.9623350501060486
-0.6668498516082764,0.47925305366516113,0.9371838569641113
-0.05485337972640991,0.6591465473175049,0.9265897870063782
-0.5388268828392029,0.13169683516025543,0.7357941269874573
0.11229501664638519,0.45791754126548767,1.3740344047546387
-0.1132950633764267,-0.3123651444911957,0.9144487380981445
-0.03883570060133934,0.2698294520378113,0.8589017391204834
0.2675691246986389,0.432517945766449,1.0691289901733398
-0.4051143527030945,-0.30291974544525146,0.8959870934486389
0.45571380853652954,-0.18921653926372528,1.181412696838379
-0.9330978989601135,0.025316670536994934,1.076920747756958
0.4635830521583557,-0.3458980321884155,0.7638843059539795
-0.19791191816329956,0.6791071891784668,1.208675742149353
0.19014117121696472,0.37510958313941956,0.973240315914154
-0.2952214479446411,0.2978058457374573,1.0543688535690308
-0.6003094911575317,-0.42894113063812256,0.8920291066169739
-0.0660901740193367,0.09795946627855301,1.5736422538757324
0.05441133677959442,0.16990448534488678,1.5158860683441162
-0.4607844948768616,0.3225555717945099,0.8391730785369873
0.18424192070960999,-0.586532711982727,1.154858946800232
-0.3639967143535614,0.5352283716201782,1.3272806406021118
-0.2549344599246979,0.14357754588127136,1.5662795305252075
-0.1750417947769165,0.323687344789505,1.5275073051452637
0.398381769657135,-0.4523405432701111,0.7632800936698914
-0.6256646513938904,-0.11925402283668518,1.387133240699768
-0.6831674575805664,-0.6445062160491943,0.9399501085281372
0.039900995790958405,0.05893098562955856,1.058173418045044
-0.06744857132434845,-0.18426917493343353,1.1191835403442383
-0.20196650922298431,-0.1655668020248413,1.115504264831543
-0.0013090800493955612,0.2539235055446625,1.3443071842193604
-0.24328774213790894,-0.4839964210987091,1.0238608121871948
-0.39683249592781067,0.20332114398479462,1.062979817390442
-0.16660098731517792,-0.4901049733161926,1.221206545829773
-0.04156274348497391,-0.7321909666061401,1.0579655170440674
-0.06034712493419647,0.36349815130233765,1.2171385288238525
0.13782691955566406,-0.43271684646606445,1.1928988695144653
-0.3537653088569641,0.32520437240600586,1.36946439743042
-0.6303685903549194,0.2922317385673523,0.8438587784767151
-0.793749213218689,-0.23045498132705688,0.7261027097702026
-0.5716241598129272,-0.1870957463979721,0.8272535800933838
-0.061023831367492676,-0.05530163645744324,1.5750038623809814
0.03248591721057892,0.2620968222618103,1.3790440559387207
0.018140509724617004,0.4897586405277252,1.2302093505859375
-0.7592979669570923,0.5359278917312622,0.9709857106208801
0.41230136156082153,-0.15214547514915466,1.1130058765411377
0.33225348591804504,0.17563669383525848,1.020185947418213
-0.6453818678855896,-0.24281306564807892,0.7648310661315918
-0.062307752668857574,-0.3236753046512604,1.2466648817062378
-0.15105023980140686,-0.28961002826690674,1.1256051063537598
-0.05737313628196716,0.358438640832901,1.4125683307647705
-0.057416822761297226,0.034410133957862854,1.5766355991363525
-0.5402485728263855,0.44000083208084106,0.8976261019706726
-0.31295520067214966,0.795893669128418,0.7340231537818909
-0.5837970972061157,0.5840004682540894,0.5446040034294128
-0.030547842383384705,0.23495005071163177,1.3888860940933228
-0.08488499373197556,-0.31405627727508545,1.2450014352798462
-0.4603668451309204,0.3192184269428253,1.2832608222961426
-0.17419925332069397,0.5042948126792908,1.1740134954452515
0.12243084609508514,0.2685527503490448,1.1724058389663696
-0.8602646589279175,0.3423348665237427,0.6956768035888672
-0.605483889579773,-0.14593464136123657,0.7812897562980652
-0.17465738952159882,-0.37043339014053345,1.2686662673950195
-0.3135432302951813,-0.33066877722740173,0.8605226278305054
0.052035026252269745,-0.026352044194936752,1.4280734062194824
-0.5893598794937134,0.10288050770759583,1.074327826499939
0.1984746754169464,0.27284330129623413,1.437213659286499
-0.10914403945207596,-0.5264145135879517,1.1484100818634033
-0.23496216535568237,0.33412986993789673,1.5447360277175903
0.1387290060520172,-0.23663616180419922,1.4765117168426514
-0.55631422996521,-0.1775672733783722,1.2477102279663086
0.4835505485534668,0.059377044439315796,0.884826123714447
-0.19207608699798584,-0.2092665731906891,1.1815500259399414
-0.5171695947647095,0.3093140125274658,0.9676684141159058
-0.19942058622837067,0.5595402717590332,0.8492274284362793
0.13251224160194397,0.24165582656860352,1.2384772300720215
-0.4064236283302307,0.2325739562511444,1.2282484769821167
-0.44259563088417053,-0.446879506111145,1.3585469722747803
-0.010901324450969696,-0.31137603521347046,1.1512629985809326
-0.6639087200164795,-0.12185285985469818,1.3300206661224365
0.18680480122566223,-0.3306540250778198,1.0774375200271606
-0.6496570706367493,-0.25240546464920044,1.2023792266845703
0.2537975311279297,-0.10187838971614838,0.96733158826828
-0.18073627352714539,-0.4795683026313782,0.8462643623352051
0.2273646742105484,0.4543149173259735,1.1482383012771606
-0.3107035160064697,0.3175166845321655,0.7815068960189819
-0.5061147212982178,0.5384909510612488,1.193444013595581
-0.4023793339729309,0.7899419665336609,0.8409199118614197
-0.10445083677768707,0.6475245356559753,0.9653232097625732
0.418049693107605,-0.30465373396873474,0.9494637250900269
-0.12772101163864136,-0.41937363147735596,1.0460374355316162
-0.5326477885246277,-0.26475831866264343,0.9333595037460327
-0.3329313397407532,0.41173887252807617,0.923316478729248
-0.15927016735076904,0.2778581380844116,1.4527792930603027
0.26117563247680664,0.6399942636489868,0.8451910018920898
0.0027423352003097534,0.468071311712265,0.9851536750793457
-0.3059985041618347,0.4161257743835449,0.8635173439979553
-0.6576778888702393,0.17271758615970612,0.6259500980377197
-0.31904757022857666,-0.23386196792125702,1.0473648309707642
-0.3756656348705292,0.6247328519821167,1.2854442596435547
-0.5015735626220703,0.6390124559402466,1.0083515644073486
-0.6474599838256836,0.17130813002586365,0.8631449937820435
0.09506113827228546,-0.24310380220413208,1.4898293018341064
-0.3198123276233673,0.3072631359100342,1.5152904987335205
-0.17130623757839203,0.2928515672683716,0.8069726824760437
-0.04856571555137634,0.3876650035381317,0.9795597791671753
-0.34941545128822327,-0.43089818954467773,0.7914390563964844
-0.7860280871391296,-0.02289918065071106,0.4777103662490845
-0.7712880969047546,0.02238994836807251,1.2538355588912964
-0.01566953957080841,0.3663772940635681,0.8632028102874756
0.12347456812858582,0.111996591091156,1.3419569730758667
0.02277374267578125,-0.18582363426685333,0.9515485167503357
0.09083732962608337,0.12700912356376648,1.2236528396606445
0.10280536115169525,-0.22617940604686737,0.7900151610374451
-0.3787848949432373,-0.159327432513237,1.148897647857666
-0.32937005162239075,0.6510934829711914,1.2784936428070068
-0.12186776101589203,0.6286764740943909,1.1055123805999756
-0.334269642829895,-0.0015707612037658691,1.5675756931304932
0.16565822064876556,-0.19184622168540955,0.9103454947471619
-0.18945901095867157,0.2585795521736145,1.5625379085540771
-0.6664450168609619,-0.009244129061698914,0.7954433560371399
-0.250933974981308,0.5743838548660278,0.9441418051719666
0.5253536701202393,0.09033582359552383,0.916949987411499
0.031087256968021393,0.689260721206665,1.173306941986084
-0.18259066343307495,0.6599946618080139,0.8257935047149658
-0.3482944667339325,-0.2967779040336609,1.533339262008667
-0.8790949583053589,-0.008282020688056946,1.0811907052993774
-0.06370606273412704,-0.403396338224411,1.4115022420883179
-0.0664486363530159,0.24903777241706848,0.8124359250068665
-0.2583690285682678,0.688571035861969,1.2179458141326904
-0.0805291086435318,0.4147960841655731,1.436393141746521
0.06824337691068649,-0.4678860604763031,1.023780107498169
-0.23306235671043396,0.2770344614982605,1.0644736289978027
-0.6173345446586609,-0.31384485960006714,1.0373085737228394
-0.7593177556991577,0.21499694883823395,1.0422471761703491
-0.433442085981369,-0.45627182722091675,0.9584343433380127
-0.4603653848171234,0.06611263006925583,1.5661977529525757
0.33352765440940857,0.11387654393911362,1.307948112487793
-0.3716731667518616,0.6283566951751709,1.2982139587402344
-0.7216822504997253,0.23410233855247498,0.7915414571762085
-0.43734198808670044,0.40644341707229614,0.9157823324203491
-0.3767210841178894,0.31744515895843506,0.872146725654602
0.01732749119400978,-0.08525854349136353,1.0897979736328125
-0.5119287371635437,-0.35341882705688477,1.424104928970337
0.44533246755599976,-0.024777747690677643,1.1704771518707275
0.27054479718208313,0.06805878132581711,1.150992512702942
0.07028678059577942,-0.025401048362255096,1.4953858852386475
-0.17433087527751923,-0.40585723519325256,0.8180359601974487
-0.7227128744125366,0.6165454387664795,0.6353394985198975
-0.1242113932967186,-0.17015361785888672,1.5552061796188354
-0.17979201674461365,-0.10990222543478012,1.5806350708007812
-0.07645036280155182,-0.325009822845459,1.158812403678894
-0.02649814635515213,0.4774039685726166,1.4195793867111206
0.273298442363739,0.4084240794181824,1.2039791345596313
-0.1810522824525833,-0.6311111450195312,1.0839767456054688
-0.13738998770713806,0.16158932447433472,1.5125408172607422
-0.3547300696372986,0.6169050931930542,1.1076165437698364
-0.24944643676280975,0.17103514075279236,1.4053983688354492
-0.44695496559143066,-0.260068416595459,1.2526980638504028
-0.24742332100868225,0.09292570501565933,1.5839712619781494
-0.1390507072210312,0.2996901273727417,1.385805606842041
0.2452724128961563,0.2878344655036926,1.3724734783172607
0.2316138744354248,-0.06555131077766418,1.1618471145629883
-0.3481101989746094,0.3141113221645355,1.1322194337844849
-0.7685417532920837,0.2563510537147522,0.6017993092536926
-0.5382782816886902,0.13359099626541138,0.7953226566314697
0.2231706827878952,0.0071876561269164085,1.4714925289154053
-0.0654129907488823,-0.12172504514455795,1.1739434003829956
0.1157170981168747,-0.5051231384277344,1.1058993339538574
-0.3643013834953308,0.39382296800613403,1.0681822299957275
-0.7930424809455872,-0.10934095084667206,1.3980257511138916
0.5122100114822388,0.24342618882656097,0.7653554677963257
-0.7127050161361694,0.159201517701149,1.0212221145629883
-0.005696922540664673,0.44323834776878357,1.0778017044067383
0.17029045522212982,0.22578898072242737,1.326495885848999
-0.6313732862472534,0.7123051285743713,0.9899209141731262
0.4537399411201477,0.1519986093044281,0.7919926643371582
-0.8252812027931213,-0.2472769170999527,0.8850271105766296
0.03905855119228363,0.6037848591804504,0.7543424367904663
-0.4234997630119324,-0.2770240008831024,1.3548516035079956
-0.39566367864608765,0.03169519826769829,1.1727492809295654
0.11276870965957642,0.29970583319664,1.2569111585617065
-0.3164874315261841,0.33420735597610474,1.3992877006530762
-0.48884040117263794,0.7839934825897217,0.8820217847824097
-0.003769049420952797,0.3340250551700592,1.3218882083892822
-0.6986393332481384,-0.3658899962902069,1.3258895874023438
0.1285337656736374,0.020414724946022034,1.503857135772705
-0.2736737132072449,0.4135608673095703,0.9136351346969604
-0.019945722073316574,0.060357239097356796,1.5304858684539795
-0.14648769795894623,0.03119964897632599,1.5666793584823608
-0.5891736745834351,-0.48496267199516296,1.0156257152557373
-0.33995121717453003,-0.35355332493782043,0.875755250453949
-0.17335593700408936,0.38036221265792847,0.8754000067710876
0.12166599929332733,0.3223194479942322,1.2530291080474854
0.0183569323271513,-0.7241116762161255,0.7871128916740417
-0.6672933101654053,-0.15092359483242035,0.591209352016449
0.08406393229961395,-0.36368876695632935,0.7595648765563965
0.49538367986679077,0.2130018174648285,0.9954025745391846
0.005182959139347076,-0.5095300078392029,1.156480073928833
-0.2516149580478668,0.1190863847732544,1.403960943222046
0.08581565320491791,-0.10787995159626007,1.3081765174865723
-0.6770768761634827,-0.10678859055042267,0.7029163837432861
0.02607905864715576,-0.00677275937050581,1.3337231874465942
-0.6941050291061401,0.5929726362228394,1.107986569404602
-0.6875854730606079,-0.26896506547927856,1.1415501832962036
0.15021324157714844,0.010066308081150055,0.7733283638954163
-0.8193492889404297,0.27686020731925964,1.3112480640411377
-0.5379281640052795,-0.2914028763771057,1.071805477142334
0.190077006816864,-0.33740875124931335,1.2819818258285522
-0.1607661247253418,0.7083092927932739,1.1170637607574463
0.2944962680339813,0.25866883993148804,1.1384258270263672
-0.17887745797634125,-0.06786775588989258,1.2575689554214478
0.05357056111097336,-0.31504690647125244,1.2771929502487183
-0.0005707181990146637,0.28128165006637573,1.4837952852249146
-0.5651562809944153,0.4392908811569214,1.4218000173568726
0.30331021547317505,-0.0030597150325775146,1.2035503387451172
-0.03414769470691681,-0.22921094298362732,0.8385389447212219
-0.20791104435920715,0.22711855173110962,1.4726383686065674
-0.5747936367988586,0.17959007620811462,0.3742232620716095
-0.7035660743713379,-0.02238781750202179,1.0068975687026978
-0.33227893710136414,-0.4386022686958313,0.7916933298110962
-0.29018664360046387,-0.17237523198127747,1.1974519491195679
-0.14085325598716736,0.2561587393283844,1.0695096254348755
-0.5880172252655029,-0.16519463062286377,1.3721904754638672
-0.677090585231781,0.332250714302063,1.2595669031143188
0.1889495998620987,-0.21288560330867767,0.9232275485992432
-0.632677435874939,-0.2982885241508484,1.0472338199615479
0.08241374790668488,-0.44587522745132446,1.208824634552002
0.06750980019569397,0.11954599618911743,1.129528284072876
-0.5191636085510254,-0.7112200856208801,0.7418778538703918
-0.35966867208480835,-0.31384825706481934,0.9433339834213257
-0.755618691444397,-0.1996767371892929,0.9908350110054016
-0.47332537174224854,-0.06769871711730957,1.1854604482650757
-0.014048412442207336,-0.5013453364372253,1.3837966918945312
0.12880349159240723,0.11014792323112488,1.2373462915420532
0.02279321849346161,-0.37137871980667114,1.0281381607055664
0.2632630467414856,0.25104469060897827,0.9542016983032227
0.07667801529169083,0.22553779184818268,1.15091872215271
-0.6115118265151978,0.0991554707288742,0.44290393590927124
-0.28962790966033936,-0.3358099162578583,0.9724051356315613
0.26225435733795166,0.18306273221969604,0.9692222476005554
-0.594154417514801,0.010751932859420776,0.8767015933990479
-0.2967580556869507,0.4425669014453888,0.8096335530281067
-0.6090007424354553,-0.18145757913589478,0.9779959917068481
-0.592379093170166,-0.3279690146446228,1.3265396356582642
-0.11718841642141342,0.18439224362373352,1.5601298809051514
-0.0294182226061821,0.1999676525592804,0.8581420183181763
0.23603370785713196,0.20298652350902557,1.385870337486267
-0.09795491397380829,-0.7521907091140747,0.7722511887550354
-0.4687555432319641,0.5261003971099854,1.231225848197937
0.004938505589962006,0.2814655601978302,0.7720713019371033
-0.3942396640777588,0.7511915564537048,1.1229103803634644
0.04760245978832245,0.2915751039981842,1.2676512002944946
0.1829504370689392,-0.485856831073761,0.827045738697052
-0.5352319478988647,0.43015357851982117,1.061920404434204
-0.06277108192443848,-0.615747332572937,0.89705890417099
-0.17675507068634033,0.4329487979412079,1.2353800535202026
-0.9932833313941956,-0.04152974858880043,1.0627323389053345
0.24912425875663757,-0.3203948438167572,1.0296725034713745
-0.18753507733345032,-0.22924736142158508,1.5563795566558838
0.10010894387960434,0.07229749113321304,1.4326374530792236
0.40218788385391235,-0.09741176664829254,0.8784477710723877
-0.16783222556114197,0.287857323884964,0.760532021522522
-0.005913302302360535,0.2842107117176056,1.52443528175354
0.13690830767154694,0.17878109216690063,1.1139180660247803
-0.23892629146575928,-0.6653110980987549,1.1952770948410034
-0.7948441505432129,-0.30179378390312195,1.2845134735107422
-0.5976257920265198,0.3102315664291382,1.0799428224563599
0.08887715637683868,0.2855590581893921,1.390959620475769
-0.6218377351760864,0.45008718967437744,1.3122637271881104
-0.6017069816589355,-0.06284503638744354,0.6322963833808899
0.1519831120967865,0.011086948215961456,0.8249600529670715
-0.8160946369171143,-0.049430087208747864,1.3249139785766602
-0.18706342577934265,-0.17060774564743042,1.2589097023010254
-0.03032546490430832,-0.1352788656949997,1.0859836339950562
-0.16744762659072876,0.47597891092300415,1.442043423652649
-0.021959107369184494,0.06346184015274048,1.4101063013076782
-0.34707993268966675,-0.021807610988616943,1.5042561292648315
0.284463107585907,-0.24112823605537415,1.0762876272201538
-0.1699492335319519,-0.20288655161857605,1.1100506782531738
-0.4234217703342438,0.3700515031814575,0.9214493036270142
-0.3896563649177551,-0.3064107894897461,1.4302139282226562
0.08580242842435837,-0.010660789906978607,1.3604481220245361
0.09648308902978897,0.22589799761772156,1.3253358602523804
-0.10414870828390121,0.3942708671092987,0.8687817454338074
0.2111741006374359,-0.570515513420105,0.9009625911712646
0.19188600778579712,0.017005059868097305,1.4364959001541138
0.3440369963645935,0.18114754557609558,1.2397921085357666
-0.15598458051681519,0.28537556529045105,1.196314811706543
-0.6882506608963013,0.06954748183488846,1.2123692035675049
0.047507233917713165,0.4334908127784729,1.2700014114379883
-0.3932660222053528,0.4755840003490448,1.1842633485794067
-0.244340717792511,0.16701743006706238,1.5640655755996704
0.0391991063952446,0.15426982939243317,0.9329282641410828
-0.5051862001419067,0.3618243932723999,0.9249475002288818
-0.9443553686141968,0.2754034996032715,1.1277103424072266
-0.36414408683776855,0.398255854845047,1.1434599161148071
-0.3718186020851135,-0.3549971580505371,1.1896662712097168
-0.056527506560087204,0.1663236767053604,1.2749193906784058
-0.3708433508872986,0.38726404309272766,1.2189419269561768
-0.1300242841243744,-0.15464052557945251,1.362803339958191
0.22815512120723724,0.143876314163208,1.3453816175460815
0.1633920967578888,0.319143682718277,1.3357069492340088
0.14712561666965485,0.5564147233963013,0.9135569334030151
-0.1487998068332672,-0.1747584342956543,1.0563017129898071
0.014499448239803314,0.059770893305540085,1.3227440118789673
-0.3945694863796234,0.5983271598815918,1.1082385778427124
-0.1514073759317398,0.28160780668258667,1.2030773162841797
0.2797945737838745,0.48712170124053955,1.060083270072937
0.010490983724594116,0.18242627382278442,0.8675480484962463
-0.6798783540725708,0.6825373768806458,0.7571431398391724
-0.014273971319198608,0.412488728761673,1.010944128036499
-0.12483629584312439,0.007389662321656942,1.5704388618469238
-0.0476660281419754,0.2969636619091034,1.38783597946167
-0.8235923647880554,-0.16185325384140015,0.6115399599075317
0.2453797459602356,0.17772166430950165,0.9461718797683716
-0.2742512822151184,-0.33888575434684753,0.8610578179359436
0.08395589888095856,0.047887541353702545,0.8923528790473938
0.037662673741579056,0.27062782645225525,1.4372575283050537
0.26209574937820435,-0.05752786993980408,0.8854801058769226
-0.5080729126930237,0.2633572220802307,1.3049982786178589
0.24332895874977112,-0.06983931362628937,1.3161832094192505
0.08002877235412598,0.22909948229789734,0.9081107378005981
-0.40810269117355347,0.4205760955810547,0.9981955885887146
-0.5076860785484314,-0.031002797186374664,1.475813627243042
0.3265632688999176,-0.02934570237994194,0.8876466155052185
-0.04764998331665993,-0.2290744036436081,1.0120229721069336
-0.35171210765838623,0.3522610664367676,0.8906421065330505
-0.6919929385185242,0.45858561992645264,1.296586513519287
-0.07680591195821762,-0.485802561044693,1.3680342435836792
-0.7194002270698547,0.3688410818576813,0.989047646522522
0.38821566104888916,-0.289281964302063,0.7633562684059143
-0.2687384784221649,-0.4777848720550537,1.0963166952133179
-0.2387528121471405,0.6938874125480652,1.0625447034835815
-0.6344326734542847,-0.6369695067405701,1.049304485321045
-0.5913536548614502,-0.08958451449871063,0.7552913427352905
-0.425748348236084,0.16744184494018555,1.0224921703338623
0.325041800737381,-0.30982527136802673,1.0787248611450195
-0.02174818515777588,-0.3723318874835968,1.029733657836914
-0.9304414987564087,-0.37719181180000305,0.8015141487121582
-0.4764713644981384,-0.4211548864841461,1.1039695739746094
-0.013721197843551636,-0.1244065910577774,1.499537706375122
0.08528512716293335,0.08379250019788742,0.8183109760284424
0.05720970779657364,0.04031935706734657,1.5418474674224854
-0.026752248406410217,0.5155555605888367,0.8116292357444763
-0.6014367341995239,0.3556770086288452,1.2829816341400146
-0.812045156955719,0.14920049905776978,1.1573177576065063
-0.050256893038749695,-0.5067328214645386,1.2893563508987427
-0.6388751268386841,-0.10047794133424759,1.2876752614974976
0.466402143239975,-0.03850771486759186,1.0459892749786377
0.14666733145713806,0.287842720746994,0.9399049282073975
-0.3998827338218689,-0.1323089301586151,1.4011836051940918
-0.38671568036079407,0.6564431190490723,1.303499698638916
0.07050621509552002,0.2121543288230896,0.9145664572715759
0.105172298848629,0.33703675866127014,0.9691066145896912
-0.1467496007680893,0.2221950739622116,1.5646812915802002
0.29386106133461,-0.256217896938324,0.9915557503700256
-0.6856799721717834,-0.1036095917224884,0.9913005828857422
-0.3078308701515198,-0.25915220379829407,1.2738475799560547
-0.14365921914577484,0.14136628806591034,1.579795479774475
-0.3194897770881653,0.3534814417362213,1.2559937238693237
-0.049900591373443604,0.5192010998725891,0.9492323994636536
-0.5683637857437134,-0.184909850358963,0.8469082713127136
-0.5080265998840332,-0.39275386929512024,0.8076150417327881
-0.005954422056674957,0.1426798403263092,1.325745701789856
-0.5932194590568542,0.7210618257522583,0.7686798572540283
-0.07922349870204926,0.3140805959701538,1.1837570667266846
-0.13738664984703064,0.16197237372398376,1.1459987163543701
0.5323638319969177,0.20881661772727966,0.7605551481246948
0.07800083607435226,0.24665245413780212,1.1876676082611084
0.09585193544626236,0.2008579522371292,1.0500527620315552
-0.5292719006538391,-0.34332433342933655,1.2833235263824463
-0.16985739767551422,-0.5515942573547363,0.890606701374054
-0.27101531624794006,-0.2650079131126404,1.0863219499588013
-0.028833791613578796,-0.5083510875701904,1.2110182046890259
-0.11980286985635757,0.25046274065971375,1.2046935558319092
-0.846646785736084,0.24273113906383514,1.1383541822433472
-0.78066486120224,-0.08128457516431808,1.4110074043273926
-0.20988623797893524,-0.04550054669380188,1.2928273677825928
-0.4264128804206848,-0.42333123087882996,0.9610905647277832
0.06708315759897232,0.16563458740711212,0.8243241310119629
-0.24246394634246826,-0.31332719326019287,1.3260722160339355
-0.2947930097579956,0.2662871479988098,1.3238558769226074
-0.8458402752876282,0.3414372503757477,1.0574203729629517
-0.5947659015655518,-0.25003382563591003,1.086772084236145
0.2802550792694092,0.1239890530705452,1.0148439407348633
0.21687521040439606,0.2366643100976944,1.1496812105178833
-0.8811453580856323,0.037851035594940186,1.0917037725448608
-0.23310072720050812,-0.2844102680683136,0.835659384727478
-0.516128659248352,-0.3116423189640045,0.8561582565307617
-0.5309154391288757,0.21403542160987854,0.946689784526825
-0.3218654692173004,0.39787694811820984,1.001347541809082
-0.31520146131515503,0.39624539017677307,1.4451448917388916
-0.0949954017996788,0.7744354605674744,0.8904611468315125
-0.3123379051685333,0.3557662069797516,1.056755781173706
-0.9787641763687134,-0.09584219753742218,0.9808114767074585
-0.0006547495722770691,0.38099735975265503,1.2804756164550781
0.007469043135643005,0.2354961782693863,1.413593053817749
-0.3336944878101349,0.5395691394805908,1.2415536642074585
-0.5740953087806702,0.489314466714859,0.9516629576683044
-0.40565553307533264,-0.34586673974990845,1.012419581413269
-0.20460975170135498,0.4991098642349243,1.0709015130996704
-0.14065808057785034,-0.3005056083202362,1.5178251266479492
-0.14605873823165894,-0.08864632248878479,1.3106483221054077
-0.47995954751968384,-0.09725490212440491,0.7895725965499878
-0.08864769339561462,0.42806437611579895,1.1667417287826538
-0.38881558179855347,-0.1690257042646408,1.2492163181304932
0.34584474563598633,0.3020065724849701,0.9512439966201782
0.5051481127738953,-0.22683319449424744,0.9989607334136963
0.2505020797252655,0.30808383226394653,1.244641900062561
0.0006669759750366211,-0.018855027854442596,1.2216432094573975
0.3359481692314148,-0.26907843351364136,1.1150786876678467
-0.3993765711784363,0.5028274655342102,0.8279988765716553
-0.7418404817581177,0.09106550365686417,1.0024946928024292
-0.5758352875709534,-0.17420154809951782,0.36453425884246826
0.39172378182411194,-0.25264620780944824,0.9983118176460266
-0.5421661138534546,0.1339101791381836,0.9536886811256409
0.2897863984107971,0.035944752395153046,1.2770788669586182
0.09253408759832382,0.11669981479644775,0.9239149689674377
-0.029069796204566956,0.07364986836910248,1.4052908420562744
-0.17193014919757843,0.6200120449066162,1.033588171005249
0.34697142243385315,0.02047175168991089,1.3705017566680908
-0.8715023994445801,-0.3518067002296448,0.8698902726173401
0.37634438276290894,0.0564742386341095,1.0016015768051147
-0.4622207581996918,-0.3092511296272278,1.0851669311523438
0.162815660238266,-0.2170988917350769,1.4483642578125
0.09202556312084198,0.3950459361076355,1.404191493988037
-0.10941331088542938,0.16925343871116638,1.1380378007888794
-0.3674381375312805,0.44231101870536804,0.9752386808395386
-0.016286596655845642,-0.017238521948456764,1.1648924350738525
-0.1518452763557434,0.309460312128067,0.9755259156227112
-0.5291639566421509,0.26182764768600464,0.4000144302845001
0.37778985500335693,-0.10782584547996521,1.0943104028701782
0.10436417162418365,0.0026541948318481445,1.2299652099609375
-0.755669116973877,0.19570180773735046,0.6929142475128174
0.05907178297638893,0.2304399013519287,1.3439924716949463
-0.22658471763134003,0.10689745843410492,1.2938119173049927
-0.29979628324508667,-0.2976457476615906,1.521138072013855
-0.02644897997379303,0.1965102255344391,1.047161340713501
-0.07065016031265259,0.5632525086402893,0.9179648160934448
-0.40464743971824646,-0.3973962962627411,1.1246150732040405
-0.0005387356504797935,0.05056934058666229,1.397552728652954
-0.09188605844974518,0.46280887722969055,1.46751070022583
-0.3174497187137604,-0.06293463706970215,1.163977861404419
-0.5333482027053833,-0.3121526539325714,1.4673442840576172
0.38798874616622925,0.09176960587501526,1.1056742668151855
-0.8780072927474976,-0.040250811725854874,1.2901575565338135
-0.5724968314170837,0.1623431146144867,0.6673210263252258
0.09228253364562988,0.5913731455802917,0.8011821508407593
0.4053124487400055,-0.3513299226760864,1.005629539489746
0.1596517562866211,-0.11700712144374847,1.48185396194458
0.06908828020095825,-0.11707336455583572,1.364194393157959
-0.3754860758781433,-0.5523070096969604,0.9235833883285522
-0.631851315498352,-0.5514154434204102,0.7693175673484802
-0.25542396306991577,-0.514866828918457,0.8066210746765137
0.1825626790523529,-0.1494763195514679,1.143665075302124
0.1656951606273651,0.07803533971309662,1.2501803636550903
0.03229949623346329,-0.2595173120498657,0.7691801190376282
-0.8266516923904419,-0.12714138627052307,1.0503654479980469
-0.14601333439350128,-0.0556333065032959,1.214937448501587
0.2996724247932434,0.146678626537323,0.8744697570800781
0.02279980480670929,-0.6901940703392029,0.9380097389221191
0.38280951976776123,-0.11596551537513733,1.1453158855438232
-0.8421589136123657,-0.24894075095653534,0.5321857333183289
-0.47884100675582886,0.07004226744174957,1.3172999620437622
-0.5576575994491577,-0.06296148896217346,1.3607158660888672
-0.9521347880363464,-0.3264869153499603,0.8213244676589966
0.2261071354150772,-0.39735525846481323,0.9517679810523987
-0.7007823586463928,-0.10629524290561676,0.7553040385246277
-0.07462038099765778,0.08062691986560822,1.1518186330795288
-0.18324822187423706,0.48022589087486267,1.1956138610839844
-0.4982561767101288,0.7027799487113953,0.7730521559715271
0.22590240836143494,0.5056157112121582,1.2789595127105713
-0.29640844464302063,0.14128002524375916,1.518011450767517
-0.10641060024499893,-0.38459378480911255,1.1993588209152222
0.016889669001102448,-0.5631502866744995,0.979699969291687
-0.39134538173675537,-0.3606227934360504,0.801389217376709
-0.32464104890823364,-0.18948550522327423,1.234187364578247
0.0779200941324234,0.6510372161865234,0.5780397653579712
-0.380056232213974,-0.269170343875885,1.482236623764038
-0.49954164028167725,0.04345085471868515,1.5330184698104858
-0.030448004603385925,-0.20940858125686646,0.8217095136642456
-0.6628495454788208,-0.31927168369293213,1.2384817600250244
-0.04759318381547928,-0.5479828119277954,0.782602846622467
0.3001248836517334,0.1398238241672516,1.3497793674468994
-0.6844754815101624,0.09075845777988434,0.3913985788822174
-0.04438183084130287,0.09941078722476959,1.2557719945907593
-0.07551702857017517,0.18297706544399261,1.1921006441116333
-0.11500155180692673,-0.0015137335285544395,1.4596375226974487
-0.7533803582191467,0.3583862781524658,0.5246568322181702
-0.0459117591381073,0.20319190621376038,1.238480567932129
-0.04708623141050339,0.45719271898269653,0.8778365850448608
-0.13526551425457,0.2624940574169159,1.54862380027771
-0.5928192734718323,-0.5562797784805298,1.132887840270996
-0.38779813051223755,-0.49255260825157166,1.3014434576034546
-0.17918720841407776,-0.23652535676956177,1.408029556274414
-0.08370926976203918,0.44431665539741516,0.9935052394866943
0.13088297843933105,0.0923507958650589,1.4921320676803589
0.12379992008209229,-0.2321857213973999,1.3328502178192139
0.1772450953722,-0.23436465859413147,1.3374961614608765
-0.36332112550735474,-0.2375689148902893,1.3476654291152954
-0.30236437916755676,-0.4153527617454529,1.3569992780685425
-0.039224110543727875,-0.28041401505470276,1.5139188766479492
0.014412673190236092,0.3846016228199005,1.2125910520553589
-0.1972803771495819,-0.7691867351531982,0.7989374399185181
-0.2712196111679077,-0.6635370254516602,1.1933850049972534
-0.5297039747238159,0.012076616287231445,1.4138450622558594
-0.06791068613529205,-0.22860559821128845,1.0956289768218994
0.2830450236797333,-0.24944500625133514,1.0133228302001953
-0.004872918128967285,-0.26430678367614746,1.482086181640625
-0.280365914106369,0.412300705909729,1.2730505466461182
-0.3952521085739136,-0.642363429069519,1.0902671813964844
-0.15006408095359802,-0.12691456079483032,1.4378466606140137
0.07926388084888458,-0.0488741360604763,1.3622801303863525
-0.4446622431278229,-0.5734646320343018,1.2830244302749634
-0.36887383460998535,0.37907150387763977,1.257068395614624
0.1585649996995926,-0.30018115043640137,1.1089096069335938
0.4008517265319824,0.04892457276582718,1.1616723537445068
-0.0196036696434021,0.32173043489456177,0.934956967830658
0.09114272892475128,0.51353919506073,0.8311241865158081
-0.49026262760162354,0.07821125537157059,1.2536985874176025
-0.007655139081180096,-0.4504551589488983,1.4197063446044922
0.18830953538417816,0.44324859976768494,1.173032283782959
-0.5743513107299805,-0.016657467931509018,1.3303922414779663
-0.4152156710624695,-0.1298910528421402,0.7647910118103027
-0.15599407255649567,0.10349545627832413,1.4002918004989624
-0.34076839685440063,-0.6898725032806396,0.6119780540466309
-0.404472291469574,-0.0021270141005516052,1.4654160737991333
0.133282870054245,0.3855295479297638,1.3998185396194458
-0.4564816653728485,-0.08039235323667526,0.8555177450180054
0.23836982250213623,0.22869570553302765,1.1796095371246338
-0.4227016866207123,-0.2490897923707962,1.5117506980895996
0.26342231035232544,0.44805994629859924,1.0870678424835205
-0.6599254608154297,-0.34539419412612915,0.48953646421432495
-0.12241621315479279,0.048468075692653656,1.5579025745391846
0.19372119009494781,-0.4973205327987671,1.0614635944366455
-0.5690981149673462,0.4667656421661377,0.6444154381752014
0.13286983966827393,0.4873797595500946,1.0457179546356201
0.1651778370141983,0.3388299345970154,1.0047688484191895
0.15931665897369385,0.5852739810943604,0.8155403733253479
0.37812817096710205,-0.13972629606723785,1.176620602607727
-0.10889478027820587,0.6375048160552979,1.0236687660217285
-0.40849900245666504,-0.536965012550354,0.9764701128005981
-0.3775425851345062,-0.3163885176181793,0.9381767511367798
-0.09885038435459137,0.33960533142089844,0.9877336621284485
-0.6104382276535034,0.0990070030093193,1.0481539964675903
-0.5391520261764526,0.03724931925535202,0.809200644493103
0.003948912024497986,0.04163545370101929,1.3469083309173584
-0.5432232618331909,0.4648689329624176,1.1683100461959839
-0.78923100233078,0.545484185218811,1.107824444770813
-0.27794620394706726,-0.20049411058425903,1.4113229513168335
-0.36326080560684204,-0.2987993359565735,0.9059867858886719
-0.3868216276168823,-0.0890246033668518,1.2939766645431519
-0.5196234583854675,0.255699098110199,1.4309393167495728
0.3034234642982483,-0.13767874240875244,1.1861480474472046
-0.11541657149791718,0.19955310225486755,1.4861440658569336
0.09991450607776642,0.08072255551815033,0.7905089259147644
-0.4096708297729492,-0.41173845529556274,1.140975832939148
-0.09973575174808502,0.18095895648002625,1.2027649879455566
-0.3063572943210602,-0.258816659450531,1.3784308433532715
-0.3782682716846466,0.28351569175720215,1.5365192890167236
-0.3201858401298523,-0.11585041880607605,1.2949274778366089
-0.48951101303100586,-0.44666993618011475,1.3206593990325928
-0.19435854256153107,0.4197809100151062,1.1856772899627686
-0.44181883335113525,-0.25672832131385803,0.8060336709022522
-0.09254758805036545,-0.2815340757369995,1.534558653831482
0.012935690581798553,-0.21495351195335388,1.4685757160186768
-0.6130592226982117,-0.11222672462463379,1.0780620574951172
0.33086034655570984,0.012491345405578613,1.2791918516159058
-0.38998883962631226,-0.6571476459503174,1.2248048782348633
0.07263045758008957,0.15711794793605804,1.1052322387695312
-0.2880032956600189,-0.6459776759147644,1.1442424058914185
-0.2802763283252716,-0.1338779330253601,0.8461581468582153
-0.059311315417289734,-0.26758137345314026,1.297592282295227
-0.28787761926651,0.6897791624069214,1.139488697052002
0.11394204944372177,0.1084405928850174,1.4155343770980835
-0.5310052037239075,0.5104824900627136,1.3779972791671753
0.12847895920276642,-0.13001734018325806,0.9046045541763306
0.24937322735786438,-0.4978642463684082,1.0030593872070312
-0.3811089098453522,-0.2612273693084717,1.2186521291732788
-0.5735372304916382,0.3051593005657196,0.7863998413085938
0.27606943249702454,0.31254199147224426,1.1450835466384888
0.09045317769050598,-0.379303902387619,0.8298881649971008
0.24780499935150146,0.00963113084435463,1.4519182443618774
0.4505622982978821,-0.27564921975135803,1.0116323232650757
0.30278921127319336,-0.06654652953147888,1.012629508972168
0.1407727599143982,-0.42570266127586365,0.9936082363128662
0.09676950424909592,-0.027637185528874397,1.3569347858428955
-0.027010299265384674,0.3753225803375244,1.463407039642334
0.46221688389778137,0.39553922414779663,0.8362042307853699
0.1666417419910431,0.1418539583683014,0.9819464683532715
-1.037721037864685,0.06256550550460815,0.8927389979362488
0.420492947101593,0.3433087170124054,1.023242473602295
-0.5022003054618835,0.09347568452358246,0.7879326343536377
-0.3597571551799774,0.5578261017799377,1.071051001548767
-0.17826849222183228,0.6152111291885376,1.1947593688964844
-0.5194804072380066,0.5175153017044067,1.2533210515975952
-0.005701828747987747,-0.4766319990158081,1.2277324199676514
-0.1026788204908371,0.3778868317604065,1.2464078664779663
-0.05111038312315941,0.38959407806396484,1.0433223247528076
-0.02121647447347641,0.22752976417541504,0.9823024272918701
-0.4641699492931366,-0.1901746541261673,1.4350520372390747
0.2839166820049286,0.13773319125175476,1.290144443511963
0.09093410521745682,0.21749067306518555,1.3856894969940186
-0.6332792639732361,0.7049949765205383,0.7531074285507202
0.06320656836032867,0.28216469287872314,0.9110163450241089
-0.40620291233062744,-0.07506048679351807,1.326499581336975
-0.6705507040023804,0.19385211169719696,0.7586802840232849
0.39106354117393494,0.21063709259033203,1.2983169555664062
0.4393919110298157,0.345267117023468,1.0854572057724
-0.3595168888568878,-0.1433047503232956,1.3018057346343994
-0.3643229603767395,-0.38390785455703735,0.8975013494491577
-0.3369825482368469,0.6022217273712158,1.0978821516036987
-0.04927947372198105,0.08011232316493988,1.193325161933899
-0.28478431701660156,0.41331303119659424,0.8184814453125
0.5334668159484863,0.021430470049381256,0.8565108180046082
-0.4993032217025757,0.6749323010444641,0.7309620380401611
-0.05149391293525696,0.30867284536361694,1.2922947406768799
0.268227219581604,0.1312555968761444,1.3378663063049316
-0.3676895797252655,0.2006753832101822,1.236768126487732
-0.42495495080947876,0.20690195262432098,1.2599194049835205
-0.6373012661933899,0.3591729402542114,1.370914340019226
0.04622657597064972,-0.38460999727249146,1.3921709060668945
0.10657669603824615,-0.17974883317947388,0.9183761477470398
-0.6515311598777771,-0.30626702308654785,0.9479237198829651
-0.24920128285884857,0.02827347069978714,1.5802435874938965
0.4254668056964874,0.11740261316299438,0.8864086866378784
0.13183045387268066,-0.6645256280899048,1.0476274490356445
-0.060525596141815186,-0.4526212811470032,0.9187964200973511
0.08592948317527771,0.06359561532735825,0.8772066235542297
-0.5185628533363342,-0.20408126711845398,1.5270931720733643
0.009306468069553375,0.6401965022087097,0.750476062297821
-0.022683247923851013,0.03742597997188568,1.5499515533447266
-0.08172044157981873,0.1538829356431961,1.4822384119033813
0.16918517649173737,0.16420118510723114,0.7829578518867493
-0.654312789440155,-0.2838492691516876,1.1112897396087646
-0.7057173848152161,0.30424436926841736,0.4815409481525421
-0.590380072593689,0.3865549862384796,1.1791081428527832
-0.12056810408830643,0.5856939554214478,1.0710039138793945
0.11527616530656815,0.24414926767349243,1.3652584552764893
0.08070960640907288,0.39538806676864624,0.9843153953552246
-0.05208996683359146,-0.2391822636127472,1.235610008239746
-0.4682367444038391,-0.25104066729545593,1.3613536357879639
-0.01200932264328003,0.2077622413635254,1.357675552368164
0.09533727169036865,0.25166621804237366,1.4309775829315186
-0.23305672407150269,0.23101064562797546,1.4040855169296265
0.1962321698665619,-0.24160811305046082,1.148221731185913
-0.5115482807159424,0.05290460214018822,1.3779197931289673
-0.5941092371940613,0.09316996484994888,1.4452623128890991
0.03687092289328575,-0.014724336564540863,1.0458855628967285
-0.36840009689331055,-0.288034051656723,1.5195496082305908
0.08090274780988693,0.14536404609680176,0.9703527688980103
-0.5007630586624146,0.44690826535224915,1.282928466796875
0.2464565634727478,0.015519637614488602,0.9477651715278625
-0.17313450574874878,-0.23522554337978363,1.4643168449401855
0.2612054944038391,-0.2462264597415924,1.1124979257583618
-0.23144017159938812,0.6598002314567566,1.161083459854126
-0.19281107187271118,0.5815132856369019,0.8617044687271118
-0.46538108587265015,0.013869911432266235,1.3517528772354126
-0.4366914629936218,-0.46754351258277893,1.2980139255523682
-0.5793681144714355,0.28026390075683594,1.005170464515686
-0.40284907817840576,0.2736157178878784,1.3973078727722168
0.10656189918518066,-0.10684133321046829,1.2381705045700073
-0.2769663631916046,-0.12024636566638947,1.5276739597320557
-0.18930675089359283,0.37070712447166443,1.4821516275405884
0.08293503522872925,-0.2189299762248993,1.0330445766448975
-0.01627393439412117,-0.4427892863750458,0.9636834859848022
0.059695810079574585,-0.021267525851726532,1.2423654794692993
-0.29386594891548157,-0.3264252841472626,1.3612146377563477
-0.4714852273464203,-0.4553505778312683,1.392453908920288
-0.6745774149894714,-0.05313791707158089,1.398226261138916
-0.6881153583526611,-0.4383887052536011,0.7487781047821045
0.040359899401664734,-0.2724633812904358,1.29091477394104
-0.687040388584137,0.1867281049489975,0.37791621685028076
0.06855247914791107,0.3604831099510193,1.2206859588623047
-0.23062777519226074,0.7086774706840515,1.2063331604003906
-0.5282164812088013,0.38987934589385986,1.3415054082870483
-0.4198789596557617,0.5079573392868042,0.750855028629303
0.11336830258369446,0.5096536874771118,1.2599049806594849
-0.3193928301334381,-0.029618466272950172,1.5666048526763916
-0.686410665512085,0.4039032459259033,1.1420273780822754
-0.08790265023708344,0.5037555694580078,1.0322476625442505
0.06431698054075241,0.1293843537569046,0.8150246739387512
-0.13231728971004486,-0.26700881123542786,1.0303606986999512
0.16449493169784546,0.16371025145053864,1.366484522819519
-0.16775529086589813,0.7771269083023071,1.0988435745239258
0.06409893929958344,0.2188827395439148,0.8364648222923279
0.18450497090816498,-0.45299237966537476,1.172001838684082
0.36031755805015564,0.22377866506576538,0.991525411605835
-0.2885333001613617,0.29811909794807434,1.5434364080429077
0.049050815403461456,0.07550612837076187,1.0623779296875
-0.010915227234363556,0.45013293623924255,1.2482264041900635
-0.144296795129776,-0.46133142709732056,1.2885921001434326
-0.4270504415035248,0.009765423834323883,1.297178030014038
0.313975989818573,0.297065794467926,1.0658464431762695
-0.07503440976142883,-0.43643856048583984,1.4615052938461304
-0.6084181070327759,-0.48159360885620117,1.2713322639465332
0.19981810450553894,0.45260632038116455,0.9991638660430908
0.1297413408756256,-0.0716005191206932,1.4748542308807373
0.13258862495422363,0.08885857462882996,1.2837241888046265
-0.2588871121406555,0.3184935450553894,1.5406454801559448
0.26704850792884827,-0.026276960968971252,1.2777972221374512
-0.8216667175292969,0.15607771277427673,1.0867445468902588
-0.6516174077987671,-0.2170616090297699,1.4203587770462036
-0.00555109977722168,-0.0951644778251648,1.370322346687317
0.1376596987247467,-0.2852756083011627,0.8001408576965332
-0.14003145694732666,0.3382623791694641,1.442196011543274
0.2608424425125122,0.11370022594928741,0.8568449020385742
-0.37932705879211426,0.42454153299331665,0.7687856554985046
-0.18189074099063873,0.6581010222434998,0.9052854776382446
-0.35702499747276306,0.2628469467163086,1.3547803163528442
0.35328197479248047,-0.4802631139755249,1.0274235010147095
-0.2649643123149872,0.27884021401405334,1.2783396244049072
0.020156659185886383,0.0677400678396225,1.507386326789856
0.1912364363670349,0.6450468301773071,1.0703392028808594
-0.07499814033508301,0.25228363275527954,1.2148211002349854
0.036833301186561584,0.2590877413749695,1.4851326942443848
-0.8650230169296265,0.49031928181648254,1.006041169166565
-0.5993415713310242,-0.04509817808866501,0.7745046615600586
0.026395391672849655,0.35281091928482056,1.2955232858657837
-0.08693795651197433,0.00010935962200164795,1.073782205581665
-0.2952701151371002,-0.41124391555786133,1.2526590824127197
0.4144001007080078,0.33666113018989563,0.9882696866989136
0.017174452543258667,-0.40223297476768494,0.97449791431427
-0.7081829309463501,0.15694329142570496,0.4618081748485565
-0.30074265599250793,-0.49143534898757935,1.058868408203125
0.18446345627307892,0.08506208658218384,1.0277783870697021
-0.7895150184631348,0.1781298816204071,1.1040773391723633
-0.39949464797973633,0.807945728302002,0.8829188346862793
-0.01469501107931137,-0.28386420011520386,1.1691054105758667
-0.2515934109687805,-0.16820164024829865,1.495682716369629
-0.1621110588312149,-0.07413149625062943,1.227561116218567
-0.010735820978879929,0.27940633893013,1.4379310607910156
-0.5176079869270325,-0.5585535764694214,1.0212374925613403
0.129519522190094,0.4963284730911255,1.3112396001815796
-0.7274598479270935,-0.23060312867164612,0.7867763042449951
-0.09046737849712372,-0.1425355225801468,1.3668699264526367
-0.8434728384017944,-0.09706269204616547,1.31060791015625
0.2680518925189972,0.2779698967933655,1.3632396459579468
-0.2233712375164032,-0.13730475306510925,1.5610207319259644
0.2291988730430603,0.02730138599872589,1.0651516914367676
0.27494099736213684,0.0801074355840683,0.9148575067520142
-0.4151309132575989,-0.488827645778656,1.3633747100830078
-0.7076602578163147,0.008823782205581665,0.7023080587387085
0.28162235021591187,0.3105199933052063,0.9313154220581055
0.2892749011516571,0.2300128936767578,1.0631006956100464
-0.30753597617149353,0.41833388805389404,1.4228882789611816
-0.6980070471763611,-0.16606631875038147,1.3397287130355835
0.4729525148868561,0.18674352765083313,1.1542335748672485
-0.7115088701248169,-0.2919617295265198,1.223280429840088
-0.05327718332409859,0.24248601496219635,1.392166256904602
-0.46492621302604675,0.6783139705657959,1.1059404611587524
0.44040486216545105,0.03854496777057648,1.1578387022018433
-0.10637165606021881,0.5118202567100525,1.3965157270431519
0.15171420574188232,0.4414621591567993,0.7712793350219727
-0.5286149382591248,0.07508507370948792,0.833156406879425
-0.31577104330062866,-0.47275546193122864,1.2787810564041138
0.28788602352142334,0.25766268372535706,1.1032483577728271
0.009602859616279602,0.44376039505004883,1.3141236305236816
-0.029255017638206482,-0.11487603187561035,1.4075818061828613
-0.6923894286155701,-0.21045657992362976,0.9931826591491699
-0.6553316116333008,0.14985737204551697,1.2762364149093628
-0.7241088151931763,0.36910325288772583,1.2990248203277588
0.12352154403924942,-0.39180174469947815,0.9754737615585327
0.11814607679843903,0.04359074681997299,1.4583863019943237
-0.48151150345802307,0.3384205102920532,1.476198434829712
-0.37830621004104614,0.7367622256278992,0.5712110996246338
-0.10464581847190857,0.4318041503429413,1.3673237562179565
0.09726572036743164,0.11593975126743317,1.4454758167266846
0.5320744514465332,0.20830637216567993,0.7818869352340698
-0.030895784497261047,0.2891879975795746,1.1472140550613403
-0.49186038970947266,0.39332813024520874,1.381323218345642
0.22615212202072144,0.4082172214984894,1.0136709213256836
-0.11631017923355103,-0.11353816092014313,1.506842017173767
-0.21390824019908905,-0.27568256855010986,1.1776142120361328
-0.385400652885437,0.4005657434463501,1.4402110576629639
0.10285425186157227,0.500900149345398,1.256526231765747
-0.21226292848587036,0.07362519204616547,1.3571583032608032
-0.22418943047523499,0.7983042597770691,0.8979813456535339
0.16829346120357513,0.4317415952682495,0.8774540424346924
0.035690270364284515,-0.025479409843683243,1.3125100135803223
0.4419000446796417,0.2749912142753601,1.1712239980697632
-0.15630178153514862,-0.23265430331230164,1.256639003753662
0.14801755547523499,0.4888414740562439,0.9190929532051086
0.2281215637922287,-0.42461299896240234,0.7746433019638062
0.2762905955314636,-0.21520236134529114,0.9616777896881104
-0.40495601296424866,-0.2979387044906616,1.1558274030685425
-0.05576494336128235,-0.4498032033443451,1.1038038730621338
-0.10047094523906708,-0.1348150372505188,1.5618033409118652
0.09242985397577286,-0.10654067993164062,0.8588122725486755
-0.6787161827087402,-0.10740731656551361,1.3240296840667725
-0.4081433415412903,0.027249373495578766,1.2615607976913452
-0.09129811078310013,0.4064258635044098,0.9615049362182617
-0.5451898574829102,0.13389520347118378,1.3590173721313477
0.19446434080600739,0.4667579233646393,1.2127765417099
-0.8584046959877014,0.27438706159591675,0.898983895778656
0.06065043807029724,0.1700746715068817,0.7991538643836975
-0.3357440233230591,0.5912936925888062,1.2666418552398682
0.026819728314876556,0.18349295854568481,1.4701324701309204
-0.49312910437583923,0.767813503742218,0.7612550258636475
0.06493927538394928,0.3401111960411072,0.7878913879394531
0.21777154505252838,0.609767735004425,0.9343736171722412
0.049631744623184204,-0.21197983622550964,1.0199320316314697
0.13881459832191467,-0.5800691246986389,0.8351224064826965
0.058843858540058136,0.21726202964782715,0.9683451652526855
-0.06997083872556686,-0.4602257013320923,1.0835994482040405
-0.13484147191047668,0.43683964014053345,1.4769227504730225
0.25168469548225403,0.042578600347042084,0.9053470492362976
-0.10277426987886429,-0.4133596420288086,1.4434707164764404
0.1784972995519638,0.3544936180114746,1.0142958164215088
0.49652814865112305,-0.12927475571632385,0.8559223413467407
0.012945152819156647,0.1677088737487793,1.3230441808700562
-0.41001492738723755,0.7850795388221741,0.7369242310523987
-0.7917274832725525,0.014617085456848145,1.2161509990692139
-0.008889302611351013,0.33405932784080505,1.2569583654403687
-0.0992574691772461,0.5451724529266357,1.0235989093780518
-0.2387654036283493,0.4567059576511383,1.2596402168273926
0.1168113499879837,0.47305989265441895,1.1689773797988892
0.01815897971391678,0.22889739274978638,1.4733623266220093
-0.24057051539421082,0.11486305296421051,1.3480076789855957
-0.01645922288298607,-0.3166908025741577,1.1803597211837769
-0.29041075706481934,0.06266474723815918,1.5805470943450928
-0.3785492181777954,0.13661928474903107,0.8153787851333618
-0.5576180219650269,0.08122618496417999,0.8161123991012573
-0.6292102932929993,-0.10304033756256104,1.312739610671997
-0.2233530879020691,-0.4408501088619232,0.93867027759552
0.1369139552116394,-0.3303331434726715,1.0012905597686768
-0.7377036809921265,0.29466164112091064,0.9544366598129272
-0.0744103416800499,0.5583714246749878,1.1473983526229858
0.112541064620018,0.311974436044693,0.9976968765258789
0.29742568731307983,0.22066126763820648,1.096860408782959
0.4305932819843292,0.41382214426994324,0.9632604122161865
-0.02201876789331436,-0.23313765227794647,1.0517253875732422
-0.11064404994249344,0.016487153246998787,1.3195874691009521
-0.2249296009540558,0.15535908937454224,1.5643408298492432
0.04633013904094696,-0.02640458196401596,0.9012503623962402
-0.3161577582359314,-0.4116280674934387,1.1106452941894531
-0.0784076377749443,0.5584648847579956,1.144058346748352
-0.2565343976020813,-0.6933929920196533,1.1089953184127808
-0.5314128398895264,-0.09763970226049423,0.9022701382637024
-0.25726884603500366,0.7378785610198975,0.5857678651809692
-0.29622918367385864,0.4530600607395172,1.0938074588775635
-0.5258694887161255,0.5959709882736206,0.9755420684814453
-0.4784066677093506,0.3436643183231354,1.1889910697937012
0.08714599907398224,-0.20304055511951447,1.4894055128097534
-0.2861355245113373,-0.23594868183135986,1.3293417692184448
0.0344390794634819,-0.5270014405250549,0.8681018352508545
-0.39303773641586304,0.5206352472305298,1.3618885278701782
-0.4125785231590271,-0.10517094284296036,1.2239736318588257
-0.704291582107544,0.07487773895263672,1.321446180343628
-0.21101811528205872,0.3625490665435791,0.9157100319862366
-0.9203694462776184,-0.1287696659564972,1.1779863834381104
0.17214003205299377,0.3563978374004364,1.1881349086761475
-0.3714699447154999,-0.7549636960029602,0.7675860524177551
-0.6020887494087219,0.3128187656402588,0.9990717172622681
0.09523145854473114,0.09781169891357422,1.5016851425170898
0.37078550457954407,0.1172102838754654,0.8960676789283752
-0.03027845174074173,-0.13634437322616577,0.7704973816871643
0.034162960946559906,-0.2099713534116745,1.4814746379852295
0.2556266784667969,0.10731774568557739,1.2164677381515503
-0.1075611263513565,-0.2082495391368866,1.440826654434204
-0.007497169077396393,-0.3482385277748108,1.2883793115615845
-0.35515549778938293,0.5839096307754517,1.172462821006775
0.13889889419078827,0.12265682220458984,1.3989465236663818
0.5225565433502197,-0.011781491339206696,0.8023261427879333
-0.394026517868042,0.12868443131446838,1.4490357637405396
0.43226516246795654,0.21325631439685822,0.9833305478096008
0.13380815088748932,-0.27769404649734497,0.912696361541748
-0.3201093077659607,0.5301743149757385,1.251081943511963
0.14519217610359192,0.11725066602230072,1.0860222578048706
0.203237384557724,-0.08207041025161743,0.771835207939148
0.1953774094581604,-0.16332583129405975,1.427348017692566
-0.4512068033218384,-0.3623798191547394,1.3189126253128052
0.3240292966365814,0.021574072539806366,1.2035002708435059
-0.21127842366695404,-0.22896398603916168,1.386716604232788
0.28424710035324097,0.4053035378456116,0.9056859016418457
-0.14303407073020935,-0.11084043234586716,1.5764484405517578
-0.024101078510284424,-0.28055623173713684,1.0902918577194214
-0.04168672859668732,0.30142155289649963,1.3644152879714966
0.2795834243297577,0.2999145984649658,1.1614948511123657
-0.7394247651100159,0.38651639223098755,1.2640455961227417
-0.6503722667694092,0.5636777281761169,0.6599891185760498
-0.26556628942489624,0.6949887275695801,0.9313290119171143
-0.47486114501953125,-0.3235481381416321,1.265597939491272
0.1109744980931282,-0.27058058977127075,0.9597848057746887
-0.09209361672401428,-0.17742609977722168,1.202038288116455
-0.19634127616882324,0.6692100167274475,1.1467747688293457
-0.8580019474029541,-0.22605982422828674,0.9359844923019409
-0.5248957872390747,-0.2885354459285736,0.8546969890594482
0.028467625379562378,0.2907680869102478,1.1822044849395752
-0.5476593971252441,0.11298055201768875,0.6897228360176086
0.18667490780353546,0.12499741464853287,1.4604995250701904
-0.539826512336731,0.3264654278755188,0.4266152083873749
0.3756219148635864,0.09560538083314896,1.2112188339233398
-0.3501296639442444,0.7635343074798584,0.9494284987449646
0.11033892631530762,0.4361546039581299,1.2688809633255005
-0.780449628829956,-0.3303380012512207,0.48499515652656555
-0.022855382412672043,-0.18219885230064392,1.3133400678634644
0.2468811571598053,-0.6060627698898315,0.9358713626861572
0.18003956973552704,0.4609307646751404,1.2896419763565063
-0.41917815804481506,0.12161289900541306,1.3268647193908691
-0.18239012360572815,-0.18469858169555664,1.4942151308059692
-0.3395872712135315,-0.4808659553527832,1.0031542778015137
0.2972342371940613,0.15745750069618225,1.079224944114685
0.03482407331466675,0.5027730464935303,1.2323182821273804
0.26321667432785034,-0.3312717378139496,1.133236050605774
-0.7789900898933411,-0.07198941707611084,1.2792412042617798
0.032761771231889725,-0.17038604617118835,1.2403370141983032
0.25988805294036865,-0.05725836381316185,1.0029815435409546
0.00041440874338150024,0.4580152928829193,1.0558321475982666
-0.6548121571540833,-0.20604434609413147,1.1279240846633911
-0.26347821950912476,0.4621840715408325,1.0406419038772583
-0.6835429668426514,0.07760465145111084,1.4033252000808716
-0.677817702293396,0.613558292388916,0.6189893484115601
-0.5858997106552124,0.18427148461341858,0.8425782918930054
-0.21468326449394226,0.43349188566207886,0.8939759731292725
0.019783005118370056,-0.4748768210411072,1.3726961612701416
0.13691206276416779,-0.5406931638717651,0.9636123180389404
-0.17833010852336884,0.3878278434276581,1.2574524879455566
-0.2832958400249481,0.18898622691631317,1.3399440050125122
-0.28327101469039917,0.020569276064634323,1.4966129064559937
0.13119688630104065,-0.27482151985168457,0.9825303554534912
0.025675352662801743,0.7392547726631165,1.0972599983215332
-0.08332163095474243,-0.1932520568370819,1.3048710823059082
0.23266351222991943,0.27473101019859314,1.1145097017288208
0.14023873209953308,-0.10974866896867752,1.0102955102920532
-0.4710261821746826,0.017884841188788414,1.5588231086730957
0.24651023745536804,0.28804582357406616,1.3717412948608398
0.08009268343448639,-0.48892754316329956,0.9467833042144775
-0.5194945931434631,0.10698387026786804,0.7513099908828735
-0.03207477182149887,-0.08156666904687881,1.1816325187683105
-0.6178121566772461,0.6620540618896484,1.0087586641311646
-0.6400455236434937,-0.3593873083591461,1.2652450799942017
0.24694041907787323,0.169936403632164,0.8666138648986816
0.22640293836593628,0.2587735950946808,1.1011641025543213
0.030639898031949997,0.3030054569244385,1.03168785572052
-0.12744972109794617,-0.37413910031318665,1.1906304359436035
-0.647833526134491,0.3210635781288147,0.9019575715065002
0.011160336434841156,0.4456566274166107,0.9214702844619751
-0.171383798122406,0.15297576785087585,1.4291576147079468
-0.5783275365829468,0.6018586158752441,0.9644110202789307
-0.0987764298915863,-0.08914746344089508,1.1297714710235596
-0.030764780938625336,-0.48993200063705444,1.3748456239700317
-0.436048686504364,0.4875485897064209,1.0001252889633179
-0.4942810833454132,0.288210391998291,1.4778685569763184
-0.5047973990440369,-0.3267163634300232,1.0038256645202637
-0.1944575011730194,-0.08879998326301575,1.2865338325500488
-0.6127734184265137,0.03626018017530441,0.3631422817707062
0.20065918564796448,-0.009421378374099731,1.003231167793274
-0.09390287101268768,-0.46687063574790955,1.2683665752410889
-0.46843621134757996,-0.4784337878227234,0.9246314167976379
0.27118954062461853,0.4587109386920929,0.8600823879241943
-0.11978185176849365,0.4097974896430969,0.7924247980117798
-0.528948187828064,-0.39381909370422363,0.7058239579200745
0.207802414894104,0.4394243359565735,1.2580666542053223
0.03791181370615959,0.21641214191913605,1.1670632362365723
-0.37464821338653564,0.4938955307006836,1.2977715730667114
0.2552768588066101,0.18351128697395325,1.3555169105529785
0.16322258114814758,0.2646706700325012,0.9862637519836426
-0.22838380932807922,0.6869358420372009,0.631135880947113
-0.6438672542572021,-0.1085064560174942,0.8044286370277405
-0.3480912148952484,0.31335118412971497,1.3729209899902344
-0.5698000192642212,0.6791992783546448,1.0554903745651245
0.42172566056251526,-0.3142220377922058,1.1235837936401367
-0.07570084184408188,0.4821430444717407,0.9864587187767029
-0.07005231082439423,-0.5328893661499023,1.2306100130081177
-0.34947481751441956,-0.49315863847732544,1.057774305343628
-0.35612592101097107,-0.4239257276058197,1.4156142473220825
-0.5749518871307373,-0.008164197206497192,0.6166526079177856
-0.1719312220811844,-0.2394801676273346,1.3173828125
-0.3980996906757355,-0.100625179708004,0.8913453817367554
-0.5667928457260132,0.10618449747562408,0.6184648871421814
0.15471425652503967,-0.25580769777297974,1.2731636762619019
-0.6045310497283936,0.6825095415115356,0.9686406850814819
-0.1238660216331482,0.5866355895996094,1.3742377758026123
-0.1606045514345169,0.2923927307128906,1.5377676486968994
-0.00229838490486145,0.3890535831451416,1.315258264541626
-0.3891856372356415,0.34018316864967346,0.7510440349578857
-0.3713126480579376,-0.5159968137741089,1.078576683998108
0.34111136198043823,-0.3832927644252777,1.1898595094680786
-0.11634932458400726,0.3894948959350586,1.506044626235962
-0.4365326166152954,0.7499423027038574,0.8451149463653564
-0.12136346101760864,-0.21174757182598114,1.3943560123443604
-0.7417418360710144,0.32622119784355164,0.5669872760772705
0.11594533175230026,0.6057001352310181,0.9890929460525513
-0.36438146233558655,0.3302725553512573,1.1399829387664795
0.21082529425621033,0.06806069612503052,0.8934029340744019
0.1420726478099823,0.24500687420368195,1.1596211194992065
0.18802697956562042,0.17180395126342773,1.0043634176254272
-0.38422778248786926,0.450846791267395,1.3946056365966797
0.18414482474327087,-0.2770752012729645,0.7798867225646973
-0.19159574806690216,-0.21400262415409088,1.4698396921157837
-0.3247905969619751,-0.32692447304725647,0.7659951448440552
-0.23222917318344116,0.5016204714775085,1.1126704216003418
0.15680262446403503,0.3047173023223877,1.1572132110595703
-0.34798431396484375,0.42333632707595825,1.251488447189331
-0.02936185523867607,0.24944324791431427,1.4236319065093994
-0.3341395854949951,0.6269668936729431,0.7074965238571167
0.4447326064109802,0.08931776881217957,0.9239658117294312
-0.207797572016716,0.049161605536937714,1.422208547592163
0.2114519625902176,0.3595772385597229,0.9735723733901978
-0.568123459815979,-0.30898961424827576,0.9793823957443237
-0.6131587624549866,-0.458744078874588,1.2050782442092896
-0.8607220649719238,-0.049117304384708405,1.0891685485839844
0.22120296955108643,0.3939724862575531,0.8167344927787781
-0.0325290746986866,-0.1432611048221588,0.8019407987594604
-0.06890995055437088,-0.17991182208061218,1.5504404306411743
-0.21314933896064758,0.17469342052936554,1.2805111408233643
0.19024550914764404,0.032052889466285706,1.3342925310134888
-0.581630527973175,0.4240521192550659,1.0579397678375244
-0.14845143258571625,0.0038812756538391113,1.2968428134918213
0.02592496946454048,0.2731766700744629,1.358006477355957
-0.8950075507164001,0.12231442332267761,1.2533868551254272
0.2755519449710846,0.10295693576335907,1.3202965259552002
-0.41419583559036255,-0.06092261150479317,1.051055908203125
-0.17579877376556396,-0.02230600267648697,1.3303959369659424
0.38414686918258667,0.2613966464996338,1.0928611755371094
0.19643321633338928,-0.3344312012195587,0.8194085359573364
-0.20143193006515503,0.15176047384738922,1.5651888847351074
-0.4543035328388214,0.1647588461637497,1.3795207738876343
-0.011508811265230179,-0.19213752448558807,0.7761725187301636
-0.06993604451417923,0.2771660089492798,1.311174988746643
-0.24205796420574188,-0.13033923506736755,1.2799649238586426
-0.7243086099624634,-0.21075090765953064,1.1092698574066162
-0.1033751368522644,0.599683940410614,0.9734752774238586
-0.017638366669416428,-0.2878655195236206,0.8132477402687073
-0.09798717498779297,0.21893349289894104,1.3402411937713623
-0.19047635793685913,0.5248340368270874,1.209911823272705
0.22737246751785278,0.19262975454330444,1.4236689805984497
-0.07989495247602463,0.681428074836731,0.6845111846923828
-0.1971745640039444,0.12103041261434555,1.4102225303649902
0.1813490390777588,-0.5613470673561096,1.160452127456665
0.1136532574892044,0.3686525821685791,0.9096882343292236
-0.1387890875339508,-0.18624980747699738,1.5409023761749268
-0.05746456980705261,-0.6292559504508972,0.757648229598999
0.06302081793546677,0.11826340854167938,0.842809796333313
0.2941330671310425,0.22203490138053894,1.247527837753296
0.31043726205825806,0.08763580024242401,0.8964160084724426
-0.013183465227484703,-0.23433735966682434,1.282779574394226
-0.3195665180683136,-0.08615957200527191,1.5610021352767944
0.12365508824586868,0.2075827568769455,0.9082075953483582
-0.30620238184928894,0.6465892195701599,0.9771690368652344
-0.18527399003505707,-0.5333139896392822,0.9144929051399231
0.05352524667978287,0.17403629422187805,1.4238380193710327
-0.11801116168498993,0.636533260345459,1.3365068435668945
-0.14859017729759216,0.20699182152748108,1.5658378601074219
-0.6433787941932678,-0.03489679843187332,1.414189100265503
-0.20150333642959595,0.20808616280555725,1.4995124340057373
-0.38701802492141724,0.4562610387802124,1.054695725440979
-0.15870048105716705,0.3144339323043823,1.1309248208999634
-0.2579008936882019,-0.21951435506343842,1.3814244270324707
0.26844555139541626,0.027745291590690613,1.1457682847976685
-0.3313902020454407,0.4465104639530182,1.288523554801941
-0.17880959808826447,0.43682217597961426,1.114436149597168
-0.13131356239318848,-0.35695722699165344,1.5125832557678223
-0.7083843946456909,0.2268907129764557,1.3544431924819946
-0.9616674780845642,0.11064615100622177,0.5636723041534424
-0.3723163306713104,-0.35882043838500977,0.8920102119445801
-0.33953747153282166,-0.4361238479614258,1.3855011463165283
-0.34231799840927124,0.011973017826676369,1.5681445598602295
-0.6402658224105835,-0.37993815541267395,1.3090728521347046
-0.1235208809375763,-0.10876481980085373,1.5605614185333252
-0.7321096062660217,-0.6183781623840332,0.8949693441390991
-0.4015026092529297,0.6092562079429626,1.1094805002212524
0.2619689106941223,-0.2750301957130432,1.0918842554092407
0.09990860521793365,-0.4255289137363434,0.9741328358650208
-0.4696107506752014,0.0006221476942300797,1.2480626106262207
0.24175989627838135,0.41804060339927673,0.9400057792663574
-0.35173532366752625,-0.1635899543762207,1.4662692546844482
-0.5765753984451294,0.2834525406360626,1.3374216556549072
0.5038316249847412,0.10905561596155167,0.758256196975708
-0.18248118460178375,0.43420326709747314,0.8631386160850525
-0.5865767002105713,0.5068578124046326,0.47178971767425537
-0.49353986978530884,0.7130532264709473,1.0864455699920654
0.3474821150302887,0.3497089147567749,0.7829986810684204
0.0035983212292194366,0.48432624340057373,1.1364147663116455
-0.6748260259628296,0.0663742944598198,0.4491378664970398
-0.04476408660411835,-0.16547374427318573,1.548138976097107
-0.0024384763091802597,0.38714754581451416,1.443587064743042
0.11876004934310913,-0.5559137463569641,1.126401424407959
0.45103952288627625,-0.15285661816596985,0.9359078407287598
-0.10657745599746704,-0.34098997712135315,0.8687203526496887
-0.223229318857193,0.25412359833717346,0.7792861461639404
-0.07088448107242584,-0.6186767220497131,0.9196170568466187
-0.06008985638618469,-0.5286499857902527,0.888428807258606
0.27677062153816223,-0.01701885461807251,1.3591006994247437
0.23939134180545807,0.5972951650619507,1.04859459400177
-0.26296666264533997,0.5413421392440796,0.8462498784065247
0.13399380445480347,0.40455523133277893,1.044593095779419
-0.11945971846580505,0.5879790782928467,0.8366754055023193
0.29315364360809326,-0.3258352279663086,1.0761737823486328
-0.6004118323326111,-0.17810164391994476,0.8123078942298889
0.15191851556301117,-0.2715567946434021,1.1869882345199585
-0.4856529235839844,-0.248698890209198,0.7963860034942627
0.011870428919792175,0.46760156750679016,1.056584119796753
0.24296684563159943,-0.4864015281200409,0.7770953178405762
-0.032320909202098846,-0.42800173163414,1.123774528503418
0.18141958117485046,0.393107146024704,1.2747869491577148
-0.6216225028038025,0.3177272081375122,0.5657369494438171
-0.20835909247398376,0.24805006384849548,1.5059677362442017
-0.7391291856765747,0.38802430033683777,0.952730119228363
-0.7997521758079529,-0.40915820002555847,0.9386674761772156
0.19025611877441406,-0.2925715744495392,1.2341639995574951
-0.5113325119018555,-0.5160931944847107,1.05706787109375
0.3175395131111145,0.01783880591392517,0.9652481079101562
0.3637538254261017,-0.09158150106668472,1.2514564990997314
-0.2836250364780426,0.3350926637649536,1.4871573448181152
-0.7237215042114258,0.1672019511461258,1.194122314453125
0.3450241982936859,0.2661941647529602,1.0122621059417725
-0.297800213098526,0.2718501091003418,1.559675931930542
-0.2904883623123169,-0.28744155168533325,0.8200241327285767
0.18006029725074768,0.06047002971172333,1.2975218296051025
-0.43264126777648926,-0.15397752821445465,1.1750998497009277
0.13493189215660095,-0.31824013590812683,1.2785937786102295
-0.28370222449302673,0.11000195890665054,1.2988455295562744
-0.22425709664821625,0.020979948341846466,1.4819097518920898
0.01039266586303711,0.04125736281275749,1.167684555053711
0.36878901720046997,-0.44118109345436096,1.0836724042892456
-0.5348216891288757,-0.1943514049053192,0.9240226745605469
-0.7215392589569092,0.3296694755554199,1.268042802810669
-0.7916841506958008,0.1691504865884781,0.6942812204360962
-0.5214676260948181,0.17484328150749207,1.0853787660598755
0.2511681616306305,0.39774638414382935,1.2081177234649658
-0.20027101039886475,0.5170974135398865,1.241591215133667
-0.5076315402984619,0.12110844254493713,1.3661534786224365
-0.5335599184036255,0.16514961421489716,0.7434699535369873
-1.0045289993286133,0.20367339253425598,0.743037223815918
-0.6573994755744934,0.5925177335739136,0.5886071920394897
0.21447044610977173,-0.10499827563762665,0.9677276611328125
-0.05659344047307968,-0.13565130531787872,1.2142395973205566
-0.2745852768421173,0.6343719959259033,1.328558087348938
0.27669861912727356,-0.24607804417610168,1.2052783966064453
0.2834526002407074,0.4917926490306854,1.110090970993042
-0.017203323543071747,0.20355510711669922,1.4211792945861816
-0.3708243668079376,0.41954106092453003,0.8292891383171082
0.4076017141342163,-0.21451225876808167,0.9667012095451355
0.24548125267028809,0.19915689527988434,1.1492514610290527
0.3307460844516754,0.04995712637901306,1.319491982460022
-0.5403276681900024,0.21047130227088928,1.0897291898727417
-0.38974305987358093,0.2454913854598999,1.332821249961853
0.3307696282863617,0.4378708302974701,1.2103400230407715
-0.182547926902771,-0.26179859042167664,1.4804333448410034
-0.6692042350769043,0.10227598249912262,1.4203448295593262
0.12870441377162933,-0.0982268676161766,1.3644617795944214
0.2687913775444031,-0.1428944170475006,0.9992985129356384
-0.45252180099487305,-0.3543904721736908,0.7951056361198425
-0.5833271741867065,-0.3085150718688965,0.8742600679397583
-0.07415825873613358,0.6455830335617065,1.263648509979248
-0.14235270023345947,0.4305698573589325,1.2945842742919922
-0.6814254522323608,-0.002561137080192566,0.9976969361305237
0.18717947602272034,-0.25182053446769714,1.1409192085266113
-0.3264310359954834,-0.3279271721839905,0.8314032554626465
-0.1110658198595047,-0.26186999678611755,1.384796380996704
0.08222842216491699,-0.3463256359100342,1.3462039232254028
-0.7870252728462219,-0.09133816510438919,1.3901976346969604
-0.1651756912469864,0.3696014881134033,1.2861696481704712
-0.811140239238739,-0.16996783018112183,1.2122114896774292
0.10374066233634949,-0.37069499492645264,0.8660746216773987
-0.012465953826904297,0.19077764451503754,1.0694591999053955
0.00233614444732666,-0.008854173123836517,1.4992963075637817
-0.27688366174697876,0.6358059644699097,0.9761945605278015
0.1469394415616989,-0.15398389101028442,0.8745204210281372
-0.12640386819839478,-0.0857386589050293,1.2973843812942505
-0.9779728055000305,-0.08499561250209808,1.0256478786468506
0.08162423223257065,-0.42325589060783386,1.4021337032318115
-0.39608174562454224,0.08847344666719437,1.3450345993041992
0.122834213078022,0.06130474433302879,1.1935559511184692
-0.011442426592111588,0.06819804012775421,1.328118085861206
0.4039471745491028,0.44152820110321045,1.0702390670776367
-0.6935492753982544,0.1338324248790741,1.286035180091858
-0.4614945948123932,-0.47262874245643616,1.2818704843521118
0.2649300694465637,0.10812988132238388,1.432744026184082
-0.26401084661483765,0.5210623145103455,1.2314658164978027
-0.4926428496837616,-0.09929798543453217,1.1708779335021973
-0.4460117220878601,0.22544988989830017,1.0963068008422852
0.17294220626354218,-0.09695886075496674,1.463416337966919
-0.5918881297111511,-0.14506471157073975,0.7749055624008179
-0.6226447820663452,0.017397016286849976,0.929564356803894
0.0728907436132431,0.25462761521339417,1.4995965957641602
0.008043378591537476,-0.4262629449367523,1.3543057441711426
0.011698955669999123,0.4419184923171997,0.9766362905502319
-0.45183414220809937,0.29152411222457886,1.5212788581848145
-0.2428700178861618,-0.11021840572357178,1.1658906936645508
-0.10106170922517776,0.33286237716674805,1.3526184558868408
0.07842385768890381,0.14848706126213074,1.3510732650756836
-0.048676617443561554,-0.08957232534885406,1.5387262105941772
-0.6746976375579834,0.079985111951828,1.3381602764129639
-0.4349766969680786,0.31036898493766785,1.1807644367218018
0.062210164964199066,-0.5960944890975952,1.1806164979934692
-0.5283052921295166,-0.04468737542629242,0.6907016038894653
0.2333625853061676,0.015239372849464417,0.8940272331237793
0.14328160881996155,-0.06621953845024109,0.8800925016403198
-0.09760618209838867,-0.018056605011224747,1.5813014507293701
-0.018953658640384674,0.49165067076683044,1.0851373672485352
0.023747814819216728,-0.20673294365406036,0.9035882353782654
-0.42777952551841736,0.39845287799835205,1.2109954357147217
-0.14293581247329712,0.2955505847930908,0.8293728232383728
-0.01361030526459217,0.14047902822494507,1.5512889623641968
0.08876138925552368,-0.20872613787651062,1.17506742477417
-0.5095235705375671,0.5080425143241882,1.1919187307357788
-0.0920129343867302,-0.0788450688123703,1.316597580909729
0.22520634531974792,0.10715290904045105,1.039192795753479
-0.268708199262619,-0.4818621277809143,1.0012378692626953
-0.7079452276229858,0.3710285425186157,1.2519069910049438
-0.19027185440063477,-0.17750196158885956,1.4327812194824219
-0.5562828779220581,0.39770713448524475,1.284570574760437
-0.7480806708335876,-0.07601712644100189,1.1536389589309692
-0.244606614112854,0.2729000151157379,1.2051560878753662
0.33518725633621216,0.4367375373840332,1.1037282943725586
-0.16995008289813995,0.39237815141677856,1.1288591623306274
-0.3175371289253235,-0.2574501633644104,1.5129587650299072
-0.6570441722869873,-0.02542785182595253,0.806979775428772
-0.2027781903743744,-0.4885808229446411,0.7628481984138489
-0.7157799005508423,0.5049519538879395,0.8155255317687988
-0.1495121717453003,0.40550124645233154,0.8221428394317627
-0.38284680247306824,0.11982748657464981,1.5751824378967285
0.0266121793538332,0.16239875555038452,0.8199139833450317
0.23689313232898712,-0.48616307973861694,1.0281323194503784
-0.3960418701171875,-0.2277328073978424,1.3436901569366455
-0.3129633665084839,0.21379739046096802,1.565394639968872
-0.9100021719932556,-0.09063416719436646,1.0324056148529053
0.15496698021888733,0.315464586019516,0.8583062887191772
-0.2123013287782669,0.20201413333415985,1.5492430925369263
-0.7452977299690247,-0.205834299325943,0.8176891207695007
0.2608083486557007,0.19714918732643127,0.9799496531486511
-0.6662523746490479,0.13564056158065796,0.5510829091072083
0.07871201634407043,-0.14512430131435394,0.8582590818405151
-0.2964668869972229,-0.19321900606155396,1.3750461339950562
-0.26800405979156494,0.2705979347229004,1.5548068284988403
-0.37106892466545105,-0.696353554725647,1.1071045398712158
-0.5308094024658203,-0.18640008568763733,1.3264260292053223
-0.24582920968532562,-0.1470370590686798,1.3029179573059082
-0.47209930419921875,-0.22453369200229645,1.5369553565979004
0.06806306540966034,0.03481265902519226,0.952019453048706
-0.13197816908359528,-0.7066213488578796,0.9707566499710083
-0.14601466059684753,-0.44255775213241577,1.2218871116638184
0.1328626275062561,0.7077889442443848,1.011021614074707
-0.02507750689983368,-0.016856200993061066,1.198746919631958
-0.5246806144714355,-0.07420799881219864,1.5008679628372192
-0.565746545791626,0.2795502245426178,0.6437749862670898
-0.47194403409957886,0.4440658688545227,1.1060658693313599
-0.03447209671139717,0.37200871109962463,1.473594069480896
-0.6415066719055176,0.19298580288887024,1.2895251512527466
-0.04709172248840332,-0.04428785666823387,1.174422264099121
0.027954503893852234,-0.16836273670196533,1.4811903238296509
-0.14697054028511047,-0.07525795698165894,1.5657413005828857
-0.2693854868412018,0.20669487118721008,1.5714675188064575
0.24678882956504822,0.2793773114681244,0.9688727855682373
-0.2854364216327667,-0.3085850477218628,0.9372310638427734
-0.32434704899787903,-0.39993274211883545,1.231879711151123
-0.4568537473678589,-0.44441258907318115,1.1264712810516357
0.16051866114139557,0.09091513603925705,1.2415339946746826
-0.3089238405227661,0.6734582185745239,0.9792635440826416
-0.1377360224723816,0.12283189594745636,1.3174242973327637
-0.6863347887992859,0.6517204642295837,0.6646595597267151
-0.6853256821632385,0.09342359751462936,0.6251271963119507
0.017851397395133972,0.2935744822025299,0.8297227621078491
0.17218747735023499,-0.6389641165733337,0.785851001739502
-0.4420836865901947,-0.4220626652240753,1.087030053138733
-0.0795174092054367,-0.17009828984737396,1.2819960117340088
0.013893812894821167,0.7674815654754639,0.8741909265518188
-0.08729153871536255,-0.10949921607971191,1.248098373413086
-0.05369994044303894,-0.24120260775089264,1.2953979969024658
-0.4550684690475464,-0.03857465088367462,1.4180545806884766
-0.015272170305252075,0.15665188431739807,1.4059609174728394
-0.17893049120903015,0.28937196731567383,1.3064554929733276
-0.6450911164283752,-0.5518486499786377,1.2202775478363037
-0.35869231820106506,-0.3283505439758301,1.4903578758239746
-0.4975983798503876,0.10429692268371582,1.2078226804733276
0.38639959692955017,-0.12811556458473206,1.2582696676254272
0.1447812020778656,-0.09833047538995743,1.2966653108596802
0.2585199177265167,-0.4360126256942749,0.854296088218689
0.20500335097312927,0.22249121963977814,0.8433843851089478
-0.3417939245700836,-0.12384962290525436,0.8196858167648315
0.07772131264209747,0.2531266212463379,0.7975241541862488
-0.7730647921562195,-0.42526566982269287,0.8867855668067932
-0.9932940006256104,0.2650216519832611,0.9611858129501343
0.434384822845459,0.08318613469600677,0.9927281141281128
-0.05259310454130173,-0.28070488572120667,1.2591923475265503
-0.6038069725036621,0.03615258261561394,1.099001407623291
-0.3883528411388397,-0.061566829681396484,1.1557636260986328
-0.5071571469306946,0.6785818338394165,0.6405373215675354
-0.11782863736152649,-0.26140379905700684,0.7905013561248779
-0.6316980719566345,-0.3631914258003235,0.854148268699646
0.1574895828962326,0.3113428056240082,1.136144757270813
-0.4667147397994995,0.293149471282959,1.0056909322738647
-0.24169711768627167,-0.4503104090690613,1.4519126415252686
0.11318062245845795,-0.1327173113822937,1.2336339950561523
-0.23285138607025146,0.7842308878898621,0.8016102313995361
-0.15562845766544342,0.7581026554107666,0.861531674861908
-0.2837431728839874,0.12639737129211426,1.1178789138793945
-0.18964257836341858,-0.33388522267341614,0.8672152757644653
-0.0504319965839386,-0.4114750325679779,1.268908143043518
-0.1911146640777588,-0.2429119348526001,1.35049307346344
0.1487782597541809,-0.6569861173629761,0.7594568133354187
0.3356515169143677,0.16601356863975525,1.3738300800323486
-0.531470537185669,-0.2929277718067169,0.7809458374977112
-0.8756088018417358,-0.1564369797706604,0.9987649321556091
0.36091893911361694,-0.08764801174402237,1.1733930110931396
-0.2542877793312073,0.3559509515762329,1.1323339939117432
-0.417594313621521,0.0865231528878212,1.5595109462738037
0.12136825919151306,-0.5448181629180908,1.1865235567092896
0.0617784708738327,0.22031322121620178,1.267334222793579
-0.2432086318731308,-0.7007901668548584,0.6266539096832275
0.010954074561595917,-0.12659810483455658,1.3204891681671143
-0.09725625067949295,0.01622447744011879,1.1661635637283325
-0.06290549784898758,0.5104148983955383,0.8738398551940918
0.34231096506118774,-0.07702508568763733,1.1829707622528076
0.13929621875286102,-0.4705926775932312,1.1960399150848389
-0.23522166907787323,0.30247390270233154,1.0991839170455933
-0.0009281933307647705,0.31453749537467957,1.4920111894607544
0.417702317237854,-0.05769350379705429,0.7568436861038208
-0.5685021877288818,0.16426455974578857,0.6271076202392578
-0.34621766209602356,0.14726674556732178,1.5702069997787476
-0.5857811570167542,0.7343775033950806,0.9024819731712341
-0.6344426870346069,-0.2294652909040451,0.83123779296875
0.12596529722213745,-0.04106443375349045,1.5242713689804077
-0.31861042976379395,-0.7113763093948364,0.6690572500228882
-0.950494647026062,0.20166265964508057,0.7430408000946045
-1.0000865459442139,0.19123131036758423,0.7373523712158203
-0.3930603861808777,-0.34598827362060547,1.4141603708267212
-0.49223592877388,-0.5796520113945007,0.9724094867706299
-0.06800027936697006,-0.7394388318061829,0.9926300048828125
-0.6695965528488159,-0.31620609760284424,1.084018588066101
0.04016765207052231,-0.2314205765724182,0.9296436309814453
-0.5737685561180115,0.12250176817178726,0.880351185798645
0.014287024736404419,0.307969331741333,0.798711895942688
-0.8123696446418762,0.06206902116537094,0.5342440605163574
0.20991405844688416,0.5293892621994019,0.9406474232673645
0.1478712409734726,0.13487152755260468,0.9388459920883179
-0.1866949200630188,-0.08799517154693604,1.564894437789917
-0.7867799401283264,0.17819948494434357,1.2299296855926514
-0.9369024038314819,-0.139914408326149,1.0748969316482544
-0.26486390829086304,0.5343837141990662,0.8720855116844177
0.02581583708524704,0.1792593151330948,1.3085790872573853
0.010296959429979324,-0.3329934775829315,1.395350694656372
-0.21604637801647186,-0.38435128331184387,0.848666787147522
0.06274193525314331,-0.01496795192360878,1.330647349357605
-0.1979738473892212,0.5937930345535278,1.2400926351547241
-0.36878451704978943,-0.2031545639038086,1.2984848022460938
-0.5535828471183777,-0.16459473967552185,1.0236376523971558
-0.33931758999824524,-0.08816926181316376,1.2943120002746582
-0.09178265184164047,0.29785892367362976,1.366412878036499
0.05654347315430641,-0.06517556309700012,1.4925143718719482
0.07252220809459686,0.22682425379753113,1.1634012460708618
0.1576438546180725,0.0009711906313896179,1.2218273878097534
-0.4074530005455017,-0.24850668013095856,1.543860673904419
-0.02868577465415001,0.448170006275177,0.989788293838501
-0.01876017451286316,-0.32488346099853516,1.470296859741211
0.3140014708042145,-0.4141705632209778,0.9678917527198792
-0.04474441334605217,0.04600607976317406,1.5664750337600708
-0.5755743980407715,-0.09983393549919128,1.482272982597351
-0.052405133843421936,-0.24866725504398346,0.8915807008743286
0.5573135614395142,0.07221903651952744,0.8467854857444763
-0.6834229230880737,0.4359089732170105,1.2914626598358154
-0.35373204946517944,0.20672906935214996,1.132076621055603
-0.07591533660888672,0.6273232102394104,1.051310420036316
0.09037426114082336,-0.3806835114955902,1.2589638233184814
-0.13049745559692383,0.12389855086803436,1.4663283824920654
0.02710409089922905,0.1356973648071289,1.5433406829833984
-0.10817407071590424,-0.3466116487979889,1.2013020515441895
-0.11304710060358047,0.33419784903526306,1.3738033771514893
-0.11954200267791748,-0.3379667401313782,1.5127735137939453
-0.5451709628105164,-0.2539201080799103,0.7450222969055176
-0.05593420937657356,-0.16414375603199005,1.555983304977417
-0.411255419254303,-0.4634205996990204,1.0567307472229004
0.3592737317085266,0.25162947177886963,1.215067744255066
0.04257833957672119,0.5217324495315552,0.7642791271209717
-0.04397708922624588,-0.7157921195030212,1.0272114276885986
-0.22031614184379578,-0.3147044777870178,0.8742599487304688
0.30337855219841003,-0.2631073594093323,1.2002251148223877
-0.30538350343704224,-0.35245996713638306,1.3465611934661865
-0.5880861282348633,0.19406162202358246,1.4154319763183594
-0.1059454157948494,-0.1996733695268631,1.4548031091690063
0.08768307417631149,-0.19522173702716827,1.1075063943862915
0.29666465520858765,0.3147169351577759,1.0735416412353516
-0.15702983736991882,0.6049633026123047,1.0576316118240356
0.26470309495925903,-0.028882041573524475,0.7960241436958313
-0.4193916320800781,-0.6556624174118042,1.0929852724075317
-0.2215169221162796,0.49208712577819824,1.3412585258483887
0.04112685099244118,0.18774861097335815,1.1324292421340942
-0.28194138407707214,-0.287126749753952,0.7618005275726318
-0.1549384593963623,0.39890366792678833,0.8488472104072571
-0.6811327934265137,0.4206528961658478,1.1201704740524292
-0.28213590383529663,0.29405587911605835,1.3537461757659912
-0.4904656708240509,0.4355773627758026,1.014225959777832
0.21394819021224976,0.6482151746749878,0.7412409782409668
0.0406627357006073,-0.14139743149280548,1.3629179000854492
-0.04619591683149338,-0.01404157280921936,1.3074166774749756
-0.17981664836406708,0.27704381942749023,1.200385332107544
-0.09350447356700897,-0.11567237973213196,1.5706301927566528
-0.43250811100006104,-0.031638070940971375,1.3148294687271118
-0.01349823921918869,-0.2508975863456726,1.3255096673965454
-0.2582995891571045,0.5843890905380249,1.2787827253341675
-0.04159998148679733,-0.22709232568740845,0.9380512833595276
-0.6174006462097168,0.3473547399044037,1.3025563955307007
-0.6210768818855286,-0.03906293213367462,0.5999457240104675
-0.6642710566520691,0.0054384320974349976,1.2662514448165894
-0.14409011602401733,0.37627917528152466,1.1416410207748413
-0.6104477643966675,0.011926651000976562,1.1103074550628662
-0.3559046685695648,-0.1932247281074524,1.1498222351074219
-0.5058491826057434,-0.28417065739631653,0.9154608249664307
0.5157818794250488,-0.10549259185791016,0.9722164273262024
-0.6647368669509888,0.061848949640989304,1.2647442817687988
-0.5852543711662292,0.004350148141384125,1.5217275619506836
-0.2713433802127838,0.683232307434082,0.9062483310699463
-0.0860588476061821,0.7580979466438293,1.0667396783828735
-0.36154618859291077,0.7649426460266113,0.844565749168396
-0.5549285411834717,0.14804664254188538,0.6332928538322449
-0.14333796501159668,0.2593884766101837,1.4898316860198975
0.24833422899246216,-0.5826743841171265,1.0033107995986938
0.45977944135665894,-0.2982328534126282,1.0455694198608398
-0.023244572803378105,0.7787191271781921,0.7427340149879456
-0.7075721621513367,-0.1557975709438324,1.2935080528259277
-0.14455610513687134,-0.4619355797767639,1.2072207927703857
-0.5997995138168335,-0.3013972043991089,1.027029275894165
-0.0941908061504364,0.44913387298583984,1.4473224878311157
-0.644377589225769,0.20031778514385223,1.4835681915283203
-0.29628634452819824,0.5996441841125488,1.0090019702911377
-0.014488646760582924,0.3158353269100189,1.325225591659546
-0.5679216980934143,0.04116152971982956,1.1318036317825317
-0.4495764672756195,-0.11600618064403534,1.3529894351959229
-0.40352484583854675,-0.2989524006843567,0.8105899095535278
-0.820730984210968,0.13474580645561218,1.156076192855835
-0.5690350532531738,0.08247238397598267,0.8363390564918518
-0.454198956489563,-0.012131907045841217,1.446808099746704
0.44629934430122375,-0.045995667576789856,0.9168298244476318
-0.10363578796386719,0.08845622092485428,1.5735220909118652
-0.1049843579530716,-0.38360804319381714,1.3367410898208618
0.31068602204322815,-0.4573139250278473,1.1024199724197388
0.2978252172470093,0.1596505045890808,0.7705036401748657
-0.28590288758277893,0.5134268403053284,1.0290277004241943
0.5327084064483643,-0.1686166226863861,0.946934700012207
-0.10373246669769287,0.1741272211074829,1.2772458791732788
-0.5732398629188538,-0.38870102167129517,1.0687298774719238
-0.49331483244895935,0.49257931113243103,0.9185614585876465
-0.3855533301830292,-0.49030452966690063,1.2421364784240723
0.39507386088371277,-0.3734539747238159,0.9682781100273132
0.4206652343273163,-0.07082512974739075,1.2192285060882568
-0.5400935411453247,0.13640497624874115,1.280353307723999
-0.12058418989181519,0.004089761525392532,1.3565958738327026
-0.5621094107627869,-0.3245791792869568,1.2733824253082275
-0.006817921996116638,-0.359072744846344,1.4816066026687622
0.2409961223602295,0.1095268577337265,1.0141797065734863
-0.4987320303916931,0.06282637268304825,1.5569887161254883
-0.3355252146720886,-0.2520830035209656,0.8726463913917542
0.1334552764892578,0.12991708517074585,0.9586730599403381
-0.005696041509509087,0.23567654192447662,0.8395092487335205
-0.33922848105430603,0.45146021246910095,1.472355604171753
0.04233161360025406,0.15973830223083496,1.1749114990234375
-0.07245488464832306,-0.6614110469818115,0.7871757745742798
0.002553321421146393,0.36818310618400574,0.8162587881088257
-0.0010600797832012177,0.42728757858276367,1.2405694723129272
0.11347539722919464,0.1692248433828354,0.959938645362854
-0.7722340822219849,-0.11746689677238464,0.7176220417022705
-0.2371358871459961,-0.14342612028121948,1.5626516342163086
-0.5331436395645142,0.46288272738456726,0.7404453754425049
-0.2856188416481018,0.3006870746612549,1.020889401435852
-0.12404340505599976,-0.00015382468700408936,1.2100887298583984
0.1431587189435959,-0.2818712294101715,0.9045106172561646
0.4092181921005249,-0.3461783826351166,1.1244434118270874
-0.5952621102333069,-0.09594887495040894,0.8418183326721191
-0.3353273272514343,-0.22912681102752686,1.3845710754394531
-0.1445503681898117,0.7193158268928528,1.1830720901489258
-0.09894891083240509,-0.2573888897895813,1.4419758319854736
0.09339841455221176,0.3130583167076111,1.3694486618041992
-0.3994256258010864,-0.2782619893550873,0.8143982887268066
-0.1383877843618393,0.4481344223022461,0.9934659004211426
-0.6404072642326355,-0.29698777198791504,1.3365522623062134
-0.4884578585624695,0.17690306901931763,1.3952053785324097
-0.42654916644096375,0.3750590682029724,1.4343074560165405
0.20970208942890167,0.4320777654647827,1.1568071842193604
0.004863619804382324,0.27063024044036865,1.221818208694458
-0.6960945129394531,-0.016731254756450653,1.21006178855896
0.2505682408809662,-0.08828355371952057,1.1361427307128906
-0.4761895537376404,-0.6678414940834045,1.0047945976257324
-0.14743943512439728,-0.7613301277160645,0.7391297817230225
-0.6113981604576111,0.320180207490921,1.0322320461273193
0.04600830376148224,-0.351367324590683,0.8919713497161865
0.3028963506221771,0.23874682188034058,0.9290792942047119
0.2164713442325592,0.17434635758399963,1.264283537864685
-0.4136214554309845,0.06601972877979279,1.4792113304138184
0.22849178314208984,-0.6281614303588867,0.8758934736251831
0.027461081743240356,-0.7267484664916992,0.9201672077178955
-0.5252909064292908,0.03239624574780464,0.8755247592926025
-0.88136225938797,0.012144338339567184,1.2794673442840576
0.26217615604400635,0.05132497847080231,1.1227576732635498
-0.12121334671974182,-0.39030158519744873,0.7850884795188904
-0.0725126788020134,-0.0416669063270092,1.2425034046173096
-0.04613097012042999,0.10986250638961792,1.244091272354126
-0.9951894283294678,0.28201472759246826,0.7561400532722473
0.14567852020263672,-0.11447696387767792,1.4240659475326538
0.02398097515106201,0.165785014629364,1.100814938545227
-0.3708585798740387,-0.2772989273071289,0.9258264303207397
-0.028372496366500854,0.21309156715869904,1.3547052145004272
-0.13984769582748413,0.36816126108169556,1.340120553970337
0.08693276345729828,0.11730584502220154,0.9247761368751526
-0.6316573023796082,0.41515982151031494,0.9840646982192993
-0.8184655904769897,-0.2269977480173111,0.8033404350280762
-0.7565287351608276,-0.5837637186050415,0.7868610620498657
0.19781798124313354,-0.14477874338626862,1.3569509983062744
-0.33196577429771423,0.5342293381690979,1.0324457883834839
-0.46930187940597534,-0.13872583210468292,1.2967870235443115
-0.9350932240486145,0.17057648301124573,1.1489142179489136
-0.5387147068977356,0.08967388421297073,1.3228144645690918
0.18013647198677063,0.20190788805484772,1.3860639333724976
-0.045565225183963776,0.07503027468919754,1.1467983722686768
0.46383124589920044,0.3603997826576233,0.9976065158843994
-0.1411275565624237,0.49069496989250183,1.153542399406433
0.25010380148887634,0.17346219718456268,0.8350522518157959
0.15154625475406647,-0.3078470826148987,1.3391404151916504
-0.3907209634780884,-0.14778709411621094,1.212583065032959
-0.21003040671348572,-0.07886175066232681,1.1425936222076416
0.3591112494468689,0.10026911646127701,1.081045389175415
0.07408562302589417,0.018822751939296722,1.3662652969360352
0.0013306960463523865,-0.39270588755607605,1.2992547750473022
-0.6026828289031982,-0.3566872477531433,1.0084192752838135
0.07416786253452301,0.4744842052459717,1.1123121976852417
-0.7166752219200134,0.34796202182769775,1.15559983253479
-0.22094127535820007,0.3711230456829071,1.3864402770996094
-0.8195452094078064,0.4911452829837799,1.0894516706466675
-0.4874803423881531,0.20098134875297546,0.8256537318229675
0.24890291690826416,-0.035870492458343506,0.9745804071426392
-0.08086110651493073,-0.21954943239688873,0.7602259516716003
0.1936267912387848,0.20120489597320557,1.4381744861602783
0.01950734667479992,-0.05252368003129959,1.5457913875579834
-0.006695140153169632,0.14881190657615662,1.082119345664978
-0.41145825386047363,0.7266044616699219,1.0805860757827759
-0.05547270178794861,-0.48650887608528137,0.9850785732269287
-0.3160274624824524,-0.2572634518146515,1.0307215452194214
-0.041484132409095764,-0.5353816747665405,1.1193525791168213
-0.026506535708904266,0.33904141187667847,1.491180658340454
-0.4481492340564728,0.4954680800437927,1.015165090560913
-0.37755486369132996,0.2979081869125366,1.1543904542922974
-0.2936058044433594,0.4386483132839203,1.0369899272918701
-0.24634559452533722,-0.2998490631580353,1.0338387489318848
-0.5090296864509583,-0.12267640233039856,0.7768288850784302
0.16577717661857605,-0.6347300410270691,1.0254911184310913
-0.15984557569026947,0.37596791982650757,0.9606611728668213
0.21785226464271545,0.006116561591625214,1.020182728767395
-0.24487069249153137,0.5994094610214233,1.3687618970870972
0.2757282257080078,0.08436649292707443,0.9246652722358704
-0.019905246794223785,0.4586586654186249,1.3517191410064697
0.06754645705223083,-0.5399035215377808,0.9043784141540527
-0.5993092060089111,-0.5131798386573792,0.9076253771781921
0.1567152738571167,0.012040790170431137,1.5044430494308472
-0.0840175449848175,-0.2004489302635193,1.4655901193618774
-0.3101048469543457,-0.4788738489151001,1.332621693611145
-0.5397166013717651,0.4011719226837158,1.2176522016525269
-0.33989790081977844,0.1644604206085205,0.7654106020927429
-0.39297395944595337,0.5108346939086914,0.8577391505241394
-0.5076020359992981,0.6904426217079163,0.6921367049217224
0.03141915425658226,0.24350716173648834,0.7665479183197021
0.1831820160150528,-0.5370708107948303,1.21736741065979
-0.12966983020305634,0.46276339888572693,1.1666351556777954
-0.14803975820541382,0.02518688142299652,1.1619120836257935
-0.2734435498714447,0.3367449939250946,1.5335264205932617
-0.0739763081073761,-0.23488979041576385,1.1392714977264404
-0.2470746785402298,-0.16209661960601807,1.3369032144546509
0.2616111636161804,0.21794211864471436,0.8353437185287476
-0.2654346525669098,0.11850695312023163,1.5057944059371948
-0.3002130389213562,-0.35078707337379456,1.5090391635894775
-0.6950645446777344,0.0451652817428112,1.31886625289917
-0.8410534858703613,-0.16779620945453644,1.2289342880249023
-0.25706747174263,0.31398260593414307,1.3855688571929932
-0.5437739491462708,0.6665936708450317,1.2053067684173584
-0.1615026295185089,0.7247551083564758,0.6461896896362305
-0.37776419520378113,-0.4345787763595581,0.9740321636199951
0.06735062599182129,-0.5450129508972168,0.790448009967804
-0.11079871654510498,-0.5447736382484436,0.9892176389694214
-0.4823167622089386,0.38272279500961304,1.3407795429229736
0.060660455375909805,-0.3572993874549866,1.3280744552612305
-0.7363613843917847,0.2064957618713379,0.592852771282196
-0.5182408094406128,0.3295326232910156,1.325484037399292
-0.43420422077178955,-0.7504743337631226,0.8764959573745728
-0.6141521334648132,-0.019295580685138702,0.7122613787651062
-0.536636233329773,-0.022387482225894928,0.8259518146514893
-0.7965865731239319,-0.32941049337387085,1.0894441604614258
0.45698827505111694,-0.29555392265319824,1.0975117683410645
-0.5741687417030334,-0.10918527841567993,1.283121109008789
0.04779982939362526,0.34169596433639526,1.4343212842941284
-0.3909232020378113,0.3863699436187744,1.2043137550354004
-1.003708004951477,0.23093201220035553,1.0095216035842896
-0.057363737374544144,0.29204121232032776,1.0957095623016357
-0.4590878486633301,0.05114161968231201,1.566142201423645
-0.9413082599639893,0.07461296021938324,1.2096961736679077
-0.4193084239959717,0.040271252393722534,1.3916302919387817
0.2894205152988434,0.5887394547462463,1.0652554035186768
0.27637961506843567,-0.4084818661212921,1.164554238319397
-0.0009267702698707581,-0.4138644337654114,0.7711508274078369
0.3456791639328003,0.05969401076436043,1.212403416633606
-0.4046918749809265,-0.261536180973053,1.0803320407867432
0.06275110691785812,0.08201907575130463,1.0056438446044922
-0.10809073597192764,0.4240194261074066,1.2381253242492676
-0.6356803178787231,0.6669366359710693,0.8930062055587769
-0.8242428302764893,0.17027533054351807,1.1588401794433594
-0.5897324085235596,-0.08338148891925812,1.3944494724273682
-0.5289320945739746,0.5376565456390381,1.1593130826950073
-0.03499585762619972,0.20920856297016144,1.3295987844467163
0.05661531537771225,0.16953811049461365,1.5304943323135376
0.14424288272857666,-0.34279295802116394,1.294546365737915
-0.2573431432247162,0.806302547454834,0.7390073537826538
-0.17036372423171997,-0.1930229216814041,1.5147029161453247
0.3944573402404785,-0.04775748401880264,1.0357526540756226
-0.2686273157596588,-0.6282548308372498,1.1165575981140137
-0.5653863549232483,0.11610497534275055,0.8284990787506104
-0.7635307312011719,0.3446929156780243,1.03419828414917
-0.6785749197006226,-0.1301579475402832,1.0053277015686035
0.08447093516588211,0.11835747957229614,1.2664521932601929
-0.493594765663147,-0.28615236282348633,1.481099247932434
-0.1039476990699768,0.015113383531570435,1.0835212469100952
0.19298875331878662,-0.45887017250061035,1.1338551044464111
-0.8274614810943604,-0.43813300132751465,0.7408356070518494
-0.7012400031089783,-0.002993158996105194,1.0516810417175293
-0.7487615346908569,0.24222224950790405,1.0597518682479858
0.2043028324842453,-0.1856883019208908,1.0737433433532715
0.08370095491409302,0.3608863651752472,1.2975519895553589
0.2882138788700104,0.15083740651607513,1.1789584159851074
-0.05539831146597862,-0.09830912947654724,1.5622618198394775
0.27948957681655884,-0.16268454492092133,0.950213611125946
-0.7575865983963013,0.05345110967755318,1.2933862209320068
0.20485007762908936,0.28739821910858154,0.927696704864502
0.49331769347190857,0.0529152974486351,1.060114860534668
-0.3661693036556244,0.33188438415527344,1.2822567224502563
0.35705676674842834,-0.4858011305332184,0.9461246132850647
-0.16863605380058289,0.25638967752456665,1.193334698677063
0.22442929446697235,-0.4184415340423584,1.106572151184082
-0.07990817725658417,0.10251998156309128,1.2273887395858765
0.0008664373308420181,0.3776955008506775,1.1313378810882568
0.3563194274902344,0.01300086360424757,1.3502795696258545
0.16752780973911285,0.20808085799217224,0.7781904935836792
-0.5101656913757324,-0.30839788913726807,1.218312382698059
-0.36917418241500854,0.1403588354587555,1.2893187999725342
-0.3737874925136566,-0.6475421190261841,1.271033763885498
0.13695652782917023,-0.31215545535087585,0.9751953482627869
-0.7348753213882446,-0.18532246351242065,0.9561352133750916
0.2294582724571228,-0.14066709578037262,1.0733540058135986
-0.4271875023841858,0.005492713302373886,1.4362074136734009
-0.6812182664871216,-0.18779675662517548,1.0030570030212402
-0.723082959651947,0.3016353249549866,1.0745030641555786
-0.4734673798084259,0.21808435022830963,1.3659263849258423
-0.49960342049598694,0.09837332367897034,0.794446587562561
0.1540771722793579,0.36630478501319885,1.249714970588684
0.13033956289291382,0.048358455300331116,1.0150372982025146
-0.02546852082014084,-0.09751690924167633,1.566800594329834
-0.7512447237968445,-0.0855054259300232,1.277812123298645
-0.8350256681442261,-0.4043780267238617,0.7420432567596436
-0.5282282829284668,0.6899244785308838,1.1662462949752808
-0.10005898773670197,0.28366249799728394,1.090401530265808
0.391399085521698,0.1784239560365677,0.9746028184890747
-0.4131171405315399,-0.14455902576446533,1.2653504610061646
-0.7191488146781921,-0.2800963819026947,0.9079055190086365
-0.02784096449613571,0.6123714447021484,0.8426089286804199
-0.6726132035255432,0.26638391613960266,0.4161161482334137
-0.38743165135383606,0.29515641927719116,0.8424391746520996
0.3286316692829132,0.404194176197052,1.0477702617645264
-0.3194311857223511,0.09338556975126266,1.5451416969299316
-0.12560182809829712,0.3386625051498413,0.8807169198989868
0.024875454604625702,0.35979801416397095,1.408365249633789
-0.20753680169582367,-0.24722155928611755,1.3820346593856812
0.334491491317749,-0.4213339388370514,0.9998897314071655
-0.6606074571609497,-0.37019094824790955,0.8433640003204346
0.14491701126098633,0.3034249544143677,1.1163585186004639
-0.43563324213027954,0.07392296195030212,1.5291824340820312
-0.010755259543657303,0.34511077404022217,1.156516432762146
-0.10741345584392548,-0.13899767398834229,1.2859251499176025
-0.7218660116195679,0.16164502501487732,0.8412981033325195
-0.4048154652118683,0.1383998692035675,1.3988416194915771
-0.19963254034519196,0.1900545358657837,1.2476869821548462
-0.7764465808868408,0.3959066867828369,0.9459420442581177
-0.34683647751808167,-0.19109275937080383,1.2244110107421875
-0.2529508173465729,-0.2916153073310852,1.3213096857070923
0.17788885533809662,0.1681668907403946,1.2717399597167969
-0.6446957588195801,-0.04037079960107803,1.4465528726577759
-0.33290961384773254,-0.5697051286697388,0.8829946517944336
-0.6131048202514648,-0.13711604475975037,0.8172811269760132
0.31177935004234314,0.17917755246162415,1.2801523208618164
0.22118957340717316,-0.08174930512905121,0.9747710824012756
-0.4664868712425232,-0.304829478263855,0.9278018474578857
0.40474578738212585,0.04549277946352959,1.2730202674865723
-0.05359126254916191,0.07297962158918381,0.7573366165161133
0.12862016260623932,0.27212250232696533,1.441969633102417
-0.1815694123506546,-0.07682192325592041,1.5832183361053467
-0.21725726127624512,-0.21186693012714386,1.2978801727294922
0.17111898958683014,-0.3530767560005188,1.3289618492126465
-0.40530234575271606,0.6587199568748474,1.1466705799102783
-0.3046645522117615,0.337565153837204,1.3337411880493164
-0.1001688539981842,0.22914758324623108,1.2259774208068848
0.25391924381256104,-0.061097048223018646,0.9425793886184692
0.131943941116333,-0.03188640624284744,1.1897717714309692
0.25991663336753845,0.5404977798461914,1.1948280334472656
-0.6521732211112976,0.4752492308616638,0.5536134839057922
0.12667101621627808,-0.1157916933298111,1.5011720657348633
-0.6037555932998657,-0.4360542893409729,1.26374089717865
-0.171054869890213,0.5816020965576172,1.234457015991211
0.24339227378368378,-0.013295508921146393,1.3412108421325684
-0.5071195960044861,-0.07482101023197174,1.3530489206314087
0.273969829082489,0.03996327891945839,1.1423741579055786
-0.7694927453994751,-0.07896730303764343,0.7387497425079346
0.2751173675060272,0.29947295784950256,1.0909032821655273
0.15627488493919373,-0.40196284651756287,1.1102445125579834
-0.6854546070098877,0.1545936018228531,1.3039884567260742
-0.35439154505729675,-0.26087895035743713,1.510393738746643
-0.18029794096946716,0.46408677101135254,0.9214034080505371
-0.07072840631008148,0.1218479722738266,1.566522240638733
-0.40693897008895874,-0.0521819069981575,1.4450510740280151
-0.3244965672492981,-0.2503551244735718,0.7584794163703918
0.03248897194862366,-0.18668271601200104,1.537674903869629
0.43962743878364563,-0.2389824092388153,0.8413167595863342
-0.1984739899635315,0.2770489454269409,1.5615148544311523
-0.00588035024702549,-0.3061024248600006,1.503901481628418
0.4255216419696808,-0.12904810905456543,0.7745408415794373
-0.03545401990413666,-0.31634363532066345,0.8827235102653503
0.09857726842164993,0.22049260139465332,1.369895100593567
0.1649606078863144,-0.5414741635322571,1.1540271043777466
0.2940930128097534,0.2887284755706787,1.3556925058364868
-0.6767405271530151,0.08202695101499557,0.597491979598999
-0.2572975754737854,-0.625137448310852,1.009372591972351
-0.8092332482337952,0.20787091553211212,0.46469640731811523
0.4184383749961853,-0.12204445898532867,1.2697374820709229
0.30372560024261475,0.19816474616527557,0.9953348636627197
-0.860678493976593,-0.1338675618171692,1.1949405670166016
-0.6311114430427551,-0.5492751598358154,1.2067415714263916
-0.231748566031456,-0.45417097210884094,1.4173704385757446
-0.02494947612285614,-0.24938005208969116,1.3133487701416016
-0.8059980273246765,-0.24759343266487122,1.183807373046875
-0.07587502151727676,0.42431190609931946,1.2158504724502563
-0.10002198815345764,-0.5754760503768921,0.9086216688156128
-0.920207679271698,0.07215777039527893,1.1769771575927734
-0.06297320872545242,0.14776822924613953,1.4020179510116577
-0.6569464206695557,-0.5908324122428894,0.7484874725341797
-0.21696574985980988,0.3647799789905548,1.4865368604660034
-0.6638200283050537,0.1681155264377594,0.46440431475639343
0.031879305839538574,0.3755289912223816,1.109021544456482
-0.23069602251052856,-0.34641745686531067,1.0913052558898926
0.049457527697086334,0.10782361030578613,1.4438704252243042
0.03203349560499191,0.2916872501373291,1.3215234279632568
-0.6650134921073914,0.04199668765068054,0.5266678333282471
-0.6254261136054993,0.31655406951904297,1.1305139064788818
0.12434090673923492,0.5167747735977173,1.2681740522384644
-0.5996564626693726,-0.2647774815559387,0.812760591506958
-0.1475229114294052,0.32923880219459534,1.4060542583465576
0.006457723677158356,0.12688957154750824,1.0817911624908447
0.11338759958744049,0.19269467890262604,1.4707410335540771
-0.24994736909866333,-0.30184033513069153,0.7602685689926147
-0.41960814595222473,-0.4902246594429016,1.2990126609802246
0.17703737318515778,-0.4690842032432556,1.1104620695114136
-0.004790738224983215,0.15932758152484894,1.2823026180267334
0.434192955493927,-0.4153873324394226,0.9032771587371826
-0.07650038599967957,0.6705940365791321,1.1196436882019043
0.35196417570114136,0.24769234657287598,1.3040953874588013
-0.14540253579616547,-0.491409033536911,1.4278323650360107
0.03928353637456894,0.13497093319892883,1.0899124145507812
-0.4816354811191559,0.04936070740222931,1.4501994848251343
-0.18134933710098267,0.595268189907074,0.8751251697540283
-0.5007854104042053,-0.12585113942623138,1.339876413345337
-0.11001866310834885,0.10134075582027435,1.4963490962982178
-0.16553199291229248,-0.4706694185733795,0.7924436330795288
-0.7975677847862244,-0.1340237408876419,0.6653425693511963
-0.3165252208709717,0.13215041160583496,1.4167490005493164
-0.20075219869613647,0.7719544768333435,0.9607125520706177
-0.22453589737415314,-0.29350337386131287,1.2951290607452393
-0.11007833480834961,-0.6731974482536316,0.8398259282112122
-0.6155074834823608,0.14369481801986694,1.0741558074951172
-0.15282844007015228,0.4699953496456146,1.1698256731033325
0.08712505549192429,0.722108006477356,1.049446940422058
-0.053093865513801575,0.10240857303142548,1.522499442100525
-0.19941595196723938,0.2555868625640869,1.030861258506775
-0.39612317085266113,0.2811896800994873,1.5376975536346436
-0.5261674523353577,-0.04290752112865448,1.5513306856155396
0.0035050474107265472,0.3241274952888489,1.459221363067627
-0.1642289161682129,0.3470507860183716,0.7898275852203369
0.1597328633069992,-0.6253499984741211,0.9839237928390503
0.08584746718406677,0.046117622405290604,1.4206643104553223
0.3825867474079132,-0.2780804932117462,0.874929666519165
0.018170613795518875,-0.23667791485786438,0.7988726496696472
-0.289071261882782,0.5716379880905151,1.3074520826339722
-0.4446631968021393,0.2243652045726776,1.380435824394226
-0.20805290341377258,-0.26466381549835205,1.4636777639389038
-0.5454657673835754,-0.0317375510931015,1.4072582721710205
-0.007230915129184723,-0.6776983141899109,0.7863442301750183
0.04092719033360481,0.17866523563861847,0.7736822962760925
0.20781134068965912,0.08301907777786255,1.3338782787322998
-0.35541146993637085,0.45285362005233765,0.7639093399047852
-0.42244404554367065,-0.4140552282333374,1.1941113471984863
0.09765221923589706,-0.04123556613922119,1.3276309967041016
-0.47194406390190125,-0.2628273665904999,1.38044273853302
0.09783142805099487,0.23997177183628082,1.3032804727554321
-0.10132007300853729,-0.2300206422805786,1.3201383352279663
-0.10118017345666885,0.5255833268165588,0.8862572908401489
-0.12480872869491577,0.06628269702196121,1.5761585235595703
-0.5525096654891968,-0.38793307542800903,1.1112034320831299
-0.25149160623550415,0.3615778088569641,1.0623178482055664
-0.25181326270103455,0.10299734771251678,1.566153645515442
-0.42444878816604614,-0.060567595064640045,1.5725634098052979
-0.16019997000694275,0.39646798372268677,1.3800815343856812
0.42929697036743164,-0.09554550796747208,1.1774952411651611
-0.21992738544940948,0.2003123164176941,1.5779600143432617
-0.2109295129776001,-0.7139549255371094,1.022729516029358
-0.1320660263299942,-0.22383283078670502,1.4152324199676514
-0.46230262517929077,-0.018906369805336,1.1904596090316772
-0.5847083926200867,0.1121627539396286,1.2175630331039429
0.028923001140356064,0.10146729648113251,0.8435121178627014
-0.27998679876327515,0.5766538381576538,1.3375306129455566
-0.5056655406951904,-0.3909328877925873,1.405633568763733
-0.025663353502750397,0.509727954864502,0.9589887857437134
-0.585796058177948,0.6905522346496582,0.9505252242088318
-0.39313358068466187,0.368627667427063,0.9793134927749634
-0.041668012738227844,-0.4104345142841339,1.3196731805801392
-0.388616681098938,0.45755094289779663,1.4658297300338745
-0.5370489954948425,-0.07205808162689209,1.3887633085250854
-0.3584328889846802,-0.5937320590019226,1.1027299165725708
0.4803677201271057,-0.22061118483543396,1.055633544921875
-0.27239516377449036,-0.5850541591644287,1.0497887134552002
0.004250578582286835,0.3884601294994354,1.0690045356750488
-0.08773821592330933,0.6592154502868652,1.2428339719772339
-0.5976340770721436,0.21078553795814514,0.40314704179763794
-0.03038736805319786,0.40299540758132935,1.0634629726409912
0.09782127290964127,-0.4032466411590576,1.1812858581542969
-0.142908975481987,0.3220773935317993,0.7514513731002808
0.07915663719177246,-0.0032838210463523865,1.2805182933807373
-0.11446963995695114,0.26184311509132385,1.0615297555923462
0.3020474314689636,0.08312598615884781,1.1287906169891357
-0.6030937433242798,0.6654210090637207,0.670917809009552
0.09819776564836502,0.23804190754890442,0.8982428312301636
-0.10458922386169434,0.2695034146308899,1.4515069723129272
-0.6753321290016174,-0.04473777115345001,1.2004485130310059
-0.026403464376926422,-0.4974480867385864,1.3643782138824463
-0.10293896496295929,0.2800254821777344,1.3810906410217285
0.04420805722475052,-0.2763514220714569,1.2647380828857422
-0.32461437582969666,-0.12509021162986755,1.1951727867126465
-0.13949500024318695,0.005874825641512871,1.5330032110214233
0.34358838200569153,0.09350752830505371,1.3645819425582886
0.2843537926673889,0.018033020198345184,1.2427880764007568
-0.3648768365383148,-0.2534794211387634,0.8752192258834839
0.3068995475769043,0.19346845149993896,1.1784042119979858
-0.09514249861240387,-0.23454630374908447,0.7877854704856873
0.09604072570800781,0.0011437088251113892,1.126746416091919
-1.0296145677566528,0.11485825479030609,0.7883918881416321
0.22615951299667358,0.06728695333003998,1.4589155912399292
-0.10078442841768265,0.7690702676773071,0.9017089009284973
-0.2207264006137848,-0.5313366651535034,1.0271997451782227
-0.2264155149459839,0.024378903210163116,1.2421115636825562
-0.46349313855171204,0.647715151309967,1.1120065450668335
-0.6567063331604004,-0.6097649335861206,0.9788554906845093
-0.2495148777961731,0.25865060091018677,1.5644643306732178
-0.5484452247619629,0.5110567808151245,1.3471819162368774
-0.1720108687877655,-0.20829376578330994,1.3123868703842163
-0.17468535900115967,0.3073838949203491,1.54909086227417
-0.6877549290657043,-0.2771299183368683,0.9100805521011353
0.3960838317871094,-0.009851410984992981,1.2174327373504639
0.12641224265098572,0.5070216059684753,1.325002670288086
0.3301845192909241,0.5816843509674072,0.8236211538314819
-0.34696727991104126,0.21432888507843018,1.494080901145935
-0.032312408089637756,-0.19900046288967133,1.3027217388153076
-0.1916908323764801,-0.37447643280029297,1.5026108026504517
0.02775535359978676,-0.45579034090042114,1.2339673042297363
-0.645370602607727,0.2375989705324173,1.023606777191162
-0.20755183696746826,-0.5164865255355835,0.9533344507217407
-0.4475100338459015,-0.35328570008277893,0.8649320602416992
0.00042703747749328613,-0.21831873059272766,1.2055915594100952
-0.2762160897254944,-0.19512459635734558,1.4807968139648438
0.2701413631439209,0.11355438083410263,1.1148337125778198
0.15812630951404572,-0.2966000437736511,1.0679279565811157
-0.1129751205444336,0.19977638125419617,1.3182111978530884
-0.0895548164844513,0.3281298875808716,1.1187182664871216
-0.3255309462547302,0.706818163394928,1.2388814687728882
-0.34332770109176636,-0.05645669251680374,1.3645095825195312
-0.015417344868183136,0.0745195746421814,1.259671926498413
-0.9984509944915771,0.24450057744979858,0.7601690292358398
0.34138670563697815,0.06304931640625,1.2861436605453491
0.21459561586380005,0.15043756365776062,0.9787219166755676
-0.24301454424858093,0.10811278969049454,1.4062107801437378
-0.13553355634212494,-0.6163676381111145,0.9823126792907715
-0.07299844920635223,-0.041863903403282166,1.5648794174194336
-0.6815872192382812,-0.010845042765140533,1.3557394742965698
0.24197587370872498,-0.02924390137195587,1.1748987436294556
0.2901632487773895,-0.29574689269065857,0.9778894186019897
-0.3480035364627838,-0.15788011252880096,1.3105683326721191
0.5004982352256775,-0.22635385394096375,0.7696863412857056
0.29662421345710754,-0.0022469758987426758,1.2918678522109985
0.44912075996398926,0.03141608089208603,0.8368340134620667
0.510110080242157,0.08160509914159775,0.8307311534881592
-0.06357767432928085,0.13588197529315948,1.146094799041748
0.017888762056827545,-0.25688421726226807,1.4624528884887695
-0.45800620317459106,0.5625815391540527,1.1809587478637695
-0.2277272641658783,-0.5513152480125427,0.7649570107460022
0.16699303686618805,0.26502174139022827,1.0978832244873047
-0.019235745072364807,0.5813984274864197,0.9582840204238892
0.03771645203232765,-0.23764820396900177,0.7668479084968567
0.04042258858680725,0.2586638629436493,1.2423880100250244
-0.05279181897640228,0.29918888211250305,0.794542670249939
0.11379596590995789,-0.5345706343650818,1.2626564502716064
0.19318194687366486,0.5617784261703491,1.1796116828918457
-0.046088580042123795,-0.27197372913360596,0.8231475353240967
-0.360574334859848,0.6208201050758362,1.058976650238037
-0.8301793336868286,-0.2961955666542053,1.0305579900741577
0.13323238492012024,0.3160382807254791,1.0262774229049683
-0.684798002243042,0.5940698981285095,0.6503973603248596
-0.5738279819488525,-0.5285454392433167,1.3018220663070679
-0.10415229201316833,0.3481961488723755,1.4790173768997192
0.21885168552398682,0.6134144067764282,1.0015859603881836
-0.9336354732513428,-0.08614062517881393,1.040298342704773
0.4400743544101715,-0.11736506223678589,1.1360400915145874
0.2776390314102173,-0.1475934535264969,1.127458095550537
-0.7589787840843201,-0.44597145915031433,1.208439826965332
-0.04499150067567825,-0.5033247470855713,1.3300827741622925
-0.4652964174747467,-0.11613008379936218,1.3159260749816895
-0.1650589555501938,0.483430951833725,1.2493634223937988
-0.1484098732471466,-0.5125914812088013,1.1073640584945679
-0.5821871757507324,-0.3476168215274811,1.3531723022460938
0.008282605558633804,0.6212596297264099,1.0389084815979004
-0.8156689405441284,0.35009700059890747,0.7878732085227966
-0.8013439774513245,0.055083975195884705,1.3600527048110962
-0.6738213300704956,0.5131256580352783,0.7218241691589355
0.33684277534484863,0.10607880353927612,1.2592849731445312
-0.16794349253177643,-0.13645602762699127,1.358582615852356
-0.26243287324905396,0.3648180663585663,1.323181390762329
-0.8986248970031738,-0.23162493109703064,1.1536097526550293
-0.44438546895980835,0.5474843382835388,1.259563684463501
-0.47281840443611145,0.2793673574924469,1.1642498970031738
0.4426650404930115,0.14416742324829102,0.9554265737533569
0.0667375922203064,-0.3957470655441284,1.4142608642578125
-0.9394544363021851,0.010733101516962051,1.1513750553131104
-0.8896611332893372,-0.10978991538286209,1.2332881689071655
-0.2509610652923584,-0.43797144293785095,0.8364741206169128
-0.16550453007221222,0.20607252418994904,1.2825729846954346
-0.5433237552642822,0.499013215303421,0.8866887092590332
0.08872164785861969,-0.5124219059944153,0.9056859612464905
-0.5991514921188354,-0.5212595462799072,0.9906619787216187
-0.531697154045105,-0.26459240913391113,0.9681602716445923
0.21747103333473206,0.21552450954914093,1.1310083866119385
-0.1122588962316513,-0.23706060647964478,1.3567941188812256
0.16168144345283508,-0.14904598891735077,1.4875433444976807
-0.6223623752593994,0.14485305547714233,1.362634539604187
0.3271574378013611,0.2994932234287262,1.1712466478347778
-0.6588408946990967,-0.09052340686321259,1.0778204202651978
0.13631665706634521,-0.3546484410762787,0.9667587280273438
0.14866739511489868,-0.6643788814544678,0.7403039932250977
-0.3691865801811218,-0.41233351826667786,0.900336503982544
0.45973023772239685,0.23446708917617798,1.1146950721740723
-0.3016732633113861,-0.549336314201355,1.1628297567367554
0.0604730099439621,-0.010058484971523285,1.3556632995605469
-0.016670573502779007,-0.20325666666030884,1.1596508026123047
-0.2983907163143158,0.2047121375799179,1.5659555196762085
-0.056726403534412384,0.1474517434835434,1.325756549835205
0.10930135101079941,0.029127903282642365,0.8270216584205627
-0.5419390797615051,-0.11805444955825806,0.9308599829673767
-0.38474851846694946,0.33618927001953125,1.303866982460022
-0.23423904180526733,0.686012327671051,1.1464506387710571
-0.02109067142009735,-0.4742879271507263,0.8917545080184937
-0.021053548902273178,0.20986060798168182,1.4795410633087158
0.027276378124952316,-0.23653684556484222,0.8846099972724915
-0.10019311308860779,-0.04992172122001648,1.40534508228302
-0.8916103839874268,0.10577711462974548,0.5438506603240967
0.40413743257522583,0.49253275990486145,0.865463137626648
-0.11800293624401093,0.534105658531189,0.9626971483230591
0.09821479767560959,0.31010615825653076,0.7695268392562866
-0.7594520449638367,-0.3906327784061432,0.8734261393547058
-0.1441849172115326,0.5670309066772461,1.377245545387268
0.0042051225900650024,-0.33186444640159607,0.7717145681381226
-0.7295420169830322,0.19185706973075867,1.2416940927505493
-0.5962786674499512,-0.039940617978572845,1.160658836364746
-0.4705871343612671,-0.42124393582344055,1.0185788869857788
-0.032289858907461166,-0.7193942666053772,0.9427579045295715
0.05997106432914734,-0.07352383434772491,1.459970474243164
-0.07303835451602936,0.5845632553100586,1.3296191692352295
0.31221020221710205,-0.2892340421676636,1.1898916959762573
0.038266684859991074,0.0037622377276420593,1.3213783502578735
-0.5641791224479675,0.17401963472366333,0.4646121561527252
0.15574398636817932,0.4696098864078522,1.3248538970947266
-0.11518601328134537,0.169218972325325,1.3370755910873413
-0.09539128839969635,-0.31780457496643066,0.9907735586166382
-0.06375885009765625,-0.05834071710705757,1.56907057762146
0.11526240408420563,0.059537723660469055,1.5173147916793823
0.08353953808546066,0.4426157474517822,1.4006199836730957
0.39353278279304504,0.08479472249746323,1.0751830339431763
-0.09795930981636047,0.3853394389152527,0.7584899663925171
0.1642882227897644,0.4272826313972473,1.0535855293273926
-0.12936075031757355,-0.2479180544614792,1.1580467224121094
-0.5840107798576355,-0.1679489016532898,0.9401289224624634
0.0712345540523529,0.10586144030094147,1.151032567024231
0.11364790052175522,0.10676547139883041,1.523585319519043
0.2328723818063736,-0.04855625331401825,1.157575249671936
0.1793891191482544,0.2898223400115967,1.1229538917541504
-0.15600751340389252,0.5978347063064575,1.2987186908721924
-0.45614632964134216,-0.18730250000953674,1.3357030153274536
-0.45576632022857666,-0.5375853776931763,0.8544993996620178
0.22010672092437744,-0.06861909478902817,0.7761110663414001
-0.4683632254600525,-0.35606849193573,1.43650221824646
-0.6903291344642639,0.03966618329286575,1.2642987966537476
0.042992688715457916,-0.4527367949485779,0.8387690782546997
-0.08824164420366287,0.04612290859222412,1.1568140983581543
-0.26378247141838074,-0.27203497290611267,1.1313579082489014
-0.4217093884944916,-0.593474268913269,1.1053380966186523
-0.31275394558906555,-0.25182005763053894,1.365809440612793
0.20949837565422058,-0.05777124688029289,1.403273582458496
0.12167879939079285,0.215967059135437,1.314591407775879
-0.7032182216644287,-0.07219213992357254,0.9872462749481201
-0.2976343035697937,0.09082575142383575,1.5737569332122803
0.06121533364057541,0.24796205759048462,1.1698839664459229
-0.29316219687461853,0.6412005424499512,1.3192453384399414
0.22105300426483154,-0.6141603589057922,1.024887204170227
-0.2078118920326233,-0.3934965431690216,0.9746592044830322
-0.05726264417171478,-0.061315715312957764,1.0760602951049805
0.0829804390668869,0.4043257534503937,1.3712797164916992
0.006086386740207672,0.14417177438735962,0.761277437210083
0.27350249886512756,-0.40799909830093384,1.1901848316192627
0.23262141644954681,0.49100154638290405,0.8738408088684082
-0.027655988931655884,0.13286541402339935,1.5435124635696411
-0.044565774500370026,0.3659398853778839,1.3722281455993652
-0.313279926776886,0.4649927318096161,0.9400066137313843
-0.2954542338848114,0.7331071496009827,1.1571120023727417
0.0750579833984375,-0.02419833093881607,1.4159048795700073
-0.5988873243331909,-0.26763927936553955,1.1020249128341675
0.045947425067424774,0.1909436285495758,0.9742203950881958
-0.502131998538971,0.05700524151325226,1.318325161933899
0.06342703104019165,0.20223510265350342,1.2512805461883545
-0.3200555443763733,0.7484443783760071,0.583109974861145
-0.37754327058792114,-0.37961629033088684,1.1039453744888306
-0.7245374321937561,0.05694049596786499,1.268391728401184
-0.2395147830247879,-0.5484083890914917,1.151082158088684
-0.06403826177120209,-0.1331118941307068,1.5582433938980103
-0.17655746638774872,0.45295950770378113,0.7773804664611816
-0.21614105999469757,-0.5506284236907959,0.861693799495697
-0.28093037009239197,0.8067392110824585,0.9679727554321289
0.0607234388589859,0.7473023533821106,0.7686419486999512
-0.715765655040741,-0.12190037965774536,1.2688263654708862
0.036028362810611725,0.0638914629817009,1.4885029792785645
-0.6759936809539795,0.5809975862503052,1.078375220298767
-0.5582038164138794,0.10486458241939545,0.6915940046310425
-0.30050140619277954,-0.26870885491371155,1.3742074966430664
0.17300662398338318,-0.18532335758209229,1.2215510606765747
-0.5023627877235413,-0.32976233959198,1.2161016464233398
-0.4819313883781433,-0.13179552555084229,1.2805275917053223
-0.5225549340248108,0.16104570031166077,1.3106738328933716
-0.017792753875255585,0.5455289483070374,0.9312847852706909
-0.5931700468063354,0.16849815845489502,1.269184947013855
0.0337434820830822,-0.25063392519950867,1.170179843902588
0.5493720769882202,0.09819448739290237,0.7896566390991211
-0.4152235984802246,0.5687664747238159,1.3302292823791504
-0.3381560146808624,0.14821873605251312,1.573718547821045
-0.2392386496067047,0.23393671214580536,1.2856745719909668
-0.25468382239341736,0.6589791774749756,1.0774827003479004
0.3707818388938904,0.3081672191619873,1.0223090648651123
-0.7917970418930054,-0.057255156338214874,0.5491927862167358
-0.4880673885345459,0.19543257355690002,1.5108404159545898
-0.43163883686065674,0.25257349014282227,0.7906917333602905
-0.06578312069177628,-0.5156967043876648,1.1546566486358643
-0.15623648464679718,0.03170156851410866,1.566394567489624
-0.6187912225723267,0.6580784916877747,0.8876953125
-0.5815743803977966,0.6871638298034668,0.851952314376831
-0.11102360486984253,0.625976026058197,1.0891286134719849
0.23840153217315674,0.36118537187576294,1.3587883710861206
-0.7443403005599976,-0.3598681092262268,1.173090934753418
0.20717045664787292,-0.4392334818840027,1.2444963455200195
0.13134825229644775,0.1373693346977234,0.9504122734069824
-0.27162429690361023,-0.01671646162867546,1.303903579711914
-0.09027428925037384,0.5748382210731506,0.774152398109436
-0.3490960896015167,-0.0977393239736557,1.2218968868255615
-0.26294639706611633,0.16526730358600616,1.5696890354156494
0.17713937163352966,-0.3930370509624481,1.1870224475860596
0.10499489307403564,0.10255903005599976,0.8976369500160217
-0.7997592687606812,0.07397491484880447,1.406376838684082
-0.6581339240074158,-0.28933820128440857,0.9776331186294556
-0.41299232840538025,-0.25967130064964294,1.2397407293319702
0.32692602276802063,-0.3252924978733063,0.9831106066703796
0.14973607659339905,0.39606159925460815,1.264644742012024
-0.6362549066543579,-0.2008332908153534,1.441422462463379
0.0962858498096466,0.2936045527458191,1.0918160676956177
-0.23017829656600952,-0.2312822937965393,1.3730460405349731
-0.2935042977333069,0.25662025809288025,1.567498803138733
-0.733482837677002,0.18474161624908447,0.7672781944274902
-0.33098816871643066,-0.39552760124206543,0.9438208341598511
-0.4860262870788574,0.04327994957566261,1.0829291343688965
-0.380316823720932,0.5833114385604858,1.0805728435516357
-0.2576256990432739,0.27595674991607666,1.4549049139022827
0.5033162832260132,-0.018968060612678528,0.8022283315658569
0.3611313998699188,-0.2936553657054901,1.1669694185256958
0.013786181807518005,0.379336416721344,0.9052324891090393
-0.22488047182559967,0.7345846891403198,1.1764222383499146
-0.3133367598056793,-0.22530242800712585,0.7993625402450562
0.3836817741394043,0.027685970067977905,0.9075582027435303
-0.8654627799987793,-0.1045602560043335,1.2200640439987183
0.5546135902404785,0.11724305897951126,0.8510737419128418
-0.09443628787994385,0.07447831332683563,1.4777287244796753
0.07195211946964264,0.2914026379585266,0.9825761914253235
-0.07962623238563538,0.759215772151947,1.0770416259765625
-0.38855037093162537,-0.43200233578681946,0.8466581106185913
-0.34202098846435547,0.4651740789413452,1.3579977750778198
0.13043957948684692,0.06435374915599823,0.9224785566329956
0.23800837993621826,0.08569107949733734,0.9623451232910156
-0.3244156241416931,0.6817841529846191,1.2703049182891846
-0.0702068954706192,0.058099448680877686,1.5499569177627563
-0.48315611481666565,0.12587931752204895,1.3523976802825928
-0.2610968053340912,0.24603822827339172,1.491990566253662
0.14370088279247284,-0.1995404213666916,1.291152834892273
0.3525139093399048,-0.09103575348854065,1.2096049785614014
-0.2977139949798584,0.4667600691318512,0.8755505681037903
0.2509220242500305,0.29812464118003845,1.2925209999084473
-0.48845145106315613,0.18816326558589935,1.1778582334518433
-0.04199981689453125,-0.3494042158126831,1.067767858505249
-0.18665440380573273,0.5555342435836792,0.8980722427368164
-0.141972616314888,-0.24482153356075287,1.0967211723327637
-0.06429994106292725,-0.029776617884635925,1.2436575889587402
0.21867616474628448,0.14982202649116516,1.3178417682647705
-0.5035063624382019,-0.257642537355423,1.0987728834152222
-0.4498807489871979,0.2282947599887848,1.3654146194458008
-0.3241119980812073,-0.33431529998779297,1.3388689756393433
-0.3589242994785309,-0.3680424094200134,0.8833758234977722
0.09266243875026703,0.4510433077812195,0.8206065893173218
-0.46312808990478516,-0.07957629859447479,0.7925792932510376
-0.2726062834262848,0.6563424468040466,1.2538152933120728
-0.2668190896511078,0.49683886766433716,1.2295575141906738
-0.19977590441703796,0.49700117111206055,0.8430428504943848
0.33863094449043274,-0.5179661512374878,0.8509853482246399
0.07553449273109436,-0.18247370421886444,1.4939007759094238
-0.7705020308494568,0.11647993326187134,1.012233853340149
-0.45011189579963684,0.4423042833805084,1.091829538345337
-0.11784013360738754,0.37713882327079773,1.1369264125823975
-0.10319995880126953,-0.38808247447013855,1.0159273147583008
0.05673133581876755,0.4357175827026367,1.3686797618865967
-0.24354982376098633,0.35265061259269714,0.9361693263053894
-0.7869683504104614,0.40334612131118774,0.7598693370819092
0.10522205382585526,-0.09399131685495377,0.9352935552597046
-0.1531696319580078,0.24308258295059204,1.221435785293579
-0.440676748752594,0.31415116786956787,1.464715600013733
-0.26245778799057007,0.3339679539203644,1.3297796249389648
0.07221437990665436,-0.3826717138290405,1.2392715215682983
0.24409416317939758,0.2368791699409485,1.059715986251831
0.23258313536643982,-0.4193374514579773,0.8928672671318054
-0.7969802618026733,-0.22275525331497192,1.2553611993789673
-0.4498036801815033,-0.279131680727005,1.141695499420166
-0.030460534617304802,-0.40410351753234863,1.0853692293167114
-0.25670287013053894,0.30209073424339294,1.3969674110412598
-0.09284603595733643,-0.3794609010219574,0.9759105443954468
-0.23069645464420319,-0.5210787653923035,1.113839030265808
-0.4228193163871765,0.4400087594985962,1.1309103965759277
-0.11631882935762405,0.4751591682434082,0.8889144659042358
-0.455397367477417,0.12108072638511658,1.3531168699264526
0.1263749599456787,-0.456190288066864,0.9077337384223938
0.27584922313690186,-0.5050980448722839,0.952988862991333
-0.16771487891674042,0.5937725305557251,0.9257080554962158
0.053751856088638306,-0.26105910539627075,1.0629593133926392
-0.553748369216919,-0.09713390469551086,1.3982466459274292
-0.041602518409490585,0.42687276005744934,0.8241989612579346
-0.29851824045181274,0.43674254417419434,1.1841403245925903
-0.1829708218574524,-0.5180520415306091,1.4167394638061523
0.17793190479278564,0.2346411645412445,1.2125753164291382
0.42030131816864014,-0.04906759411096573,1.2543036937713623
-0.46188485622406006,0.48894062638282776,0.9070020914077759
-0.45943483710289,0.6342733502388,0.9058399796485901
-0.27388739585876465,0.6758307218551636,1.1288642883300781
-0.33804652094841003,0.4804432690143585,1.0938620567321777
-0.2603549063205719,-0.07846743613481522,1.2578226327896118
0.472062885761261,-0.07658815383911133,1.027977705001831
0.1943809986114502,-0.1103542298078537,1.215039610862732
0.35070040822029114,0.0115521140396595,0.873747706413269
0.3827488422393799,-0.15165555477142334,1.0397263765335083
0.15393108129501343,0.09966321289539337,1.179174542427063
-0.30214792490005493,0.44066697359085083,1.3153390884399414
-0.5932743549346924,0.020909439772367477,0.789756715297699
-0.7878918051719666,-0.5619738698005676,0.8248242735862732
-0.12189669907093048,-0.6357526779174805,0.9713839292526245
-0.1730932742357254,0.601169228553772,1.2752081155776978
0.19897612929344177,0.5115620493888855,0.8910708427429199
-0.5656961798667908,0.33469218015670776,1.0394392013549805
-0.4965401291847229,0.10417257249355316,1.483189582824707
-0.3729614317417145,0.6549497842788696,0.7758283019065857
-0.3869743347167969,0.5701965093612671,1.2003788948059082
-0.2783358693122864,-0.08450360596179962,1.2237998247146606
-0.644698977470398,0.6553444266319275,0.9917397499084473
-0.0011429190635681152,0.13143008947372437,1.0864276885986328
-0.663791835308075,0.09472588449716568,0.7013547420501709
0.1458486169576645,-0.5922539234161377,0.9103907346725464
-0.8246225118637085,-0.07885334640741348,1.2166742086410522
-0.13451547920703888,0.30721721053123474,1.52573561668396
0.11230027675628662,-0.1475270688533783,0.8498110175132751
-0.019834307953715324,-0.3353772461414337,1.124050498008728
-0.6861903071403503,-0.06742803752422333,1.418874740600586
-0.0231894813477993,-0.009054012596607208,1.3596644401550293
-0.256413996219635,0.6789364814758301,0.8192020058631897
-0.01673649623990059,0.08365604281425476,1.5386724472045898
-0.5635054111480713,0.10895169526338577,0.8392889499664307
-0.23206984996795654,0.8059714436531067,1.0195627212524414
0.08429698646068573,0.1360601782798767,1.5220880508422852
-0.58629310131073,0.05976017937064171,1.5158231258392334
0.052877187728881836,0.39307600259780884,1.4508733749389648
-0.828765869140625,-0.1430254578590393,1.1859703063964844
0.14488209784030914,0.10214629024267197,0.9382385015487671
-0.5853419303894043,0.38696223497390747,1.0271687507629395
-0.0335717499256134,-0.1772366762161255,1.3181226253509521
0.07103794813156128,0.27647531032562256,0.8140883445739746
0.21110157668590546,-0.4936390221118927,1.2553846836090088
-0.17019253969192505,0.3858296573162079,0.8519166111946106
-0.07334260642528534,0.009848251938819885,1.196394443511963
-0.4672558903694153,-0.14356721937656403,1.2931790351867676
-0.012148123234510422,0.6655386686325073,0.8972085118293762
-0.5742464065551758,0.45499399304389954,1.381043791770935
0.1257314234972,0.47537291049957275,1.319108247756958
-0.34788352251052856,-0.5281112194061279,1.2746763229370117
0.018206363543868065,-0.4737226366996765,1.3918105363845825
0.4812759757041931,-0.1372794806957245,0.9308360815048218
-0.5138809680938721,-0.6241897344589233,1.0212407112121582
-0.34667375683784485,-0.20500637590885162,1.4944839477539062
-0.7741226553916931,-0.2823653221130371,1.0756378173828125
-0.25991392135620117,-0.48230743408203125,1.176115870475769
-0.10236179828643799,-0.23098313808441162,1.5226147174835205
0.34978389739990234,-0.06504327803850174,0.9002898931503296
-0.590637743473053,-0.2711530923843384,1.4684836864471436
-0.5908068418502808,0.02556673064827919,1.2705656290054321
-0.3040339946746826,0.4583926200866699,1.336778163909912
0.23238123953342438,0.1394835114479065,1.380205512046814
0.10154148936271667,0.1338108777999878,1.5034890174865723
-0.1535997986793518,-0.3301924765110016,1.4707818031311035
-0.6563146710395813,0.6427462100982666,0.6403394937515259
-0.4545869529247284,0.07528647035360336,1.4417897462844849
-0.31091850996017456,0.16075396537780762,1.174210786819458
-0.16546498239040375,0.34114232659339905,1.4129283428192139
-0.25002747774124146,-0.1735062450170517,1.4265100955963135
-0.5585222840309143,-0.16467653214931488,0.8318620920181274
-0.5634692311286926,0.4561392664909363,0.9059878587722778
0.3100318908691406,0.20721647143363953,0.9745721817016602
-0.42950165271759033,-0.3436729907989502,1.0430883169174194
-0.1507655680179596,-0.3166066110134125,1.5331909656524658
-0.17916607856750488,-0.046599723398685455,1.5705327987670898
-0.8424038290977478,-0.08940987288951874,1.322623372077942
0.38624608516693115,0.07419806718826294,1.310217022895813
0.3550812304019928,-0.291451096534729,1.195785641670227
-0.14739990234375,-0.0741662085056305,1.5119879245758057
0.19762243330478668,0.49851009249687195,1.126780390739441
0.13374999165534973,-0.27916255593299866,0.8347877264022827
-0.6882510185241699,0.02150670439004898,1.2460322380065918
-0.013697221875190735,0.32665494084358215,1.5094650983810425
-0.6988788843154907,0.17174431681632996,1.316129446029663
-0.22067791223526,-0.5426697731018066,0.9931176900863647
-0.5640977025032043,0.0632157027721405,1.0194497108459473
-0.2844107151031494,0.7538359761238098,1.1641318798065186
-0.4052059054374695,-0.35903164744377136,1.5039706230163574
-0.01400940865278244,0.04916626214981079,1.4448962211608887
0.23201562464237213,-0.4279669523239136,1.1996592283248901
-0.03422357514500618,0.44596555829048157,1.2575836181640625
0.04907383769750595,-0.09083298593759537,1.2465250492095947
-0.5883256793022156,-0.04452786594629288,1.182081699371338
-0.4670804440975189,-0.014302901923656464,0.8452529907226562
-0.2985213100910187,0.41703182458877563,1.4310513734817505
-0.08078256994485855,-0.5258243083953857,1.0298128128051758
-0.08170217275619507,0.039930082857608795,1.5746231079101562
-0.016443900763988495,-0.062115442007780075,1.435847282409668
0.19559110701084137,0.24977031350135803,1.4397056102752686
0.4014950096607208,0.2921854853630066,1.04768705368042
0.45373645424842834,-0.07306443899869919,0.9024003744125366
-0.6087230443954468,0.08401751518249512,1.4938969612121582
-0.04578641057014465,-0.11162196099758148,1.0420444011688232
-0.7827972769737244,0.1516447812318802,0.6708940267562866
0.36110028624534607,0.053092505782842636,1.2592562437057495
-0.14937397837638855,-0.4594466984272003,1.2521435022354126
-0.7791966795921326,0.031911395490169525,1.1786772012710571
0.18099187314510345,-0.029172170907258987,1.4824786186218262
-0.569097101688385,0.6596931219100952,1.14024019241333
-0.5057506561279297,0.44542258977890015,0.9170879125595093
-0.09417437016963959,-0.23953689634799957,1.5502738952636719
0.11096550524234772,0.34170687198638916,0.9246257543563843
-0.18543453514575958,0.38272497057914734,1.5248379707336426
-0.31513020396232605,-0.22028324007987976,1.5522770881652832
0.4776139259338379,0.050164103507995605,0.8048591613769531
0.15329042077064514,-0.15944992005825043,1.4360177516937256
-0.7238396406173706,0.2859712243080139,1.2991048097610474
-0.14208489656448364,0.5061348080635071,1.290215253829956
-0.7199079394340515,0.48745977878570557,1.261234998703003
0.25156646966934204,0.2722204923629761,1.293861746788025
-0.3403654396533966,0.41775208711624146,1.1254777908325195
-0.10019496083259583,-0.281052827835083,1.267830491065979
-0.5139114856719971,0.3922225832939148,1.0560040473937988
0.3314793109893799,0.47283634543418884,0.7954010963439941
0.3209729492664337,0.5289117097854614,1.1191508769989014
-0.7207704782485962,-0.4636097550392151,1.1186866760253906
0.14644066989421844,0.025402024388313293,1.404649019241333
0.14509563148021698,0.1335602104663849,1.315833568572998
-0.07104070484638214,-0.12089010328054428,1.3809493780136108
-0.19576318562030792,0.6573678255081177,0.9231668710708618
-0.17358559370040894,0.4325556457042694,0.8276160955429077
-0.4917728304862976,-0.01972782611846924,1.1631416082382202
0.27554208040237427,0.22856405377388,1.2469271421432495
-0.35427969694137573,0.47241610288619995,0.8141899108886719
-0.06399734318256378,0.06326911598443985,1.4058713912963867
-0.43472856283187866,-0.17534726858139038,1.0871940851211548
-0.5695627927780151,-0.24665866792201996,0.9529430866241455
-0.6765079498291016,-0.21649964153766632,1.4221744537353516
0.0461609847843647,-0.3772755563259125,1.0131193399429321
-0.6741528511047363,0.2867434024810791,0.3715004026889801
-0.6217226982116699,0.3841021656990051,0.4473492205142975
0.2199578881263733,-0.300154447555542,1.1417109966278076
-0.9370781779289246,0.3132571876049042,1.0931923389434814
-0.2845735549926758,0.17621825635433197,1.575833797454834
-0.15094341337680817,0.2910323739051819,1.0553762912750244
-0.5486979484558105,0.279381662607193,1.5070058107376099
-0.18501479923725128,0.5567197799682617,0.7745347023010254
0.45185405015945435,0.14191143214702606,1.1686315536499023
-0.40090411901474,0.2421032041311264,1.3428151607513428
0.5160996317863464,-0.18961599469184875,0.9702091217041016
-0.31133341789245605,0.3509890139102936,1.2883409261703491
-0.5511187314987183,-0.07253455370664597,1.3708492517471313
-0.1769871860742569,0.5469976663589478,0.966998815536499
0.03194589167833328,0.338468074798584,0.8500605225563049
0.42114049196243286,-0.17967897653579712,1.051263451576233
-0.8031864166259766,-0.32997602224349976,1.0270878076553345
-0.39113324880599976,0.21246212720870972,1.3733528852462769
0.16935139894485474,0.6892820000648499,0.7708429098129272
0.06561173498630524,0.04762507230043411,1.1592743396759033
-0.025000549852848053,0.08538933843374252,1.4104268550872803
-0.3379601240158081,0.3898278772830963,1.0061367750167847
-0.08318239450454712,0.4526306390762329,1.0070570707321167
-0.24745896458625793,0.26813334226608276,0.7668457627296448
0.15802904963493347,0.15349054336547852,1.220836877822876
-0.13513123989105225,0.23441652953624725,1.3494271039962769
-0.10498976707458496,0.3292137384414673,1.3397818803787231
-0.25831812620162964,0.6188434362411499,0.8520689010620117
-0.28688761591911316,0.8083900809288025,0.7853474020957947
0.11991822719573975,-0.27028030157089233,1.081917643547058
-0.12821440398693085,-0.5304914116859436,0.7942114472389221
-0.31105273962020874,0.8203258514404297,0.8702878952026367
-0.3012542724609375,0.714019775390625,0.8748131990432739
-0.4079887270927429,0.4376150369644165,0.9053510427474976
-0.3279377818107605,-0.7802804112434387,0.8444862365722656
-0.6226267218589783,0.678820788860321,1.048507571220398
0.03137174993753433,0.40157371759414673,1.3999478816986084
-0.041225578635931015,0.2257816046476364,0.7545297145843506
0.07296480983495712,-0.3147366940975189,1.4776301383972168
0.31608352065086365,0.0002453215420246124,1.1247520446777344
-0.5040341019630432,-0.3173900544643402,1.0534703731536865
-0.5184617638587952,-0.6069779992103577,0.8155978322029114
-0.49031224846839905,-0.3863602876663208,1.0383504629135132
-0.13821275532245636,0.1925574541091919,1.155613899230957
-0.8140391111373901,0.019639374688267708,0.4052891433238983
0.007811502553522587,0.5061959028244019,1.2114924192428589
0.28201213479042053,-0.3196403980255127,0.7530463933944702
-0.6845830082893372,0.4859135150909424,0.47841745615005493
-0.030307546257972717,-0.4095618724822998,1.1338399648666382
0.174668088555336,-0.07293632626533508,1.4859387874603271
-0.28877130150794983,0.3269217908382416,1.481677532196045
-0.3528309762477875,0.2649442255496979,1.553305983543396
-0.684819221496582,-0.02633986808359623,1.057399868965149
0.5398276448249817,-0.16087262332439423,0.8691849112510681
-0.7067121863365173,-0.34715092182159424,1.2903714179992676
-0.34559911489486694,-0.5090062022209167,1.0850083827972412
-0.22875821590423584,0.04214474558830261,1.2864086627960205
-0.15350182354450226,-0.27067282795906067,1.5415639877319336
-0.7720367312431335,0.028969302773475647,1.3782035112380981
-0.8908802270889282,-0.10953991860151291,0.9665254950523376
-0.5145626664161682,-0.19693398475646973,0.8265575170516968
-0.0891929566860199,-0.21364463865756989,1.0169658660888672
-0.757367730140686,0.002768874168395996,1.3986514806747437
0.21433450281620026,0.32327800989151,0.8146716952323914
-0.20418694615364075,-0.6061315536499023,1.2501648664474487
0.004703854210674763,0.026718653738498688,1.1399409770965576
-0.12596459686756134,-0.014286279678344727,1.5705499649047852
-0.33533501625061035,-0.579004168510437,0.874089777469635
-0.12763524055480957,0.31901416182518005,1.28294837474823
-0.5643489360809326,0.1551303118467331,1.5181461572647095
-0.3014708161354065,0.3425976634025574,1.4967639446258545
0.1946958303451538,0.17140154540538788,1.4555160999298096
0.19053061306476593,0.32812005281448364,1.3903950452804565
-0.07153936475515366,0.2448909878730774,0.8124256134033203
0.40848320722579956,-0.05720546469092369,1.1099618673324585
0.06740854680538177,0.5245398879051208,1.048776626586914
0.24901050329208374,0.3405545651912689,1.0562554597854614
-0.33179527521133423,0.569591760635376,1.3859236240386963
0.37918907403945923,0.39170846343040466,0.8386098146438599
-0.5607054233551025,0.5376016497612,0.6701343059539795
-0.046249840408563614,-0.09829246997833252,1.3171039819717407
-0.5713309645652771,0.3100028932094574,0.4527815580368042
-0.7920306921005249,0.2471698671579361,0.9021794199943542
-0.39829710125923157,-0.19217631220817566,1.085485816001892
-0.12974539399147034,-0.1033731997013092,1.3521288633346558
-0.27354317903518677,0.10724294185638428,1.1770687103271484
0.027485128492116928,0.6455426216125488,1.115495204925537
0.20915445685386658,-0.17975348234176636,1.0061087608337402
-0.1950477510690689,-0.1494516134262085,1.3990737199783325
-0.30158063769340515,0.42664116621017456,0.9674529433250427
-0.5547152161598206,-0.12493966519832611,1.145339012145996
0.15474995970726013,-0.6094603538513184,1.016306757926941
-0.24522578716278076,-0.43994924426078796,1.26529061794281
-0.48555731773376465,-0.1817188709974289,1.4980969429016113
-0.39611560106277466,0.17615993320941925,0.8950375914573669
0.10308526456356049,-0.3231643736362457,0.9493532776832581
-0.7098367810249329,0.3687158524990082,1.054736852645874
0.006811052560806274,0.37594640254974365,0.8693935871124268
0.22571444511413574,0.042061202228069305,1.049306035041809
0.015084341168403625,-0.3056008815765381,0.8493967056274414
-0.5736533403396606,-0.010782059282064438,0.7937911748886108
-0.5424769520759583,-0.016948208212852478,1.4998388290405273
0.35992997884750366,-0.4118913412094116,0.8339982032775879
-0.955856204032898,-0.15164715051651,0.7021039128303528
0.11258605867624283,-0.3843704164028168,1.323864459991455
-0.25797897577285767,0.7043544054031372,0.6087838411331177
-0.10576219856739044,-0.051688775420188904,1.2056608200073242
0.07673019170761108,0.6230621337890625,1.2420812845230103
0.05171596258878708,0.18076235055923462,1.1499443054199219
-0.050635188817977905,0.4951740801334381,1.039817214012146
-0.33295416831970215,0.5588502883911133,1.389573574066162
-0.5797149538993835,0.27351418137550354,0.3597809076309204
-0.3604620695114136,0.4156334102153778,0.8580097556114197
0.008267671801149845,0.4680837392807007,0.9582952260971069
-0.33910760283470154,-0.5192335247993469,1.4154026508331299
-0.7668290138244629,-0.5906115174293518,0.8414964079856873
-0.6046506762504578,-0.22341367602348328,0.7251538634300232
-0.3020317554473877,0.4937288165092468,1.4550598859786987
-0.8860446214675903,0.2664341628551483,0.6431983709335327
0.16985823214054108,0.09726165235042572,0.9945053458213806
0.5021334886550903,-0.04472161456942558,1.1307002305984497
-0.2853870391845703,0.6078630089759827,1.0922338962554932
-0.07763954997062683,-0.15486624836921692,1.231567621231079
-0.1831555962562561,-0.013523764908313751,1.2707968950271606
0.09730559587478638,-0.4094860553741455,0.9584770798683167
-0.4868859648704529,-0.35925525426864624,1.1171215772628784
-0.18427550792694092,0.29986605048179626,1.1638704538345337
-0.9159747362136841,0.021214760839939117,1.1590579748153687
0.19448453187942505,0.24210694432258606,1.210615634918213
0.05405963957309723,-0.6065865755081177,0.8039374351501465
-0.03725925087928772,-0.6484388113021851,0.7225157022476196
0.1616840660572052,-0.2714841365814209,1.2157306671142578
-0.5003010630607605,0.45289111137390137,1.3195853233337402
0.21302206814289093,0.21153822541236877,0.8474594354629517
-0.38586097955703735,-0.11367843300104141,1.3293126821517944
0.06989248096942902,0.31655797362327576,1.3415595293045044
0.0443325899541378,0.6157339811325073,0.805422306060791
0.408811092376709,-0.1506059467792511,0.9439607858657837
-0.5753741264343262,-0.25951695442199707,1.1388624906539917
-0.3653196096420288,0.3440313935279846,1.3030484914779663
0.031814079731702805,-0.3343489468097687,1.4354878664016724
-0.715085506439209,-0.25718995928764343,1.4100152254104614
-0.16241124272346497,0.20191174745559692,1.5596507787704468
-0.5009267330169678,0.41871321201324463,1.4355043172836304
0.32205626368522644,0.3524799644947052,1.1555428504943848
0.28468525409698486,0.1332511305809021,0.9013588428497314
0.3314479887485504,0.17385190725326538,1.229971170425415
-0.8654208779335022,-0.20878462493419647,0.617803692817688
-0.5704185962677002,0.1481279879808426,0.7770843505859375
-0.5158634185791016,0.14515234529972076,1.271401047706604
-0.4245277941226959,-0.049847811460494995,1.5684921741485596
-0.07585863023996353,0.1574302613735199,1.2731969356536865
-0.09697902202606201,-0.06193925812840462,1.498805284500122
0.20366829633712769,0.27624770998954773,1.2058045864105225
0.3763808608055115,-0.47764116525650024,0.7793341875076294
-0.6123092770576477,-0.2961588203907013,0.5846859812736511
0.2731911540031433,-0.02245357632637024,0.7706977128982544
0.2583156228065491,-0.13940562307834625,1.1466227769851685
-0.3427783250808716,0.3025451600551605,0.7708334922790527
-0.23682880401611328,0.4767228066921234,1.4142917394638062
-0.056828878819942474,0.4116514325141907,1.483689308166504
0.229477196931839,-0.20632800459861755,0.9417924284934998
0.0009119212627410889,-0.34573954343795776,1.081493616104126
-0.566071093082428,0.5669338703155518,0.7673183083534241
0.03181137517094612,0.6322071552276611,0.7140651941299438
-0.4268038272857666,-0.3412964940071106,1.1267105340957642
0.4169889986515045,-0.2847862243652344,1.0499547719955444
-0.6158809065818787,-0.17019391059875488,1.2355804443359375
-0.427722692489624,-0.1844303011894226,1.035459041595459
0.2881016433238983,0.08282946050167084,0.7813555002212524
-0.24416860938072205,0.41165581345558167,1.2989298105239868
-0.576094388961792,-0.06006044149398804,0.807878851890564
0.09198860824108124,0.14866164326667786,0.827513575553894
-0.37491101026535034,-0.37186765670776367,1.0273213386535645
-0.5179272890090942,0.6786235570907593,1.0542927980422974
-0.929160475730896,0.1830258071422577,1.1769888401031494
-0.7555655837059021,-0.19975939393043518,0.6250268220901489
-0.7017688751220703,-0.35910820960998535,1.1719368696212769
-0.11085297167301178,0.5349973440170288,0.9866588711738586
0.09182215481996536,0.6251137852668762,0.9033360481262207
0.046095941215753555,-0.11678404361009598,0.8874754905700684
-0.3837575912475586,0.7275412082672119,1.066714882850647
0.09816240519285202,0.43965235352516174,1.3725826740264893
-0.726904034614563,-0.2678541839122772,0.8627790212631226
-0.10842327773571014,0.7069311738014221,1.0829849243164062
-0.27252477407455444,0.5171363949775696,1.4057798385620117
-0.15246310830116272,0.10054749250411987,1.5506961345672607
-0.2251720130443573,0.5559661388397217,0.8630421757698059
-0.3228146433830261,-0.11598759889602661,1.334958553314209
-0.2696044147014618,0.5749770402908325,0.8067430853843689
-0.35569316148757935,-0.03664872422814369,1.569684386253357
0.09779202938079834,0.07397106289863586,1.5182136297225952
-0.016876887530088425,0.341093510389328,0.9438837766647339
-0.28349071741104126,-0.5954180955886841,1.0695114135742188
0.12988203763961792,0.05904582887887955,0.9597681760787964
0.09688727557659149,-0.25162264704704285,0.8149428367614746
-0.02360846847295761,0.30800509452819824,1.4411358833312988
-0.3420799970626831,-0.7190265655517578,1.0185881853103638
0.01909593865275383,0.2377343475818634,1.534085750579834
-0.5938239693641663,-0.23867027461528778,1.2417925596237183
-0.09220025688409805,0.1786082684993744,1.2556878328323364
-7.877498865127563e-05,0.2555205523967743,0.8519071340560913
0.06860625743865967,-0.15347608923912048,1.5222437381744385
-0.009145809337496758,-0.6302087903022766,0.9292502999305725
-0.21578556299209595,0.5616718530654907,0.8439047336578369
-0.9439229965209961,0.3587733507156372,0.9432858228683472
-0.1379496306180954,0.16555076837539673,1.52764093875885
-0.4794352948665619,0.7785851955413818,0.7418872714042664
0.4473665952682495,-0.080595001578331,1.1748723983764648
0.1201188713312149,-0.22235366702079773,1.4556877613067627
-0.16591793298721313,0.28274255990982056,1.1035112142562866
-0.435893177986145,0.5615631937980652,0.7513133883476257
-0.10884302109479904,0.4908980131149292,1.3801796436309814
-0.23060087859630585,0.2655509114265442,1.1710467338562012
-0.07964873313903809,0.6682364344596863,1.2502747774124146
-0.24432513117790222,0.4211384952068329,0.995402455329895
-0.5075418949127197,0.5105735063552856,1.3195581436157227
-0.1559317409992218,0.4382847249507904,1.2565170526504517
0.006021119654178619,-0.186801940202713,0.9233530759811401
-0.3981042504310608,-0.6499878764152527,0.8836114406585693
0.013672128319740295,-0.01947828009724617,1.4399462938308716
0.27876025438308716,-0.027059679850935936,1.3352938890457153
-0.5391055345535278,0.6045202612876892,0.6677951812744141
-0.4526558518409729,-0.5508729219436646,1.1820677518844604
-0.005294047296047211,0.32590821385383606,1.2759004831314087
0.3157773017883301,-0.0419401116669178,1.3110216856002808
0.2499207854270935,0.04771529883146286,0.9199208617210388
-0.47510039806365967,-0.22557614743709564,1.373462200164795
-0.6203621625900269,0.13164064288139343,1.4169704914093018
0.21923604607582092,-0.0072557516396045685,0.8695787787437439
-0.05298948287963867,0.7522448301315308,0.7935149669647217
-0.6638607382774353,0.6891072392463684,0.9599661827087402
-0.957161545753479,0.25991004705429077,0.7394063472747803
-0.33184653520584106,-0.6700321435928345,1.044788122177124
-0.4414399564266205,-0.3601318597793579,0.8105468153953552
-0.03877349942922592,-0.26204752922058105,1.4047646522521973
-0.5060733556747437,-0.7207731008529663,0.782649040222168
-0.6608659625053406,-0.25513142347335815,1.0350420475006104
-0.26060763001441956,0.33507707715034485,1.5427956581115723
-0.8949604630470276,-0.1623857319355011,1.236481785774231
-0.5173313617706299,-0.11480522155761719,1.301727056503296
-0.8107857704162598,-0.06471579521894455,1.1153231859207153
-0.06678780913352966,0.1554318368434906,1.206700086593628
0.5096758604049683,-0.18227936327457428,1.0296475887298584
-0.06469722092151642,-0.6569750308990479,1.1927376985549927
-0.6285459399223328,0.48271504044532776,1.1636227369308472
-0.9931765198707581,0.31395795941352844,0.8748571872711182
0.03023577481508255,0.13562414050102234,1.543567180633545
0.4127417206764221,0.3490164577960968,1.1196396350860596
0.0567084476351738,0.41823244094848633,1.3191944360733032
0.263418585062027,0.375216007232666,0.8180075883865356
0.14375647902488708,-0.07001103460788727,1.3484290838241577
-0.05716470628976822,-0.2141541838645935,1.286778450012207
0.10633665323257446,0.3437448740005493,1.040542483329773
-0.2980094850063324,0.6012473106384277,0.7799956798553467
-0.1794651448726654,-0.5200576186180115,1.1987086534500122
-0.22053420543670654,-0.24235421419143677,1.315953254699707
-0.17385461926460266,0.19491946697235107,1.3626439571380615
-0.02074284851551056,-0.17461179196834564,1.3638345003128052
0.22961287200450897,-0.19879348576068878,0.9076215028762817
0.05348427593708038,0.26527783274650574,1.426847219467163
-0.12021449953317642,0.34476882219314575,0.8531923890113831
-0.24229460954666138,0.2896735966205597,1.343082308769226
-0.32769033312797546,-0.44308194518089294,1.0259265899658203
0.1487831324338913,0.5023733973503113,1.2728075981140137
-0.2563294768333435,-0.1453196257352829,1.3896784782409668
-0.5770404934883118,-0.02808837965130806,0.4259299337863922
0.05107448995113373,0.266452431678772,1.2227987051010132
0.4434082806110382,0.08493493497371674,0.9339146614074707
-0.6249127984046936,-0.11576052010059357,1.392265796661377
-0.4004146456718445,-0.6603760123252869,1.0375419855117798
-0.2042202204465866,-0.16116534173488617,1.4798461198806763
0.4002743363380432,0.24356767535209656,1.158147931098938
0.007974624633789062,-0.5729507207870483,1.3194119930267334
0.2754228711128235,-0.12422189116477966,0.9474479556083679
-0.4374290704727173,0.3474355638027191,1.3114776611328125
-0.07996867597103119,-0.6238715052604675,1.2577742338180542
-0.26681020855903625,-0.03772281855344772,1.5800626277923584
-0.6110188961029053,0.37376198172569275,1.3386809825897217
0.3005996644496918,0.21072065830230713,1.2961084842681885
-0.08416414260864258,-0.041669465601444244,1.2052361965179443
-0.519881010055542,-0.2960037887096405,1.4627091884613037
-0.021394789218902588,-0.2013769894838333,1.4436309337615967
-0.4104183316230774,0.293448805809021,0.8648449182510376
-0.23614245653152466,-0.14220619201660156,1.3927441835403442
0.0011094212532043457,-0.5545203685760498,1.3077666759490967
0.24005582928657532,0.14515239000320435,1.2280869483947754
0.019131340086460114,-0.2511496841907501,0.9785125851631165
-0.5186192989349365,-0.11966562271118164,1.2487934827804565
-0.5653061866760254,-0.24552154541015625,0.7358220219612122
-0.5025156736373901,-0.22744490206241608,0.8244234919548035
-0.4299982786178589,0.31503546237945557,0.8512903451919556
-0.6622949838638306,-0.038826167583465576,0.9966192841529846
0.34347376227378845,-0.35757002234458923,1.181826114654541
0.14623115956783295,-0.5112417340278625,0.9890762567520142
-0.34372445940971375,-0.45184698700904846,1.4362540245056152
-0.256156861782074,-0.24023833870887756,1.2930428981781006
0.06710667908191681,-0.15679073333740234,1.2990752458572388
-0.7531312704086304,0.37945282459259033,0.8737637996673584
-0.13848380744457245,-0.2852473556995392,1.3190765380859375
-0.1821981966495514,0.14907990396022797,1.5668774843215942
-0.7403082847595215,0.2203674018383026,0.5331828594207764
-0.25369182229042053,-0.3324548900127411,1.3069466352462769
-0.6211516261100769,-0.22436943650245667,0.9604496359825134
-0.5116043090820312,-0.3614139258861542,1.103524088859558
0.17372402548789978,-0.3433682322502136,1.3977298736572266
-0.3954504728317261,0.7201375365257263,0.914279580116272
-0.3132632076740265,0.43889936804771423,1.4129917621612549
0.29537248611450195,0.036608606576919556,1.3193832635879517
-0.60138338804245,-0.3438291847705841,1.0429431200027466
0.23044174909591675,0.25848400592803955,0.9528942108154297
0.3041130304336548,-0.2640126645565033,0.9329211115837097
-0.1325119137763977,-0.5040201544761658,1.1869956254959106
-0.08564049750566483,-0.49509119987487793,0.7977921962738037
-0.3737572133541107,0.19936630129814148,1.3543431758880615
-0.2788596451282501,0.2697395086288452,1.5408381223678589
-0.43103736639022827,-0.054892539978027344,1.4727879762649536
0.21910598874092102,0.08226946741342545,0.9302955865859985
0.23747612535953522,0.17850247025489807,1.1061683893203735
-0.5768697261810303,0.04198502004146576,1.4224475622177124
0.11418342590332031,0.1689678132534027,1.163072109222412
-0.36763426661491394,0.3743806779384613,0.7582138180732727
-0.19747033715248108,0.8220100998878479,0.854036808013916
0.15977013111114502,-0.04068521037697792,1.2751340866088867
-0.6676019430160522,0.2225799709558487,0.4767380952835083
0.3123924136161804,-0.5335888862609863,0.9352309107780457
-0.6063432693481445,-0.14136964082717896,1.3514330387115479
-0.10033266246318817,0.5872042179107666,1.0109707117080688
0.44245290756225586,0.24655205011367798,1.1927984952926636
-0.425161212682724,-0.1240767315030098,0.7781277298927307
-0.032241225242614746,-0.246093288064003,1.1586188077926636
0.0007815733551979065,0.23814064264297485,1.2429373264312744
-0.3468693196773529,0.026110857725143433,1.5713527202606201
-0.22394901514053345,0.15124106407165527,1.0886372327804565
-0.1423964500427246,0.11601490527391434,1.514220952987671
-0.3227667808532715,0.38095784187316895,0.8511614799499512
-0.1008128672838211,-0.31699806451797485,0.7681272029876709
0.16626779735088348,-0.6050299406051636,0.9187479615211487
0.3692145347595215,-0.16101571917533875,1.076511263847351
-0.23553340137004852,-0.267476886510849,1.5307612419128418
-0.24964773654937744,0.4006350338459015,1.2565538883209229
-0.8517224788665771,-0.3181965947151184,1.1284335851669312
0.07382179796695709,0.18527720868587494,1.2201995849609375
-0.23076015710830688,-0.32863742113113403,0.8475677371025085
-0.4728318154811859,-0.21358217298984528,1.3705166578292847
-0.31651556491851807,0.6631712913513184,1.185750126838684
-0.647611141204834,-0.04552937299013138,1.4083185195922852
0.29321664571762085,0.4399517774581909,0.7999525666236877
-0.380744069814682,-0.3658837378025055,1.5033926963806152
0.1291789710521698,0.515224277973175,0.7679252624511719
-0.4957716464996338,-0.16134952008724213,0.8792378902435303
0.24467381834983826,-0.6025924682617188,0.8487759828567505
-0.2406538426876068,-0.15728753805160522,1.193349838256836
0.04728080332279205,0.31507304310798645,0.8344990015029907
-0.14036691188812256,0.6585702896118164,1.1603679656982422
0.06499546766281128,0.6318634748458862,1.1783527135849
-0.16471707820892334,0.32620668411254883,1.1599633693695068
0.27135172486305237,0.2825790047645569,0.859272301197052
-0.33993807435035706,0.6686677932739258,0.8103636503219604
0.42732080817222595,-0.029538948088884354,0.8449586033821106
-0.4635326862335205,-0.09282250702381134,1.4657230377197266
-0.4250069856643677,-0.3193889558315277,1.2004272937774658
0.047299325466156006,0.35437583923339844,1.1683218479156494
0.2650052309036255,-0.4419694244861603,1.2085559368133545
-0.18549147248268127,0.3205980956554413,0.8746159076690674
0.22261092066764832,0.09005525708198547,1.2422118186950684
-0.7275555729866028,-0.15219885110855103,1.2664203643798828
-0.3997001647949219,0.3984222114086151,1.4333792924880981
-0.5854555368423462,0.22364315390586853,1.2012745141983032
0.14624068140983582,-0.256695419549942,1.2665438652038574
0.42601144313812256,0.16859711706638336,0.7608822584152222
0.3313339650630951,-0.3634487986564636,1.0079714059829712
0.13089650869369507,0.12613674998283386,0.9501567482948303
0.1121719479560852,0.14269880950450897,1.176612377166748
-0.025008361786603928,0.3085557222366333,1.2453603744506836
-0.17788155376911163,-0.26647359132766724,1.2299782037734985
-0.6734012961387634,-0.03791796416044235,1.33757746219635
0.0498112253844738,-0.07698944211006165,1.0977838039398193
0.44169026613235474,0.2919239401817322,1.1358600854873657
0.0247044637799263,0.10519573837518692,0.9629431962966919
-0.5218845009803772,-0.13152611255645752,1.13034987449646
-0.28223520517349243,0.2527010142803192,1.4719293117523193
-0.22696033120155334,0.3904682993888855,0.7829011678695679
-0.45221084356307983,0.46875861287117004,1.3552778959274292
-0.24284550547599792,0.7096278667449951,1.19178307056427
-1.0121619701385498,0.22485965490341187,0.9340200424194336
-0.612385094165802,-0.09908025711774826,1.3347389698028564
0.049112461507320404,0.09944646060466766,1.4014283418655396
0.040044575929641724,-0.34679940342903137,0.9582140445709229
-0.647974967956543,-0.22047586739063263,1.4017683267593384
-0.5231554508209229,-0.15007323026657104,1.532082200050354
-0.5695608854293823,-0.6095706224441528,1.1135857105255127
-0.5723617076873779,-0.00601971335709095,1.4923624992370605
-0.2925148010253906,0.6497140526771545,1.237809658050537
-0.8513907790184021,0.05872640013694763,1.1620529890060425
-0.4575155973434448,-0.17928248643875122,1.1627415418624878
-0.38118302822113037,0.27560722827911377,1.540497899055481
-0.1537211537361145,-0.2525651156902313,0.8769612312316895
0.4302256107330322,0.23368363082408905,1.1817256212234497
0.03278512507677078,-0.4602268934249878,1.3539210557937622
-0.7674168944358826,0.21401160955429077,0.9672703146934509
-0.3426682949066162,-0.12995626032352448,0.8334522247314453
-0.45744550228118896,-0.20205526053905487,0.93985915184021
-0.00818091630935669,0.2289115935564041,1.480302095413208
-0.29957255721092224,0.6737813949584961,1.1012780666351318
0.09921865165233612,-0.2562008500099182,1.2592177391052246
0.25607410073280334,0.17324796319007874,1.3768706321716309
0.08382536470890045,0.24609456956386566,1.2148841619491577
-0.5100911855697632,0.40457677841186523,1.132605791091919
0.08311140537261963,0.039811860769987106,0.782167911529541
-0.7137662172317505,0.04983211308717728,0.7204314470291138
0.026693271473050117,-0.24021326005458832,0.7678734064102173
0.4043574333190918,0.3409556746482849,1.1622953414916992
-0.4440133273601532,-0.034492842853069305,1.5233325958251953
-0.04057740420103073,0.05843266472220421,1.381943702697754
-0.19667702913284302,0.6919555068016052,0.8078751564025879
-0.0991264283657074,-0.24679923057556152,1.2055168151855469
-0.35429924726486206,-0.1355997920036316,1.4685313701629639
0.25451382994651794,0.1962784379720688,1.3496205806732178
-0.9086946845054626,0.3034505248069763,1.1708821058273315
-0.41619569063186646,0.22856813669204712,1.4313689470291138
-0.38601645827293396,0.2727317810058594,1.1898267269134521
0.41147613525390625,0.18229800462722778,1.2755420207977295
-0.09120190143585205,0.042406901717185974,1.4407540559768677
-0.7729735970497131,0.5158451795578003,0.920454204082489
-0.1776498705148697,0.478244811296463,1.0567246675491333
-0.3154560923576355,-0.7318912148475647,1.0830750465393066
0.042533621191978455,0.4603462815284729,1.1497795581817627
-0.1114811897277832,-0.21098242700099945,1.367084264755249
-0.5607036352157593,-0.45803144574165344,1.1786305904388428
0.09564097225666046,-0.09928853809833527,1.2954213619232178
-0.5331990718841553,-0.08808243274688721,1.534271478652954
-0.5019978284835815,0.03176087513566017,0.8422805070877075
-0.18428246676921844,-0.711847722530365,1.0136796236038208
-0.21563196182250977,-0.6084496974945068,1.2082953453063965
-0.4092417061328888,-0.23878060281276703,1.3039684295654297
0.38543665409088135,0.1735210120677948,1.026771068572998
-0.8265317678451538,-0.23179328441619873,1.104552149772644
0.033829465508461,0.28846901655197144,0.7809886932373047
-0.2482275813817978,0.33579862117767334,1.2201088666915894
-0.43860363960266113,-0.216923326253891,1.36021089553833
-0.015078127384185791,0.09020945429801941,1.2991753816604614
-0.04075999557971954,0.6186007857322693,1.3234977722167969
-0.07750874757766724,-0.48369544744491577,0.9083324670791626
-0.29476624727249146,0.134985089302063,1.5706852674484253
0.2037370204925537,0.3601435720920563,0.9394782185554504
0.13727086782455444,-0.3683009743690491,1.1060678958892822
-0.4421886205673218,-0.28290143609046936,1.0775744915008545
-0.13565699756145477,-0.46752089262008667,1.0227258205413818
0.28343871235847473,-0.17743629217147827,0.8131068348884583
-0.24413473904132843,-0.35117432475090027,1.0129692554473877
-0.4689869284629822,0.04305792972445488,0.8960594534873962
-0.277308851480484,-0.11440739035606384,1.5653079748153687
-0.05105101317167282,-0.719152569770813,0.647917628288269
-0.04192653298377991,-0.19994165003299713,1.4694041013717651
-0.1218840628862381,-0.020208705216646194,1.1792694330215454
-0.5959463715553284,0.11606882512569427,1.4822015762329102
-0.01588626205921173,-0.4838586151599884,1.261396050453186
-0.3902330994606018,-0.5557100176811218,1.0582377910614014
-0.44320058822631836,0.04808782413601875,0.8605082035064697
0.09188026934862137,-0.044270120561122894,1.419988751411438
-1.0190134048461914,-0.032872654497623444,0.7743701934814453
-0.05513983219861984,0.151338130235672,1.0772910118103027
-0.269034743309021,0.301421582698822,1.4684576988220215
0.20115900039672852,-0.3388328552246094,1.237859845161438
-0.0116671621799469,0.48813942074775696,1.068319320678711
0.4468073844909668,-0.021270371973514557,0.9797995090484619
0.20043718814849854,-0.572467565536499,1.1552693843841553
-0.7568963766098022,0.2719695270061493,0.7765390872955322
-0.1825156807899475,-0.18850064277648926,1.3272013664245605
-0.6362949013710022,-0.13037797808647156,1.4556264877319336
-0.3466213643550873,-0.29227662086486816,1.0847530364990234
-0.7675690650939941,0.15731891989707947,1.2464313507080078
-0.7734144926071167,0.10562381893396378,1.3202205896377563
-0.1805819869041443,0.35507169365882874,1.4953992366790771
-0.2819429636001587,-0.3346511125564575,0.8390872478485107
-0.17192848026752472,0.18929064273834229,0.8701767325401306
0.029946092516183853,-0.49877119064331055,1.3769352436065674
0.022914767265319824,0.08663864433765411,1.2384498119354248
-0.06705556064844131,0.39026939868927,1.3297467231750488
-0.03172503411769867,-0.117431640625,1.1826566457748413
-0.22040434181690216,0.6687495708465576,1.1752029657363892
-0.07792898267507553,-0.43921172618865967,0.8381414413452148
-0.5203630328178406,0.5500938296318054,1.3449152708053589
0.19046078622341156,-0.5704766511917114,1.0607705116271973
-0.8139674663543701,0.03378281369805336,1.2123268842697144
-0.43463361263275146,0.5071977972984314,0.7893900275230408
-0.5746229290962219,-0.47218233346939087,1.0752612352371216
-0.5828202962875366,0.117654949426651,0.6742539405822754
-0.43061885237693787,-0.2721990644931793,0.8132944107055664
0.015210434794425964,-0.060507915914058685,1.423086166381836
0.002891313284635544,-0.0264185331761837,1.2832393646240234
-0.4885813295841217,-0.03487946465611458,1.2863439321517944
-0.5451785326004028,-0.23025380074977875,0.9200639724731445
-0.4554404616355896,0.2550826072692871,0.7834607362747192
-0.8241599202156067,-0.06868855655193329,0.6846874952316284
0.2707359790802002,-0.03902790695428848,1.2214454412460327
0.01504257321357727,0.2962377369403839,1.0118170976638794
-0.0049400851130485535,0.2915723919868469,1.426518201828003
-0.03345651179552078,0.2862829864025116,1.3723969459533691
-0.0319112166762352,0.3761642277240753,0.7934679985046387
-0.9859140515327454,0.0640522763133049,1.1230052709579468
-0.5986740589141846,0.10964193940162659,0.4036620259284973
-0.38137415051460266,0.21911358833312988,1.552642583847046
-0.12555071711540222,0.15446767210960388,1.334972620010376
0.36499884724617004,-0.4227694272994995,1.0397601127624512
-0.34975433349609375,0.40062952041625977,1.2837765216827393
0.05891231447458267,0.5361897945404053,1.2290483713150024
-0.1270354688167572,0.11350037902593613,1.5304906368255615
-0.2905515730381012,-0.2637239098548889,1.0736937522888184
0.1636761724948883,-0.4187953472137451,1.2035753726959229
-0.4320472180843353,-0.7481701970100403,0.905494213104248
-0.3522166907787323,-0.20708949863910675,1.5516706705093384
-0.05817455053329468,-0.511612057685852,1.309309482574463
0.01734105497598648,0.11570121347904205,0.7867556214332581
-0.7328831553459167,-0.10463236272335052,1.4094654321670532
0.3372497856616974,-0.11855444312095642,0.8516052961349487
-0.46658945083618164,-0.28707820177078247,1.5066211223602295
-0.0959307923913002,-0.1728517860174179,1.4227867126464844
0.4498700797557831,-0.38523682951927185,0.9055126905441284
-0.5911349654197693,-0.2506827414035797,1.2240304946899414
-0.4197996258735657,0.38396936655044556,0.7944906949996948
-0.29033586382865906,0.5748491287231445,1.0269439220428467
-0.02965516597032547,0.2893771231174469,1.2716970443725586
-0.685042142868042,0.08878521621227264,1.3781920671463013
-0.1468912810087204,0.4475516378879547,1.396992564201355
-0.025049306452274323,-0.02026243507862091,1.0930253267288208
0.006197970360517502,-0.27261677384376526,1.2499568462371826
0.08346256613731384,0.32116571068763733,1.4494352340698242
-0.7923840284347534,0.2667165994644165,1.1622847318649292
-0.33158957958221436,0.16045448184013367,1.1140632629394531
-0.4727502465248108,-0.428303062915802,1.0871946811676025
-0.49684852361679077,0.3861791491508484,0.9254384636878967
-0.5642919540405273,0.36081355810165405,0.6779950261116028
-0.15094691514968872,0.46752697229385376,1.2343943119049072
0.07472506910562515,0.6798611879348755,1.0890989303588867
-0.46605002880096436,-0.3438786566257477,1.0099011659622192
-0.6752364039421082,-0.5078767538070679,1.1671018600463867
-0.2133166342973709,-0.5844377875328064,1.093909740447998
0.34829550981521606,-0.42749983072280884,0.9119470119476318
-0.5963597893714905,-0.03638997673988342,0.7416300773620605
-0.22169129550457,0.09901151061058044,1.5835777521133423
0.08053255826234818,-0.19678054749965668,1.2083909511566162
-0.4015231728553772,0.32202041149139404,1.5356237888336182
0.33460965752601624,0.12969696521759033,1.2578802108764648
0.014616534113883972,-0.1239013746380806,0.771598219871521
-0.2526932954788208,0.5104658603668213,1.1359267234802246
-0.13037031888961792,0.35118430852890015,1.0504623651504517
-0.4479079246520996,0.775343120098114,0.7145897150039673
-0.09255634993314743,0.4558163583278656,0.9063255190849304
-0.15667389333248138,0.6849490404129028,1.1129968166351318
-0.678122341632843,0.0012099966406822205,0.43666326999664307
-0.4326019585132599,-0.20960766077041626,1.073408842086792
-0.8070708513259888,-0.10894213616847992,1.1720212697982788
-0.4462917745113373,-0.15933610498905182,1.088449478149414
-0.7032583951950073,0.3505336046218872,0.4301554262638092
-0.34468215703964233,-0.11859744787216187,1.2277984619140625
-0.6691908240318298,0.6709772348403931,0.7015901803970337
0.11818939447402954,0.21164309978485107,0.7825919985771179
0.1290857493877411,-0.26732176542282104,1.187515139579773
-0.618009626865387,-0.151148721575737,0.6331831216812134
-0.16389426589012146,-0.3423731029033661,1.0890204906463623
-0.45082879066467285,0.05402861908078194,0.7605953216552734
-0.5702826976776123,-0.39759591221809387,1.2520323991775513
-0.8450828194618225,-0.19379106163978577,1.1769400835037231
0.11084738373756409,-0.4685804545879364,0.9879093170166016
0.07881905883550644,-0.04983418434858322,1.378623366355896
0.10380563139915466,-0.27739423513412476,1.2416326999664307
-0.7220155000686646,-0.2836870849132538,1.3339794874191284
-0.3259178400039673,-0.4493274390697479,1.4396018981933594
0.028504563495516777,0.07519317418336868,1.4699739217758179
0.18357296288013458,-0.12056946009397507,1.3152525424957275
0.051862932741642,0.021753564476966858,1.4077627658843994
-0.0617777556180954,0.14692743122577667,1.299837589263916
-0.5517876148223877,-0.06021265685558319,1.5319859981536865
-0.6093078255653381,-0.3319014310836792,1.0699706077575684
-0.37228596210479736,0.3577168881893158,0.7991234660148621
-0.14380112290382385,0.2794918417930603,1.312270164489746
-0.5718361735343933,-0.001769978553056717,1.077415943145752
-0.11071980744600296,0.48119452595710754,1.1660910844802856
-0.5757584571838379,-0.5165433883666992,0.9484866857528687
-0.05955858156085014,-0.5233229398727417,0.8478425741195679
-0.07473137974739075,-0.06016933172941208,1.5674470663070679
0.18439336121082306,-0.5639957785606384,0.8059307932853699
-0.3691609501838684,-0.47778335213661194,0.894198477268219
0.00852334126830101,0.49676811695098877,1.1768115758895874
-0.15617549419403076,0.02800370380282402,1.566656470298767
-0.25559788942337036,-0.14108283817768097,1.4768197536468506
-0.2523985505104065,-0.6121342182159424,1.0725406408309937
0.017689384520053864,0.17490975558757782,1.5449362993240356
0.1308898627758026,0.3478105962276459,1.3487130403518677
-0.398486465215683,0.728268027305603,0.8559882044792175
-0.799872100353241,0.3309672474861145,1.229878306388855
-0.6764501333236694,-0.185137540102005,1.264572024345398
-0.10501080751419067,0.34347033500671387,0.8022370338439941
-0.2964684069156647,0.12637796998023987,1.1486948728561401
-0.05162234604358673,-0.6992006301879883,0.8971244096755981
-0.8730202913284302,0.25676196813583374,0.7049463987350464
0.20644474029541016,0.049849361181259155,0.9773730039596558
-0.30175137519836426,-0.13654181361198425,1.446895718574524
-0.006923370063304901,-0.5344924330711365,1.3633899688720703
-0.18548583984375,0.2792862057685852,1.5281447172164917
-0.22171393036842346,0.4870762825012207,1.4690626859664917
-0.00923086702823639,-0.4474501311779022,1.286820650100708
-0.2366509884595871,-0.43636763095855713,1.4085886478424072
0.004409343004226685,-0.25278329849243164,1.458410382270813
0.24606966972351074,0.032357923686504364,1.3650023937225342
-0.6626423597335815,-0.24397063255310059,0.9742711186408997
-0.1663312315940857,0.2783636748790741,0.7586405277252197
0.09434223175048828,-0.14583143591880798,1.1078523397445679
-0.053064703941345215,-0.326920747756958,0.8778339624404907
0.09388406574726105,0.32878389954566956,1.2576169967651367
0.44634121656417847,0.058893248438835144,1.2332220077514648
0.07296763360500336,0.5733200311660767,1.245131254196167
-0.7020809650421143,-0.0813683420419693,0.46488869190216064
-0.33432647585868835,0.4436034858226776,0.8946881294250488
0.32821619510650635,0.08977826684713364,1.2422046661376953
-0.48239272832870483,-0.2460666298866272,1.5178227424621582
0.037879474461078644,0.4137345850467682,1.3832175731658936
-0.5097485780715942,-0.4905000329017639,1.0334407091140747
0.0014536306262016296,0.2116042673587799,1.0948538780212402
-0.635288417339325,-0.09096783399581909,0.7089272141456604
-0.13886183500289917,0.575952410697937,0.9964564442634583
0.02232304960489273,-0.20725369453430176,1.490246057510376
-0.37662243843078613,-0.0296374149620533,1.305700659751892
-0.8186364769935608,0.08211108297109604,1.1484050750732422
-0.40057337284088135,0.35068953037261963,1.4815449714660645
-0.05625349283218384,-0.5737547874450684,1.0126338005065918
-0.8549787998199463,0.002313873264938593,0.5346190333366394
-0.5956551432609558,0.18715572357177734,0.7146340012550354
-0.29844534397125244,0.35722896456718445,0.7872182130813599
-0.22038216888904572,-0.1879691183567047,0.9061669111251831
-0.7339859008789062,0.3182050287723541,1.0430419445037842
-0.0974656492471695,0.39718255400657654,0.8686577677726746
0.10230283439159393,0.10802340507507324,0.8074744343757629
-0.5645790696144104,0.2992096245288849,1.3270180225372314
-0.35598742961883545,0.3856276869773865,1.2123615741729736
-0.3853633403778076,0.6397517919540405,1.2022202014923096
-0.5392935276031494,0.4458530843257904,0.44741058349609375
-0.6531471014022827,0.2478555589914322,1.0249052047729492
0.36661168932914734,0.10418795794248581,0.8495360016822815
-0.360026478767395,-0.5011373162269592,1.0559922456741333
-0.2854959964752197,0.3253992199897766,1.0612967014312744
-0.33709394931793213,0.4185147285461426,1.1600784063339233
-0.14166830480098724,0.4950222671031952,0.8485147356987
-0.019691873341798782,0.044084832072257996,1.3071974515914917
0.27605515718460083,-0.2773708999156952,1.1684643030166626
0.10354476422071457,0.24988335371017456,0.9231137037277222
0.035066209733486176,0.37298083305358887,1.2619729042053223
-0.14880633354187012,0.6509663462638855,1.173420786857605
-0.1712408810853958,0.2009429782629013,1.2086334228515625
0.4884788393974304,0.20411847531795502,1.1192351579666138
0.15277835726737976,0.45650869607925415,0.8334077596664429
-0.38130414485931396,0.625165581703186,1.2610198259353638
-0.31373852491378784,-0.4176649749279022,1.101184606552124
-0.02348555624485016,-0.380121111869812,1.3612655401229858
-0.17600901424884796,0.6533107161521912,0.7106485366821289
-0.3033983111381531,-0.6477686166763306,1.1623035669326782
-0.3759811520576477,0.27982479333877563,0.8544164896011353
-0.14772717654705048,0.5441768169403076,1.202883005142212
-0.22294484078884125,-0.28866302967071533,1.3099721670150757
0.1673126071691513,0.6842650771141052,0.7467818260192871
-0.2705398499965668,-0.36627689003944397,1.3029727935791016
0.4138040244579315,0.07063492387533188,1.1293597221374512
-0.5447177290916443,0.5040758848190308,1.218088984489441
0.005075361579656601,0.4569034278392792,1.4456485509872437
-0.015684053301811218,0.7712507843971252,0.8772019147872925
-0.38776007294654846,-0.17466099560260773,1.072843313217163
-0.8595787286758423,-0.1679280549287796,1.0637189149856567
-0.6730049848556519,-0.13742099702358246,1.3030366897583008
-0.32471388578414917,0.29952043294906616,1.0705392360687256
-0.056836530566215515,-0.47332125902175903,1.0300427675247192
0.1899273842573166,-0.12122155725955963,1.4764357805252075
-0.6018752455711365,-0.20827239751815796,1.37199866771698
0.052997149527072906,0.6775757074356079,1.0192735195159912
-0.15296924114227295,0.12060920894145966,1.4211907386779785
0.1662798821926117,-0.12332821637392044,1.494486689567566
0.44637104868888855,0.24429787695407867,1.1001390218734741
-0.04006984084844589,-0.17486003041267395,1.5351593494415283
-0.545430600643158,0.49104028940200806,1.2790579795837402
-0.11696599423885345,0.32570719718933105,1.2840051651000977
0.11579769849777222,0.13286355137825012,1.1130880117416382
0.08516541123390198,0.6106541156768799,0.8194780349731445
-0.7746133208274841,-0.14153972268104553,0.41973283886909485
-0.833797037601471,0.517952024936676,0.9476540684700012
-0.6495651006698608,0.20121029019355774,1.4501889944076538
-0.09187018871307373,-0.21952582895755768,1.5141340494155884
0.4383355975151062,-0.18433384597301483,1.2006986141204834
0.3269498944282532,-0.2076050043106079,1.0502973794937134
-0.6953817009925842,-0.25940293073654175,0.436614990234375
-0.35071277618408203,0.45158711075782776,1.1534640789031982
-0.6340934038162231,0.1501336693763733,0.9387385845184326
-0.45532333850860596,0.3231365382671356,1.4830191135406494
0.4565078020095825,0.25642189383506775,1.0567997694015503
0.020902805030345917,0.261627733707428,1.508890151977539
0.13630110025405884,-0.314046174287796,1.2975742816925049
-0.06119054555892944,-0.35306745767593384,1.1065763235092163
-0.2009105533361435,0.5420739650726318,0.9901772141456604
0.3703256845474243,0.3991774320602417,1.1693332195281982
-0.18109232187271118,0.28726115822792053,1.2420377731323242
-0.7173323631286621,-0.06925591826438904,1.1580755710601807
-0.12300832569599152,0.19370053708553314,1.3512738943099976
0.19600841403007507,-0.005669623613357544,0.793148398399353
-0.14332590997219086,0.10488158464431763,1.1935019493103027
-0.431306391954422,-0.04359990358352661,1.3523569107055664
-0.27059105038642883,-0.5823976993560791,1.230933427810669
0.11891325563192368,0.515830397605896,1.2112551927566528
-0.5791200995445251,-0.6644601821899414,0.685896098613739
0.08730533719062805,0.3466593027114868,1.0122143030166626
-0.6274755001068115,-0.2414238154888153,1.3947646617889404
-0.13905954360961914,0.6272783279418945,0.9289599657058716
-0.6413891315460205,-0.09426959604024887,1.486741542816162
-0.9306537508964539,0.01636652648448944,1.1550393104553223
-0.09630167484283447,-0.726040244102478,1.0429965257644653
-0.003060072660446167,0.13646015524864197,1.101582407951355
-0.47591668367385864,0.22262245416641235,1.5121009349822998
-0.07057460397481918,0.25159233808517456,1.3790621757507324
-0.047308821231126785,-0.3887150287628174,0.8914417028427124
-0.46667230129241943,-0.026440534740686417,0.8088458776473999
-0.9672720432281494,0.33737125992774963,0.849998950958252
-0.23790791630744934,-0.27994486689567566,0.843342661857605
0.3299349844455719,-0.307792991399765,1.1328821182250977
-0.0634077861905098,0.5542932152748108,0.9463343620300293
0.36776280403137207,-0.09496787190437317,1.2859911918640137
-0.7629907131195068,-0.40031173825263977,0.9558841586112976
-0.40459194779396057,0.16169512271881104,1.2431445121765137
-0.22564290463924408,-0.6961073875427246,1.1393883228302002
-0.7636353969573975,0.002600550651550293,1.2378511428833008
-0.27859291434288025,-0.5507762432098389,1.0432316064834595
-0.055055901408195496,0.43501466512680054,1.2838550806045532
0.23630502820014954,0.1271202266216278,1.2004351615905762
-0.29795318841934204,0.4110991358757019,1.0029410123825073
-0.35958075523376465,-0.26207324862480164,1.2429224252700806
-0.4687665104866028,-0.057932399213314056,0.7972790002822876
-0.7052918672561646,-0.49717578291893005,1.1675552129745483
0.08601316809654236,0.5612282156944275,0.7863665819168091
-0.7298867702484131,-0.2486194372177124,1.4074102640151978
0.022362656891345978,-0.08272608369588852,0.7642316818237305
-0.28386634588241577,-0.19683820009231567,1.337944507598877
0.1057351604104042,0.32744482159614563,1.4135690927505493
0.04137396812438965,-0.05626857280731201,1.3892890214920044
0.2701391279697418,0.03309616073966026,1.0796929597854614
-0.23917199671268463,0.41828471422195435,1.295353889465332
0.10138101875782013,0.2768435478210449,1.1235110759735107
-1.0091277360916138,-0.015764817595481873,0.7865896821022034
0.09558901935815811,-0.1444837898015976,1.120282530784607
0.10344010591506958,-0.5051354765892029,1.0687859058380127
-0.12060056626796722,-0.21052169799804688,1.3923280239105225
-0.32525065541267395,0.4899600148200989,1.2425470352172852
-0.23436161875724792,0.5258054137229919,1.2698965072631836
0.3033815920352936,-0.022083431482315063,1.155029058456421
-0.4305199384689331,0.3479594886302948,1.444826364517212
-0.4856399595737457,0.7590557336807251,0.7456231117248535
-0.07577851414680481,-0.18213942646980286,1.5554096698760986
-0.40301433205604553,0.7779753804206848,1.0775249004364014
-0.5544423460960388,0.09919087588787079,0.7818094491958618
-0.619620680809021,0.17135661840438843,0.7758996486663818
0.0012476518750190735,-0.0024763792753219604,1.3594310283660889
-0.5510846376419067,0.04685504734516144,1.4496026039123535
-0.871629536151886,-0.012771472334861755,1.1292153596878052
-0.3803359866142273,-0.04005181044340134,1.164967656135559
-0.8818948864936829,0.11180298030376434,1.254395604133606
-0.20585642755031586,-0.18956992030143738,1.1993002891540527
0.015233928337693214,-0.5019089579582214,0.9919653534889221
-0.27276885509490967,-0.15605151653289795,1.258335828781128
-0.5527054071426392,-0.5184918642044067,1.2878557443618774
-0.0755181610584259,0.31099605560302734,0.837364912033081
0.4300592541694641,0.08027138561010361,1.156100869178772
-0.4758248031139374,0.39796996116638184,0.8717489242553711
0.31269967555999756,-0.48142361640930176,1.066076397895813
-0.07638809084892273,0.2823355197906494,0.8737331032752991
0.32681888341903687,0.0029619187116622925,1.2226543426513672
0.2809847295284271,-0.5613957047462463,1.0375487804412842
-0.5685057640075684,0.7409440279006958,0.8303841948509216
0.16134639084339142,0.4678700268268585,0.8665837049484253
0.55292809009552,0.08689625561237335,0.8028925657272339
0.09058450162410736,0.5407758951187134,1.2476481199264526
-0.6289808750152588,0.09698121249675751,1.1689804792404175
-0.09947287291288376,0.17370715737342834,1.4572631120681763
-0.5770838260650635,0.6557291746139526,0.9143087863922119
0.17141509056091309,0.24377895891666412,0.9157651662826538
-0.5983765125274658,0.0012623006477952003,0.8033548593521118
-0.7803468108177185,-0.22786839306354523,1.2642664909362793
-0.5026694536209106,0.16374436020851135,0.91998291015625
0.19771882891654968,-0.628559947013855,1.0138227939605713
0.1423937976360321,0.08603651821613312,1.4674171209335327
-0.17708024382591248,0.36093249917030334,1.2119295597076416
-0.35944095253944397,0.1718161404132843,1.1782888174057007
0.40113702416419983,-0.08690617978572845,1.0585548877716064
-0.5051822662353516,-0.6707785129547119,0.5720682144165039
0.10987699031829834,0.7291052937507629,0.8129228949546814
0.505272626876831,-0.007227048277854919,0.8537437915802002
-0.21323122084140778,0.5367728471755981,0.8986321687698364
-0.09331057220697403,0.07048454880714417,1.4835615158081055
0.051783449947834015,0.5311899185180664,1.0194909572601318
-0.5824943780899048,0.3772066831588745,0.7675591111183167
0.36465296149253845,0.5159193873405457,0.7588880062103271
-0.47283923625946045,-0.5904944539070129,1.2903263568878174
-0.4631713628768921,-0.1746414601802826,1.2433757781982422
-0.2985594868659973,0.1763370782136917,1.535862922668457
0.11713521182537079,0.720167338848114,0.8016758561134338
-0.6700261831283569,-0.4335263669490814,1.2155795097351074
0.01596871018409729,0.5221911668777466,1.1705322265625
-0.7982208728790283,-0.48249876499176025,0.7349510788917542
0.4109690487384796,0.029610417783260345,1.0300798416137695
0.059201329946517944,0.23233434557914734,1.185537338256836
-0.04387139528989792,0.5491079688072205,1.1422628164291382
0.0031759776175022125,0.014210391789674759,1.2220191955566406
-0.5272260904312134,0.5923300981521606,0.8149093389511108
0.1747582107782364,0.2555586099624634,0.9804996252059937
-0.6842389106750488,-0.17034311592578888,1.1677829027175903
-0.6313880085945129,0.013796292245388031,0.7383174300193787
0.4677859842777252,0.07414466887712479,1.10964035987854
-0.8085654377937317,-0.05716491490602493,1.3429884910583496
0.11795290559530258,-0.22811679542064667,1.488848328590393
-0.5309112071990967,-0.03054705262184143,0.9245571494102478
0.013539964333176613,0.7743484377861023,0.8551751971244812
-0.03344184160232544,0.665183424949646,1.1827501058578491
-0.9635790586471558,-0.07506564259529114,1.0562366247177124
-0.1210300475358963,0.06842371821403503,1.104862093925476
-0.6822172999382019,0.047642678022384644,1.2888072729110718
-0.3532004952430725,0.36751577258110046,1.4100569486618042
-0.3338286280632019,0.36121368408203125,0.9317090511322021
-0.7781879901885986,0.15272702276706696,1.3232016563415527
-0.28600531816482544,-0.5144689083099365,1.1207225322723389
-0.19787761569023132,-0.20153026282787323,1.1341906785964966
-0.7484195232391357,-0.21549952030181885,1.3632338047027588
0.5161130428314209,-0.16640305519104004,1.0378252267837524
-0.89338618516922,0.16939079761505127,1.0737264156341553
-0.20029118657112122,0.19171671569347382,1.571701169013977
-0.283863365650177,0.36955732107162476,0.9521240592002869
-0.3533521294593811,0.2761497497558594,1.3879438638687134
-0.351776659488678,-0.3688901960849762,1.2277063131332397
-0.09670042246580124,0.04762232303619385,1.5713796615600586
0.15419591963291168,0.11563301086425781,1.500545620918274
0.13422584533691406,0.047737352550029755,0.8117269277572632
0.05980698764324188,-0.18638581037521362,1.5099198818206787
-0.17984846234321594,-0.059480294585227966,1.271756649017334
0.22541040182113647,-0.2094520777463913,1.0581748485565186
0.14935657382011414,0.4660593867301941,0.9066656827926636
-0.655928909778595,0.1520841270685196,1.4869773387908936
0.22431397438049316,0.1605653166770935,1.362931489944458
-0.5013716220855713,-0.5526259541511536,1.0298138856887817
-0.5261234045028687,-0.43921780586242676,0.9810017347335815
0.3768751919269562,0.3266071081161499,1.1330459117889404
-0.05261511355638504,-0.5673243403434753,1.0111377239227295
0.11624842137098312,0.19649392366409302,1.0371848344802856
-0.5184777975082397,-0.10385346412658691,1.1927295923233032
0.38439542055130005,-0.2713426947593689,1.033381700515747
-0.33218708634376526,0.035407207906246185,1.5663368701934814
-0.2783505320549011,-0.18766292929649353,1.200074553489685
-0.153118297457695,0.3059788942337036,1.0713907480239868
-0.15969812870025635,0.2651064395904541,1.2444865703582764
-0.3787207305431366,0.6751850843429565,0.7018795013427734
-0.599041759967804,0.0950792208313942,1.06377375125885
-0.6490849256515503,0.34305375814437866,1.337768316268921
0.029723748564720154,-0.20330414175987244,1.1226080656051636
0.08955340087413788,0.29487723112106323,1.2646019458770752
0.32889699935913086,-0.40001165866851807,1.1118054389953613
0.3356810212135315,-0.4923272430896759,0.9387229681015015
-0.5473862886428833,0.7432073354721069,0.8154828548431396
0.3007959723472595,0.40700411796569824,0.876622200012207
-0.003836408257484436,-0.2472759485244751,1.4163092374801636
-0.6331879496574402,0.2933690547943115,0.8037090301513672
-0.262404203414917,-0.12282515317201614,1.3460907936096191
-0.12236060947179794,0.5744603872299194,0.8984424471855164
-0.45769214630126953,-0.39246267080307007,0.7873799800872803
-0.5757725238800049,-0.4444305896759033,1.3875335454940796
0.5037396550178528,-0.062386393547058105,1.0072686672210693
-0.3208027780056,-0.35667845606803894,0.8465639352798462
0.05864826589822769,-0.06511484086513519,1.0441336631774902
-0.39736634492874146,0.39395177364349365,0.9582458734512329
-0.2785911560058594,0.5235483050346375,0.7687339782714844
-0.6799348592758179,0.18554076552391052,0.8054696917533875
-0.7003897428512573,-0.22871404886245728,1.256718635559082
-0.553699791431427,0.09171798825263977,0.7326287627220154
-0.6559774875640869,-0.5097042322158813,0.800905704498291
-0.027184583246707916,0.3971158266067505,0.9693073630332947
0.01666233316063881,-0.4151454567909241,0.7716720104217529
-0.05334962159395218,0.14656536281108856,1.3469147682189941
-0.9243022799491882,0.24292831122875214,1.1554467678070068
-0.5334671139717102,-0.44652003049850464,0.9984778761863708
-0.4561009109020233,0.5928592681884766,1.1429176330566406
0.10800706595182419,0.3771173059940338,1.189277172088623
0.11902588605880737,0.34154176712036133,1.3080244064331055
-0.7274370789527893,-0.042469631880521774,1.333985686302185
0.04819745570421219,0.5853039026260376,1.167326807975769
-0.03584755212068558,0.1761089265346527,1.500620722770691
-0.6176118850708008,0.632492184638977,0.6477231979370117
-0.4059876799583435,-0.3382401466369629,0.8537320494651794
-0.1490670144557953,0.44130149483680725,0.828830897808075
0.008336938917636871,0.1313997209072113,1.5478607416152954
-0.05342438817024231,-0.17692846059799194,1.3862241506576538
-0.2596698999404907,0.7063590884208679,0.708054780960083
0.2094031274318695,-0.37365230917930603,0.9856241941452026
0.20453758537769318,0.019024543464183807,1.386953353881836
-0.42257192730903625,0.06573615968227386,1.2928718328475952
-0.4759770631790161,-0.13812197744846344,1.3011622428894043
-0.8382452726364136,0.0010019391775131226,1.1683344841003418
-0.5599586963653564,-0.2959865927696228,0.435389906167984
0.22311080992221832,0.24555502831935883,0.8976226449012756
-0.1236104965209961,-0.24375928938388824,1.2398009300231934
-0.3201233744621277,0.49443519115448,1.1287555694580078
0.16133207082748413,0.328210711479187,1.4330499172210693
-0.5476084351539612,0.4098981022834778,1.1338062286376953
-0.2808443307876587,-0.5689197778701782,1.3533620834350586
0.03844854608178139,0.32545503973960876,0.9499408006668091
-0.5984196662902832,0.0876845121383667,0.7844173312187195
-0.44057318568229675,-0.20080877840518951,1.2251754999160767
-0.09164692461490631,0.0864730104804039,1.2876875400543213
-0.3939373791217804,0.44541823863983154,0.7904006242752075
-0.5647735595703125,-0.6337612867355347,1.1840540170669556
0.21019205451011658,0.3862084150314331,1.0462071895599365
0.0021946579217910767,0.4730232357978821,0.9835962653160095
0.10273332893848419,0.16576902568340302,1.1032177209854126
-0.6091327667236328,0.12602242827415466,1.0297346115112305
-0.6654441952705383,-0.2180134505033493,0.7618712186813354
-0.7966606020927429,0.1507779210805893,0.6049012541770935
0.11644861847162247,-0.13315121829509735,1.3072881698608398
-0.07554758340120316,-0.17757849395275116,1.5556747913360596
-0.40385162830352783,0.5697181224822998,1.1340231895446777
-0.29544538259506226,0.7249012589454651,0.7241663336753845
-0.8117198348045349,-0.36994728446006775,0.9093216061592102
-0.6079612970352173,-0.44243189692497253,1.0067079067230225
-0.13037554919719696,0.09591978788375854,1.2096216678619385
-0.42189615964889526,-0.45345497131347656,0.9795706272125244
0.07955929636955261,0.15339958667755127,1.2603096961975098
-0.3533968925476074,-0.2456427663564682,1.1707067489624023
-0.39600661396980286,-0.09824513643980026,1.388732671737671
-0.5692546367645264,0.10487902164459229,1.2582356929779053
-0.0880579948425293,0.026514634490013123,1.2969615459442139
-0.33821311593055725,0.4188823699951172,0.9725933074951172
-0.22205668687820435,0.23939763009548187,1.4351493120193481
-0.5019475221633911,-0.26513418555259705,1.3881560564041138
-0.2060798555612564,0.01870812103152275,1.3448209762573242
-0.41486141085624695,0.15438330173492432,1.167561411857605
-0.2122490257024765,0.32932373881340027,1.3426752090454102
-0.3203495442867279,0.5594540238380432,0.9923467636108398
-0.21969632804393768,-0.40678903460502625,1.212750792503357
-0.6948310732841492,0.39826086163520813,1.3319339752197266
0.2545071840286255,-0.25280651450157166,0.834794819355011
0.332072913646698,-0.23139122128486633,0.9881395697593689
-0.49565884470939636,-0.27067092061042786,0.7832804918289185
-0.5488609671592712,-0.6840707063674927,0.8801794648170471
0.3773636817932129,0.2370855063199997,1.2083353996276855
-0.6469258069992065,-0.2909509241580963,1.3020497560501099
-0.8299732804298401,-0.03215104341506958,0.7848186492919922
0.1792925000190735,0.21584628522396088,1.2869819402694702
-0.3635523319244385,0.6342477798461914,0.8400883674621582
0.0736614465713501,-0.2521677613258362,1.4423871040344238
0.1236465722322464,-0.2039027214050293,0.954613208770752
-0.12081381678581238,-0.14811789989471436,1.5470787286758423
-0.036821939051151276,0.007461562752723694,1.0905531644821167
-0.7213860750198364,0.058823466300964355,0.487728089094162
0.09704253077507019,0.3539711534976959,0.780924379825592
0.40571829676628113,-0.1918621063232422,1.099590539932251
-0.5273074507713318,0.47959136962890625,1.2964674234390259
0.3089180290699005,-0.17442956566810608,1.1101552248001099
-0.6870547533035278,-0.3076491951942444,1.0449697971343994
-0.10524388402700424,-0.08650092035531998,1.5627042055130005
-0.32075464725494385,-0.330403208732605,0.928690493106842
-0.2405395358800888,0.2138160914182663,1.1277371644973755
0.23120978474617004,0.3921346068382263,1.0995121002197266
-0.4097306430339813,0.12049151957035065,1.5505340099334717
0.4973847568035126,-0.05749845877289772,1.1545509099960327
-0.005394183099269867,0.05410739779472351,1.210781455039978
-0.3285461664199829,0.6806634664535522,0.779482364654541
0.061750560998916626,-0.681267499923706,0.9174182415008545
-0.5386360883712769,-0.2600734829902649,0.816909909248352
0.017123304307460785,-0.3585284650325775,0.8129246830940247
0.1510920226573944,-0.20498083531856537,0.8600865006446838
-0.3618660569190979,-0.12594090402126312,1.2824654579162598
-0.6595743894577026,0.41148293018341064,0.7645556330680847
-0.755153477191925,-0.05602986365556717,1.06313955783844
-0.0505450963973999,-0.3503425717353821,1.1343104839324951
-0.2589845359325409,-0.5297431349754333,1.240447998046875
-0.7555820941925049,0.5022302865982056,0.9119092226028442
-0.3883090019226074,-0.11032221466302872,1.1598119735717773
-0.2702957093715668,-0.12289691716432571,1.4120917320251465
-0.07300169765949249,-0.5752941966056824,1.2659399509429932
-0.37519216537475586,0.7577763795852661,0.7292054891586304
-0.32335951924324036,-0.26201146841049194,1.0485690832138062
-0.14418865740299225,0.7818528413772583,1.0009773969650269
-0.42308980226516724,0.6204447746276855,0.7417002320289612
-0.5710785388946533,0.10316923260688782,1.386731505393982
0.19832070171833038,-0.39482739567756653,1.1718695163726807
-0.18363156914710999,-0.49316248297691345,1.3287245035171509
-0.03340495377779007,-0.03569004684686661,1.2652220726013184
0.05356508865952492,-0.6422113180160522,1.0756765604019165
-0.43417423963546753,0.176690012216568,1.0054631233215332
-0.7574142217636108,-0.05215218663215637,1.1265109777450562
-0.14166833460330963,0.018545351922512054,1.195705533027649
-0.9168465733528137,-0.13204267621040344,1.2409937381744385
-0.2104271948337555,-0.25059258937835693,1.1427453756332397
-0.26774463057518005,-0.22374141216278076,1.2516103982925415
-0.7501981258392334,0.38750526309013367,0.7338979840278625
-0.5314562320709229,0.23983687162399292,1.3274580240249634
-0.6719021797180176,-0.42607036232948303,1.2805218696594238
-0.3450169265270233,0.3238372802734375,1.4484479427337646
-0.43777740001678467,0.15722019970417023,1.5427782535552979
-0.25881433486938477,-0.24625608325004578,1.2825219631195068
-0.660268247127533,0.07303319871425629,1.0084786415100098
-0.10357359051704407,0.7571092247962952,0.795323371887207
-0.7299846410751343,0.08706339448690414,1.2289345264434814
-0.44367289543151855,0.08015894144773483,1.1763782501220703
-0.3264109790325165,0.0075491610914468765,1.5712963342666626
-0.46505284309387207,0.38607144355773926,1.3001426458358765
0.12119348347187042,-0.02661626785993576,1.2983694076538086
0.040179066359996796,0.3460143208503723,1.2149465084075928
-0.6779636740684509,-0.34790173172950745,0.9367380142211914
-0.8940995931625366,0.1085861548781395,1.2859125137329102
0.42397165298461914,0.4012014865875244,0.9822937250137329
-0.8391885757446289,-0.16537493467330933,1.254887580871582
-0.08508309721946716,-0.20384690165519714,0.8155393600463867
-0.28066083788871765,-0.3223738670349121,0.9021095633506775
-0.3630477488040924,0.2660002112388611,0.7869484424591064
-0.30195412039756775,0.2126568853855133,1.5683221817016602
0.004015922546386719,0.7677825689315796,0.8250452280044556
-0.011417899280786514,-0.09125655889511108,1.2260512113571167
-0.7083734273910522,-0.05731235072016716,1.1343801021575928
-0.6400880813598633,0.02969696931540966,1.3130359649658203
-0.06708208471536636,-0.19205789268016815,1.4233527183532715
0.1524796187877655,0.01644468493759632,1.3742042779922485
-0.03080594539642334,0.43836915493011475,0.768683910369873
-0.6699339151382446,-0.4992505609989166,1.240959882736206
-0.2783755362033844,0.41864484548568726,1.4859271049499512
-0.5230007171630859,-0.3299584984779358,1.042881727218628
-0.10233020037412643,0.3840250074863434,1.274807095527649
-0.5774567723274231,-0.2251138985157013,1.4510753154754639
-0.572762668132782,0.09933120012283325,0.6615907549858093
-0.1512628197669983,0.36164677143096924,1.1798319816589355
-0.09550100564956665,-0.3245200216770172,1.4766539335250854
-0.13608384132385254,-0.29032981395721436,0.8001827001571655
-0.16012141108512878,0.18844807147979736,1.314477562904358
0.13431018590927124,0.18077515065670013,0.8226879835128784
0.17926140129566193,0.12331755459308624,0.8316819667816162
-0.3446035087108612,-0.3791072964668274,1.0006194114685059
0.08057688921689987,0.6146370768547058,0.718738853931427
-0.6828889846801758,0.15477705001831055,1.1205570697784424
-0.8364078998565674,-0.1282624900341034,1.149433970451355
0.01038176566362381,0.11024802923202515,0.9786136150360107
-0.04651079326868057,-0.17887915670871735,1.4406542778015137
0.09396545588970184,-0.12820924818515778,1.2240853309631348
-0.16920724511146545,0.43698668479919434,1.4898244142532349
-0.35860925912857056,0.40545105934143066,1.3437265157699585
-0.7089125514030457,-0.26345154643058777,0.5769127607345581
0.08954665064811707,0.15744273364543915,1.4895925521850586
-0.6687155961990356,0.4335171580314636,0.4205692410469055
-0.217743918299675,-0.39389970898628235,0.7949602007865906
-0.18086326122283936,-0.24960312247276306,1.232361078262329
-0.36601367592811584,-0.29882168769836426,0.921196699142456
-0.19706568121910095,-0.21123464405536652,1.254453420639038
0.16106492280960083,0.183608278632164,1.2636293172836304
-0.9127333760261536,-0.09916181862354279,1.0649033784866333
-0.08650445938110352,0.7279717922210693,0.8589070439338684
-0.4366675615310669,-0.6108822822570801,1.2900044918060303
0.11680258810520172,0.14652374386787415,1.4526211023330688
-0.07939223945140839,0.5712856650352478,1.0541660785675049
0.2823849618434906,-0.1612834334373474,0.8633166551589966
-0.5608956217765808,-0.16160093247890472,1.5065608024597168
-0.5189567804336548,-0.14466282725334167,1.282405138015747
-0.34058985114097595,0.30158761143684387,1.2258236408233643
-0.06203892081975937,0.38485008478164673,1.5106043815612793
-0.6389846205711365,-0.4832085072994232,1.183063268661499
0.016264325007796288,0.6681619882583618,0.8266669511795044
0.19634419679641724,-0.4896535575389862,1.2715163230895996
0.4476079046726227,0.19208726286888123,1.0071707963943481
-0.05558224767446518,0.11400321125984192,1.4349645376205444
-0.5423647165298462,0.3313596248626709,1.1752842664718628
-0.7453674674034119,-0.1984998881816864,1.0105448961257935
0.1291072517633438,-0.16080456972122192,1.1235876083374023
0.08273124694824219,-0.3484457731246948,1.4009647369384766
-0.558549165725708,-0.23344917595386505,0.943906307220459
-0.05518221855163574,-0.1630108654499054,1.5603985786437988
-0.17426089942455292,0.8067469596862793,0.8646838068962097
-0.11772403120994568,-0.5692154169082642,0.9472212791442871
-0.035580649971961975,-0.09774201363325119,1.5514775514602661
0.008439670316874981,0.1485019028186798,1.032637596130371
-0.6728978157043457,0.09265466034412384,1.1738275289535522
-0.3309629559516907,0.6981412768363953,0.9693715572357178
-0.5289486646652222,-0.47653043270111084,1.1979228258132935
0.03322039544582367,-0.12119507789611816,1.1321709156036377
0.03075740858912468,0.7314120531082153,1.0021202564239502
-0.0014367266558110714,-0.29792481660842896,1.2204710245132446
0.3893844783306122,-0.2715083062648773,1.1831637620925903
0.023066446185112,-0.05167250335216522,1.5412003993988037
-0.7551862597465515,0.40607818961143494,0.5422937273979187
-0.45592597126960754,-0.19041267037391663,1.2818242311477661
0.23714317381381989,0.04331151023507118,0.9158130288124084
-0.1128673106431961,0.14940018951892853,1.0623968839645386
-1.0263173580169678,-0.09550082683563232,0.8434352874755859
-0.12985306978225708,-0.2641213536262512,1.316298484802246
-0.15002474188804626,-0.15847134590148926,1.3704198598861694
0.048972465097904205,0.35517746210098267,1.0860514640808105
-0.049873560667037964,0.5974867343902588,0.852368950843811
-0.714995801448822,-0.13908036053180695,1.3157120943069458
-0.156865194439888,-0.3695884346961975,1.3096646070480347
-0.8288763165473938,-0.008699309080839157,1.115303635597229
-0.24076251685619354,0.1839141696691513,1.5671131610870361
0.05047785863280296,0.20009520649909973,1.231872797012329
-0.25580546259880066,0.2953754663467407,1.094115138053894
0.23692089319229126,0.2949533760547638,0.836710512638092
-0.007934056222438812,-0.3624912202358246,1.0608429908752441
-0.773510217666626,0.11062628030776978,0.955608069896698
-0.5017963647842407,0.14908002316951752,1.268973708152771
0.5088379979133606,-0.08393789082765579,1.0220279693603516
-0.22456084191799164,-0.6625032424926758,0.7758970856666565
0.14087700843811035,0.24540331959724426,1.1461412906646729
-0.0012907758355140686,0.5464621782302856,0.7533732056617737
-0.41800349950790405,-0.3065745532512665,1.0400060415267944
-0.40868762135505676,0.4593953490257263,1.2664868831634521
-0.09711488336324692,-0.7541399002075195,0.7655987739562988
-0.0029641538858413696,0.3110399842262268,0.8108991384506226
0.3574683666229248,0.19330456852912903,1.1101285219192505
-0.22495988011360168,-0.06060020253062248,1.5723308324813843
-0.3906005620956421,0.5128040909767151,0.9216881394386292
0.1430072784423828,-0.13650180399417877,1.2953169345855713
0.07332617044448853,-0.32357269525527954,1.2184455394744873
-0.15208658576011658,-0.4598748981952667,1.0852700471878052
-0.34791913628578186,-0.1883467137813568,1.3321046829223633
-0.16660118103027344,-0.766015887260437,0.9377051591873169
-0.8385657072067261,-0.01436397060751915,1.115324854850769
-0.07349245250225067,-0.1930287778377533,1.2369722127914429
-0.236562579870224,0.41509896516799927,1.1331678628921509
0.12008263170719147,-0.5302981734275818,1.1730352640151978
-0.17461664974689484,-0.3544851243495941,0.8536995649337769
-0.18466471135616302,-0.25524282455444336,1.1678788661956787
-0.47587478160858154,-0.24101124703884125,0.7792211174964905
0.10803398489952087,0.6074719429016113,0.964085578918457
-0.13285388052463531,0.2421579658985138,1.4904054403305054
-0.13439996540546417,0.3990657329559326,1.1870942115783691
0.3499663472175598,0.432578444480896,1.1884512901306152
-0.037670038640499115,-0.5751775503158569,0.9552212953567505
0.19814865291118622,-0.07283767312765121,0.9666175842285156
-0.6818395256996155,0.31378471851348877,0.6496069431304932
-0.5625952482223511,-0.1385626494884491,1.0457426309585571
0.19688883423805237,-0.09884797036647797,1.481549620628357
0.1758945882320404,-0.09741618484258652,1.0090250968933105
-0.08022653311491013,0.10057014971971512,1.426473617553711
-0.2962411046028137,-0.4322894215583801,1.284437656402588
-0.3707229495048523,-0.34128537774086,1.4307332038879395
-0.765465259552002,0.17355754971504211,0.955903172492981
0.1921882927417755,0.03568531572818756,1.3830223083496094
-0.41574689745903015,0.6965698599815369,1.1735377311706543
0.18635274469852448,-0.039411142468452454,0.9114315509796143
0.219713032245636,-0.5432687997817993,1.182820439338684
-0.42199161648750305,0.5130563974380493,0.9120495915412903
-0.874448835849762,0.31624478101730347,1.210390329360962
-0.4219161868095398,0.03636343777179718,1.4082896709442139
-0.09892803430557251,-0.36017346382141113,0.8459335565567017
-0.46646109223365784,0.17636343836784363,0.7831304669380188
-0.43294617533683777,-0.524090051651001,1.3702113628387451
0.31797927618026733,0.5460585951805115,1.085260272026062
-0.514533519744873,-0.11320894956588745,1.3277873992919922
-0.66431725025177,0.7032873034477234,0.9180165529251099
-1.0388858318328857,0.10980552434921265,0.9233102798461914
-0.17929750680923462,0.4023866355419159,0.7925089597702026
0.12764693796634674,-0.49154379963874817,0.913885772228241
-0.3823683559894562,-0.4344457685947418,1.1460553407669067
0.06086961552500725,-0.6727821826934814,0.7183464765548706
-0.537571132183075,-0.4234696626663208,0.8490142822265625
0.1539854109287262,-0.07933080941438675,1.4507496356964111
0.05066916346549988,-0.207538902759552,1.2922089099884033
0.25089678168296814,0.5379223227500916,1.1793324947357178
0.46110084652900696,-0.3352586328983307,0.8235476016998291
-0.609157919883728,0.019182588905096054,0.7814457416534424
-0.4900354743003845,0.6457711458206177,0.7270513772964478
-0.6919435262680054,-0.5923318862915039,0.6478299498558044
-0.6979461908340454,0.35343456268310547,0.9902153015136719
-0.2497103214263916,-0.3871481120586395,0.8999824523925781
-0.5385851263999939,-0.03501972183585167,1.5447511672973633
0.2671990394592285,-0.03935128450393677,0.9804601073265076
0.01102689653635025,-0.526624321937561,1.136993646621704
-0.7352340817451477,0.08650588989257812,1.3587806224822998
-0.007234744727611542,-0.10170243680477142,1.2577056884765625
0.027974538505077362,-0.25890710949897766,1.0906935930252075
-0.6618142127990723,0.524965763092041,0.5193034410476685
-0.5107088088989258,-0.3358258605003357,1.3693276643753052
-0.2441778928041458,-0.7672737836837769,0.7989880442619324
-0.678537905216217,-0.022066328674554825,1.4755860567092896
-0.41558557748794556,-0.05845388025045395,1.2179956436157227
0.08060920983552933,-0.10185659676790237,0.7654776573181152
0.1469021439552307,-0.0512489452958107,0.9870864152908325
-0.6235103011131287,-0.0470053032040596,1.301750898361206
0.4265815019607544,-0.3899365961551666,0.761109471321106
-0.1724422723054886,-0.15108850598335266,1.5701935291290283
-0.15672019124031067,-0.35720890760421753,1.4285149574279785
-0.21372336149215698,-0.08643776178359985,1.1044710874557495
-0.5906984210014343,-0.17941202223300934,1.1824301481246948
-0.8679658770561218,0.026678673923015594,1.1536508798599243
0.09931406378746033,-0.696686863899231,0.9025117754936218
-0.8655650019645691,0.14781177043914795,1.0230098962783813
-0.031641148030757904,0.47615835070610046,0.8992435932159424
0.06267617642879486,0.30238860845565796,1.2463868856430054
0.14558039605617523,-0.3490378260612488,1.039096474647522
0.47115179896354675,0.04671606421470642,1.1872345209121704
-0.9897217154502869,0.28511926531791687,0.7887098789215088
0.17363214492797852,0.05657235532999039,0.7890673279762268
0.20285427570343018,0.15342193841934204,1.2334281206130981
-0.2938276529312134,0.31698888540267944,1.4707211256027222
-0.09175368398427963,0.4486158490180969,0.8401982188224792
0.07332181185483932,0.0892096608877182,1.0041815042495728
-0.06854476034641266,-0.2836216688156128,1.328049659729004
-0.6020511984825134,-0.054262809455394745,1.5020731687545776
0.14127330482006073,0.09399674832820892,1.0443357229232788
0.06570400297641754,0.19413048028945923,1.4367581605911255
-0.8769319653511047,0.12354212999343872,1.2503337860107422
0.28563597798347473,0.2565796971321106,0.9251197576522827
-0.19933238625526428,0.13907566666603088,1.3866431713104248
-0.19049540162086487,-0.10156642645597458,1.5766888856887817
-0.05968037620186806,0.2577066421508789,1.5468292236328125
-0.5372984409332275,0.7153068780899048,0.9396272897720337
0.1156119853258133,-0.5538422465324402,0.9423733949661255
-0.7119052410125732,0.03330877423286438,0.9595378637313843
-0.4218617081642151,-0.5622990131378174,1.1031911373138428
-0.1266525238752365,0.07382643222808838,1.2006815671920776
-0.39782339334487915,0.21248328685760498,0.827322781085968
-0.6414977312088013,0.05223531648516655,1.2828737497329712
0.2668949365615845,0.051333218812942505,1.1128299236297607
-0.5435605049133301,-0.36812037229537964,1.262012243270874
-0.19589829444885254,0.13558851182460785,1.4631199836730957
0.17724835872650146,-0.017100617289543152,1.3209831714630127
-0.09873221814632416,-0.19847767055034637,1.4513978958129883
-0.2965970039367676,0.3185778856277466,0.893895149230957
0.3318106234073639,0.07282428443431854,1.1055858135223389
0.020524464547634125,-0.41440001130104065,1.0049031972885132
-0.03808633238077164,0.3862769305706024,1.3433490991592407
-0.12047500908374786,-0.38381144404411316,1.5022077560424805
-0.24109825491905212,0.2813416123390198,1.1496360301971436
-0.019609738141298294,0.1413327008485794,0.8553436994552612
-0.27574554085731506,-0.5516554117202759,1.2473810911178589
-0.6439856290817261,0.18302354216575623,0.6504380702972412
0.22225497663021088,-0.025532804429531097,1.1783109903335571
0.17630313336849213,0.041116103529930115,1.489593505859375
-0.19269663095474243,0.46283799409866333,1.3193821907043457
-0.2158920168876648,0.3056180477142334,1.504443645477295
-0.24200111627578735,0.0492330938577652,1.448657512664795
0.015325520187616348,-0.22279295325279236,1.5275180339813232
-0.08993808925151825,-0.010786071419715881,1.237859845161438
-0.5557328462600708,0.5408735871315002,0.7471194863319397
-0.306526243686676,0.21432219445705414,1.2358367443084717
-0.6080095767974854,0.5606957077980042,0.6829982995986938
-0.06717284768819809,-0.48549824953079224,1.1786850690841675
0.11072231829166412,-0.2181910276412964,1.417954683303833
-0.3571656346321106,-0.14508050680160522,1.5731643438339233
0.10565875470638275,0.1299026906490326,0.8947451710700989
-0.3216261863708496,0.57138991355896,1.0338261127471924
-0.008714575320482254,0.5734797120094299,0.8579083681106567
-0.19937270879745483,0.45699846744537354,1.2684266567230225
-0.4213998317718506,-0.1689024418592453,1.3892420530319214
-0.4732629060745239,-0.156131312251091,0.9163913130760193
0.09443183243274689,-0.11419156193733215,1.3996391296386719
0.014249593019485474,-0.27638953924179077,1.1458591222763062
-0.5778101682662964,-0.5889374017715454,0.9259434938430786
0.07349352538585663,-0.01325371116399765,1.1051881313323975
0.2067064493894577,0.45556825399398804,1.2898446321487427
-0.38111788034439087,0.5971960425376892,1.244140863418579
-0.4657977819442749,-0.41459083557128906,1.256324291229248
-0.4451526403427124,-0.5362560153007507,1.2906725406646729
-0.0568917840719223,0.2509012818336487,1.4364261627197266
0.2667577862739563,-0.5458942651748657,1.0223387479782104
-0.4544110894203186,-0.3680592477321625,1.2648104429244995
-0.10472194850444794,0.269082248210907,1.5003635883331299
-0.16994181275367737,0.38746705651283264,1.1066969633102417
-0.27272191643714905,-0.265114426612854,1.0337693691253662
-0.027080386877059937,-0.154680997133255,0.9141221046447754
-0.05419531464576721,-0.22065839171409607,1.1803832054138184
-0.1806953251361847,0.35485774278640747,0.7515794634819031
0.0853547751903534,-0.5614677667617798,1.2277729511260986
0.2996472120285034,0.06255888938903809,1.419023871421814
-0.49011433124542236,0.4991704821586609,1.267079472541809
0.21114566922187805,0.4005769193172455,0.889811098575592
-0.022854112088680267,0.39149144291877747,1.0497123003005981
-0.0666130930185318,0.25743547081947327,1.2190312147140503
-0.6378257870674133,0.18455782532691956,0.4392232894897461
-0.6297260522842407,0.664864718914032,1.0209605693817139
-0.10258648544549942,-0.12353306263685226,1.5632987022399902
-0.16069431602954865,0.18771366775035858,1.5647962093353271
0.27603524923324585,0.3329522907733917,0.8084383010864258
-0.6706807613372803,0.007921062409877777,0.3561457097530365
-0.8145474195480347,-0.16381222009658813,1.237035870552063
-0.46365636587142944,0.6330733299255371,1.1207534074783325
0.2834383547306061,-0.31631529331207275,1.0604785680770874
-0.37773236632347107,0.019473068416118622,1.2918717861175537
-0.8863755464553833,0.39449113607406616,0.9682004451751709
-0.06613774597644806,0.21079082787036896,1.0567766427993774
-0.18923552334308624,0.36691367626190186,1.5263289213180542
-0.348985880613327,0.3133329749107361,1.526173710823059
-0.2357594072818756,0.03442296385765076,1.5559221506118774
0.06281207501888275,-0.7226989269256592,0.8943803310394287
-0.5232986211776733,0.34416699409484863,1.1995680332183838
0.03446199744939804,-0.06328695267438889,1.3642278909683228
-0.09767597913742065,0.4944625198841095,1.4214975833892822
0.21022692322731018,0.10914621502161026,1.2196556329727173
-0.3393498361110687,0.4939669668674469,1.3923457860946655
-0.0003444068133831024,0.16699296236038208,1.3868811130523682
-0.5837938189506531,-0.1880890130996704,0.6883093118667603
-0.4236738979816437,0.29862067103385925,1.1598703861236572
-0.4514240324497223,-0.4159948229789734,1.42825186252594
0.12130627781152725,-0.22977598011493683,0.9628903865814209
0.07731088250875473,0.44274410605430603,0.9589872360229492
-0.64830082654953,0.12945909798145294,1.4635725021362305
0.14425843954086304,0.01357102021574974,1.4241564273834229
-0.02029881626367569,0.36424484848976135,0.772098958492279
0.2629813551902771,-0.5767719745635986,0.9858556985855103
-0.06414297223091125,-0.6728737950325012,0.7888275384902954
-0.7728928923606873,-0.4314969480037689,1.2238513231277466
-0.10666131973266602,0.4137006402015686,1.498977541923523
0.2106662392616272,0.1119348406791687,1.2796521186828613
-0.7225643396377563,0.3964623510837555,0.5256483554840088
-0.6084827184677124,0.24156424403190613,0.6957716941833496
-0.39113080501556396,0.07328871637582779,1.4434109926223755
-0.250423401594162,0.555745005607605,1.284690260887146
0.4064176678657532,-0.353229284286499,1.0855616331100464
-0.2688785493373871,-0.4528948664665222,1.3996312618255615
-0.49139726161956787,0.0431450754404068,1.2935633659362793
-0.1428079605102539,-0.562870442867279,1.2058833837509155
-0.4298923909664154,-0.263418048620224,0.8108317852020264
0.10392255336046219,0.11458432674407959,1.238633632659912
0.3989565372467041,0.20773153007030487,1.164583444595337
-0.20570865273475647,0.2491932213306427,1.5109015703201294
-0.38847362995147705,-0.5469618439674377,0.8348506689071655
-0.5433016419410706,0.20207011699676514,0.854526162147522
-0.5159592628479004,-0.13054801523685455,0.8127174377441406
-0.2953651547431946,-0.7639720439910889,0.7733706831932068
-0.1647501289844513,-0.09508062899112701,1.568126916885376
-0.32584092020988464,-0.1628410518169403,1.4738054275512695
0.27940142154693604,-0.2847003638744354,0.9007555842399597
-0.08803185820579529,0.48029351234436035,1.187204122543335
-0.5128708481788635,0.16363082826137543,1.4373130798339844
-0.3451439142227173,0.4472335875034332,1.4695634841918945
0.04164562374353409,0.13919180631637573,0.7887392044067383
0.041160449385643005,0.030179902911186218,1.113519549369812
0.11637192219495773,-0.17300266027450562,1.1124718189239502
-0.740689754486084,0.0696294754743576,0.7321869134902954
0.45296332240104675,-0.2133634239435196,0.8686069250106812
-0.6742110252380371,-0.2090381383895874,1.160086989402771
-0.605065107345581,0.04024003446102142,0.6044135093688965
0.05459289252758026,-0.026376962661743164,0.8280173540115356
0.002062752842903137,0.3292359411716461,1.2765674591064453
-0.6686708927154541,0.4694821238517761,0.7095636129379272
-0.5766360759735107,0.3336823582649231,0.3826679587364197
-0.6363083124160767,-0.02675633132457733,0.7557552456855774
-0.022026177495718002,-0.49577274918556213,1.2325117588043213
-0.6590604782104492,0.2915402352809906,0.494917631149292
-0.910998523235321,-0.17739622294902802,1.0701920986175537
-0.1922617256641388,0.19394823908805847,1.5683428049087524
0.3827868103981018,-0.40055692195892334,1.0536284446716309
-0.05851051211357117,0.28869393467903137,0.9083642363548279
0.12472106516361237,0.14610950648784637,1.2794299125671387
-0.07234032452106476,0.12058821320533752,1.5744065046310425
-1.0104281902313232,-0.08724231272935867,0.9543496370315552
0.2671887278556824,0.014112860895693302,1.0585025548934937
0.41378259658813477,0.0657503753900528,1.2228114604949951
-0.17257916927337646,-0.46075063943862915,1.0315643548965454
-0.41516944766044617,-0.032254453748464584,1.5745723247528076
0.006569519639015198,0.018983572721481323,1.2364280223846436
-0.23266227543354034,0.4275694191455841,0.7768248319625854
0.1715274155139923,0.011638898402452469,1.3731266260147095
-0.3436013460159302,0.77802574634552,0.9077150821685791
-0.05713628977537155,0.509961724281311,0.9645658135414124
-0.4221242666244507,0.6433795690536499,0.9407188296318054
-0.09447130560874939,0.6619452238082886,0.9279374480247498
-0.6971700191497803,0.4749358296394348,0.5741970539093018
0.16890814900398254,0.3592761158943176,1.226135015487671
-0.5334391593933105,0.18033090233802795,0.8630363345146179
-0.40557533502578735,-0.14547260105609894,1.282827615737915
-0.6846100091934204,-0.19012483954429626,0.698293924331665
0.18744489550590515,-0.41369038820266724,1.1281018257141113
-0.19773729145526886,-0.050714924931526184,1.5694653987884521
0.012786485254764557,0.5130516290664673,1.1994669437408447
-0.1005961000919342,-0.5261095762252808,0.8086271286010742
0.0330776646733284,-0.08924853801727295,1.4486029148101807
-0.031031129881739616,-0.04184294492006302,1.0656249523162842
0.08690457791090012,-0.18521206080913544,1.5061484575271606
-0.5759176015853882,-0.4071515202522278,1.1235102415084839
-0.1025727316737175,0.5277799367904663,1.4104738235473633
-0.2268778383731842,-0.15963585674762726,1.360748052597046
0.09446834027767181,0.23337727785110474,0.8410689830780029
-0.0375584252178669,-0.07096531987190247,1.51158607006073
-0.6643204689025879,0.6122211217880249,0.9027376770973206
0.18369008600711823,0.28512805700302124,1.1682108640670776
0.020730532705783844,-0.2907254099845886,0.9996728897094727
0.25026935338974,0.13590869307518005,0.7950159311294556
-0.011448346078395844,-0.09206697344779968,0.9971219301223755
-0.30122682452201843,0.1539798378944397,1.104607343673706
0.3446294367313385,-0.15111954510211945,1.2424333095550537
0.18849539756774902,0.3107028007507324,0.8601996898651123
-0.7798758745193481,-0.024874664843082428,0.9999616742134094
-0.6021323800086975,0.35406559705734253,1.2308632135391235
0.051237404346466064,-0.3795096278190613,1.1289191246032715
-0.09106035530567169,-0.5238915085792542,1.3311429023742676
0.13429470360279083,0.43454232811927795,0.9694744944572449
-0.43591028451919556,0.29084286093711853,1.1427279710769653
0.29941481351852417,0.1532856673002243,1.4075231552124023
-0.1827591508626938,0.5969647765159607,0.9625848531723022
-0.22834748029708862,0.7786325216293335,0.7501667141914368
-0.6015839576721191,0.24900077283382416,0.3705092668533325
-0.6647744178771973,-0.19003480672836304,0.947995126247406
-0.5855235457420349,0.04228556156158447,0.8937489986419678
-0.4085901379585266,-0.13150659203529358,1.5269440412521362
0.14159291982650757,0.005380007438361645,1.2270264625549316
-0.6027704477310181,-0.4376724064350128,0.9488228559494019
0.2771400511264801,0.13613809645175934,1.1306867599487305
-0.33790478110313416,0.1693989485502243,1.2186698913574219
0.01210942491889,-0.43132439255714417,0.9944159984588623
0.09300485253334045,0.3132140636444092,0.9506915807723999
0.11238980293273926,0.6465393304824829,1.0097235441207886
0.014907952398061752,0.23329046368598938,1.4412133693695068
0.009023299440741539,0.5045804381370544,1.0113739967346191
-0.21393755078315735,-0.7270388007164001,0.6666301488876343
-0.7780235409736633,0.16790896654129028,1.1326277256011963
-0.408777117729187,-0.08585885167121887,1.1529000997543335
-0.012297924607992172,0.3061564564704895,1.3263858556747437
-0.09310251474380493,0.42604631185531616,1.057664394378662
0.016525965183973312,0.4577556252479553,0.8879430294036865
0.13651905953884125,-0.2053830921649933,1.150834083557129
-0.7038808465003967,0.04731224477291107,0.48787885904312134
-0.35557883977890015,0.6829339265823364,1.130685806274414
-0.5896148085594177,-0.14414691925048828,1.4751993417739868
-0.4784232974052429,0.6845987439155579,0.7877171635627747
-0.8643304109573364,0.19748425483703613,1.2797719240188599
0.16578009724617004,-0.28202617168426514,0.9293814897537231
-0.8941500186920166,0.015204504132270813,0.8992730379104614
-0.7424312233924866,0.3471972346305847,0.45236560702323914
0.2700248956680298,-0.26414892077445984,1.1316978931427002
-0.6392139196395874,0.014169733040034771,0.654131293296814
0.14311583340168,-0.024619143456220627,1.207613468170166
0.235024094581604,-0.018161410465836525,1.3035162687301636
0.2067822515964508,0.042816244065761566,0.9812396764755249
-0.11454379558563232,0.5405977964401245,0.7682592868804932
-0.05423601344227791,0.5556302070617676,0.9762005805969238
-0.849539041519165,0.0027757324278354645,1.1513612270355225
0.41756194829940796,0.44999170303344727,0.8214651346206665
0.24677950143814087,-0.6042482852935791,0.8334323167800903
-0.08290784060955048,-0.24724818766117096,1.1044597625732422
-0.44168731570243835,0.2849296033382416,1.0181063413619995
-0.027316369116306305,0.4303581714630127,0.9231212139129639
-0.48159247636795044,0.20658034086227417,1.4981404542922974
-0.002179190516471863,0.21477040648460388,1.5432928800582886
-0.08700205385684967,0.23141716420650482,1.4524966478347778
-0.2645972967147827,-0.2130519300699234,0.7838112115859985
-0.12964165210723877,0.4608023464679718,1.3726658821105957
0.14840081334114075,-0.09839427471160889,1.3615723848342896
0.5032899379730225,-0.12562178075313568,0.8118194341659546
0.19192422926425934,0.1850714385509491,0.8823561668395996
-0.5180827379226685,-0.14557354152202606,1.3374606370925903
-0.799737811088562,0.4621265232563019,1.1039769649505615
-0.6482085585594177,0.3521985411643982,0.9777904748916626
0.0026727430522441864,0.06259498000144958,1.15079665184021
-0.38649293780326843,-0.5309704542160034,1.0045403242111206
-0.12255264818668365,0.18320731818675995,1.5171747207641602
-0.004609133116900921,-0.22313523292541504,0.8202159404754639
0.332643985748291,-0.32291847467422485,1.150228500366211
-0.1512051671743393,-0.2300127148628235,0.8409717679023743
-0.4140866994857788,-0.1704317033290863,1.1383516788482666
0.4008306562900543,0.4752925932407379,0.8544802665710449
-0.6817508935928345,0.36623674631118774,1.0801517963409424
0.29104694724082947,0.1807047426700592,1.3925137519836426
-0.019827835261821747,-0.08807608485221863,1.3352757692337036
0.0975363552570343,0.06478602439165115,0.8501849174499512
-0.8852602243423462,-0.08604872226715088,0.7590306997299194
-0.25299081206321716,-0.25609534978866577,1.2025213241577148
0.006548210978507996,0.3981970548629761,1.2173645496368408
-0.5767902731895447,0.63591468334198,0.8441607356071472
-0.5296630859375,0.6615505814552307,1.1566232442855835
-0.574364185333252,-0.09589597582817078,1.5266679525375366
0.05396725982427597,-0.662375807762146,0.6435830593109131
-0.3499440550804138,0.29638761281967163,1.4262840747833252
-0.2998678684234619,0.3136705756187439,1.2343541383743286
-0.04336807131767273,0.12675191462039948,1.2875198125839233
-0.4809664189815521,-0.0658174604177475,0.7843829393386841
-0.3665340542793274,-0.44762110710144043,1.3119710683822632
0.217453733086586,0.2401352822780609,1.3038333654403687
0.002638883888721466,-0.700473427772522,1.1078011989593506
-0.6222555637359619,0.0414910651743412,0.6834366917610168
0.24023285508155823,0.2884790301322937,0.7742255926132202
-0.9434370994567871,-0.10447657853364944,1.0544242858886719
-0.12379267811775208,0.22028793394565582,1.5562732219696045
-0.052109211683273315,0.5651944279670715,0.9522127509117126
-0.07599945366382599,-0.7021885514259338,1.0641095638275146
-0.8878303170204163,-0.42925047874450684,0.7453380823135376
-0.21300530433654785,-0.17312905192375183,1.446622371673584
0.040145888924598694,0.06894825398921967,1.329472303390503
0.15904226899147034,0.3875217139720917,0.8834176063537598
-0.4795565605163574,0.35617202520370483,0.7546378970146179
-0.9850514531135559,0.3110710680484772,0.8157371878623962
-0.12461769580841064,-0.08712301403284073,1.5669687986373901
0.15285927057266235,-0.18387249112129211,0.8003945350646973
0.004758778959512711,-0.4292120337486267,1.3909435272216797
0.27910667657852173,-0.4020891785621643,0.8677378296852112
-0.02037491649389267,0.4768263101577759,0.9637777209281921
0.05341358482837677,-0.15675172209739685,1.4883780479431152
-0.767174243927002,-0.053136155009269714,1.0112241506576538
-0.8806778192520142,0.04796162247657776,1.1031880378723145
0.20434042811393738,0.1171039342880249,1.1527502536773682
0.07215829193592072,0.24493402242660522,1.502217173576355
0.15856361389160156,-0.268451452255249,1.2691624164581299
-0.9529693722724915,0.04875349998474121,1.1681828498840332
-0.016292616724967957,-0.3299439549446106,0.7999903559684753
-0.34494584798812866,-0.39732497930526733,1.4351623058319092
-0.11899670958518982,-0.15636231005191803,1.4632623195648193
0.3377007246017456,0.2125999480485916,0.7795955538749695
-0.23808124661445618,-0.5682770013809204,1.3035733699798584
-0.025258854031562805,-0.4970976710319519,1.336053729057312
-0.23746313154697418,0.5264341831207275,1.0420854091644287
-0.056757282465696335,0.2518985867500305,1.2523353099822998
-0.6296355128288269,-0.0949515700340271,0.6271066069602966
-0.28943806886672974,-0.22134649753570557,1.2103095054626465
-0.5004702210426331,0.7234125733375549,0.8519712686538696
0.005509167909622192,-0.5917786359786987,1.1344776153564453
0.19557079672813416,0.6491239070892334,0.7363478541374207
-0.11070112884044647,0.21767990291118622,1.3903517723083496
-0.4954351782798767,0.3273707330226898,0.7550007104873657
0.09510798752307892,0.08019095659255981,1.469673991203308
-0.08346530050039291,0.48429587483406067,1.038581371307373
0.02330935001373291,0.4376198649406433,0.980542004108429
-0.20392784476280212,0.3578236699104309,1.3960946798324585
0.481222927570343,-0.19267670810222626,1.0905773639678955
0.0635213702917099,-0.1939374804496765,1.4189029932022095
0.15092620253562927,0.07585357129573822,1.291469931602478
-0.9203945398330688,-0.36254143714904785,1.0251137018203735
0.08788347244262695,-0.15597742795944214,0.9010684490203857
0.08564835786819458,-0.4488910436630249,1.2441116571426392
-0.07748769968748093,0.3568013310432434,1.493841290473938
-0.11344589293003082,0.2754126191139221,1.4338808059692383
-0.14958824217319489,0.2755928933620453,1.2294857501983643
0.014224864542484283,-0.09664992988109589,1.319547414779663
0.12636375427246094,0.06620573997497559,0.8601019978523254
0.45297080278396606,-0.043878357857465744,1.1529104709625244
-0.20930607616901398,-0.5539683103561401,0.9435780048370361
0.09946052730083466,-0.3276405930519104,1.4582526683807373
-0.0074443519115448,0.45989418029785156,1.005542516708374
-0.1152067556977272,0.47070345282554626,1.2894864082336426
-0.40754541754722595,0.6989747285842896,0.8585188388824463
-0.5033688545227051,-0.014550764113664627,1.127573847770691
-0.21308442950248718,-0.3886954188346863,1.498268961906433
0.10780546069145203,-0.7002875804901123,0.8510482907295227
-0.8721184730529785,0.2105693519115448,1.1633602380752563
0.21588876843452454,-0.408139705657959,1.1469430923461914
-0.644443690776825,-0.6700240969657898,0.7667140364646912
-0.33087030053138733,-0.18052999675273895,1.5634478330612183
-0.6207133531570435,0.028934020549058914,1.50691556930542
0.05840503051877022,-0.35704636573791504,1.2075345516204834
-0.2450104057788849,0.3477500379085541,0.7729559540748596
-0.11935547739267349,-0.3241264820098877,1.297605037689209
-0.15171091258525848,-0.2727258503437042,0.9344380497932434
-0.141881063580513,0.24574460089206696,1.5344382524490356
-0.4358862042427063,0.6922987699508667,0.8039703369140625
0.026267291978001595,0.09300346672534943,1.3997173309326172
-0.5279913544654846,0.4414249360561371,1.4387527704238892
0.061947211623191833,0.33224615454673767,1.02504301071167
-0.3102753162384033,0.34914425015449524,1.1127312183380127
0.43593814969062805,0.052631281316280365,1.027738332748413
0.1037406176328659,0.471952348947525,1.250978708267212
-0.41719335317611694,-0.4416399896144867,1.2696218490600586
-0.5266533493995667,0.5337768197059631,1.2973053455352783
-0.08915995061397552,-0.31347888708114624,0.917212963104248
-0.6744600534439087,-0.22678720951080322,1.3202383518218994
0.23970794677734375,-0.10702241212129593,1.1708323955535889
0.024788405746221542,-0.11700338870286942,0.8497664928436279
0.25134679675102234,0.45586782693862915,1.2519383430480957
-0.6716272234916687,-0.49186140298843384,1.1997487545013428
-0.48655393719673157,-0.3300395905971527,1.4902805089950562
0.07489895820617676,0.08628088235855103,1.5117158889770508
-0.02896695025265217,-0.046104367822408676,1.5543055534362793
-0.16673342883586884,-0.09352737665176392,1.4226078987121582
0.08439400792121887,-0.7099536657333374,0.8827241063117981
-0.3292334973812103,-0.5644270181655884,1.2985098361968994
0.16356109082698822,0.12748582661151886,1.4563696384429932
0.010342292487621307,-0.364459753036499,1.1047706604003906
-0.0929601788520813,0.10886120796203613,1.5095703601837158
-0.1558113396167755,0.3603762984275818,1.0561422109603882
-0.10391051322221756,-0.5789089798927307,1.1730272769927979
-0.3448981046676636,-0.5243120789527893,1.3151448965072632
0.28059202432632446,0.28350600600242615,0.9994768500328064
-0.981341540813446,0.30427032709121704,0.8673108816146851
-0.0014673322439193726,0.06912314891815186,0.7588393688201904
-0.7712657451629639,-0.030041376128792763,0.8061500787734985
0.089328832924366,-0.06005322188138962,0.8317108154296875
0.10492504388093948,-0.1979396641254425,1.321152925491333
0.07394728064537048,-0.2190827876329422,0.7605528831481934
-0.3114131689071655,-0.6808098554611206,0.8821413516998291
0.5455096960067749,-0.07788386940956116,0.865214467048645
0.059774912893772125,-0.2693144381046295,1.2608661651611328
-0.5363084673881531,-0.012606166303157806,1.221138596534729
-0.3470059335231781,0.10788536071777344,1.2531640529632568
0.09498204290866852,0.7333946824073792,0.7390225529670715
-0.7210150957107544,-0.08944328129291534,1.4097272157669067
0.1722424328327179,0.044302452355623245,0.8822845220565796
0.1681250035762787,-0.2973368465900421,1.3140792846679688
-0.5979126691818237,0.536227822303772,1.1940757036209106
0.10864045470952988,-0.5341063141822815,1.0419106483459473
0.08198725432157516,0.4105839133262634,1.3664807081222534
-0.320315420627594,0.5401884317398071,0.9067593812942505
-0.23776200413703918,0.13635602593421936,1.571685552597046
-0.44131922721862793,-0.16425728797912598,1.283009648323059
0.07018474489450455,0.48687028884887695,1.229743480682373
-0.034020114690065384,0.15891128778457642,1.3011012077331543
-0.05048151686787605,0.3887721598148346,0.9788671731948853
-0.31415417790412903,-0.6464216709136963,1.2671725749969482
-0.6891604661941528,-0.028334038332104683,1.3813855648040771
-0.014591164886951447,-0.7349074482917786,0.8215470314025879
-0.4427337050437927,0.1924891322851181,1.3112963438034058
-0.19930484890937805,-0.36381790041923523,1.385685682296753
0.27334505319595337,-0.03092605620622635,1.4237712621688843
-0.6317897439002991,0.558437705039978,1.2935895919799805
-0.1954289674758911,-0.5215350985527039,0.7638788223266602
0.016188854351639748,-0.3833119571208954,1.4194073677062988
0.1090470477938652,-0.15022066235542297,1.2170990705490112
-0.46133729815483093,0.31225401163101196,1.0810009241104126
-0.5772660970687866,-0.5974910259246826,1.0567785501480103
-0.024208560585975647,0.21139314770698547,1.477137565612793
0.07676167786121368,-0.5435867309570312,0.9869749546051025
-0.8344556093215942,0.11542578041553497,1.041543960571289
-0.06169453263282776,-0.37863942980766296,1.072904109954834
0.07831510156393051,0.5903980731964111,0.9355540871620178
0.008138172328472137,-0.5923007130622864,1.2095277309417725
-0.11131646484136581,0.799790620803833,0.7570844292640686
-0.22315621376037598,-0.24509155750274658,1.5491828918457031
-0.9283113479614258,-0.1735207736492157,1.2205480337142944
-0.2781638503074646,-0.7278684973716736,1.117948055267334
-0.2899559736251831,0.4398685097694397,1.3807904720306396
0.05782020092010498,0.542479932308197,1.3472459316253662
-0.49245837330818176,-0.06573840975761414,1.5573179721832275
-9.19736921787262e-05,-0.40670570731163025,1.2569575309753418
-0.39133569598197937,-0.5852457880973816,0.9866152405738831
-0.4976567029953003,-0.15189331769943237,1.1392326354980469
-0.5864392518997192,0.014839470386505127,1.4401638507843018
0.25587379932403564,0.5912320613861084,1.0693788528442383
0.1101137325167656,0.5034860372543335,0.8511834144592285
-0.1408223658800125,0.45341920852661133,1.1970798969268799
0.2800467610359192,0.4952980875968933,1.046299934387207
-0.3413008451461792,-0.4591086804866791,0.7804538011550903
-0.05383063107728958,0.11549738049507141,1.4524785280227661
-0.2667933702468872,-0.1361556351184845,1.5527794361114502
-0.09185533225536346,0.23259374499320984,1.5392296314239502
0.3265005648136139,0.3399325907230377,0.9881070852279663
-0.2127460539340973,0.2025703489780426,1.171558141708374
-0.35473668575286865,-0.22239038348197937,1.3316681385040283
-0.23189370334148407,-0.72627854347229,1.069390892982483
0.02393442392349243,0.2840679883956909,0.7823184728622437
0.3587338924407959,-0.24871818721294403,1.0936886072158813
-0.6432176232337952,-0.18150411546230316,0.961111307144165
-0.19930723309516907,-0.7095182538032532,0.7086735963821411
0.1288738250732422,-0.19511248171329498,1.411181092262268
-0.38756653666496277,0.5023337602615356,1.3852896690368652
-0.43757614493370056,-0.07852043211460114,1.4665220975875854
-0.40813151001930237,-0.18498264253139496,1.121518611907959
0.06535173952579498,0.3389371335506439,1.1898938417434692
-0.6129937171936035,-0.2672809362411499,1.1498465538024902
-0.3896341621875763,0.352338969707489,1.4166632890701294
-0.3985942602157593,0.5931763648986816,1.2194206714630127
0.22166191041469574,0.32043972611427307,1.3157007694244385
0.12054288387298584,0.6632646322250366,1.0713168382644653
-0.2899513840675354,-0.3400704860687256,1.0083343982696533
-0.3023398518562317,-0.37348949909210205,0.9831799864768982
-0.6641355752944946,0.32188838720321655,0.389376163482666
0.24926692247390747,0.24058707058429718,1.2091865539550781
0.21999406814575195,0.4018018841743469,1.1673266887664795
-0.011135602369904518,0.6140913963317871,1.3148541450500488
0.018040791153907776,-0.43182075023651123,0.9693020582199097
-0.2770068645477295,-0.31184664368629456,0.9248100519180298
-0.11090347170829773,0.32829129695892334,1.0557105541229248
-0.4468413293361664,-0.20797650516033173,1.1205047369003296
-0.3224138021469116,0.1446344405412674,1.2589290142059326
-0.718546986579895,0.3025956153869629,0.6351231932640076
-0.1948002278804779,0.3851310908794403,1.4676064252853394
0.390252947807312,0.0361115038394928,0.8615927696228027
-0.47289180755615234,0.684628963470459,0.740139365196228
-0.5734456181526184,0.12994706630706787,1.5362073183059692
-0.4806240499019623,-0.17616340517997742,1.358648419380188
0.24200305342674255,0.29255685210227966,0.9245522618293762
0.5359946489334106,-0.151798814535141,0.859131932258606
0.3047516942024231,-0.25563448667526245,1.124509334564209
-0.4047338366508484,0.5327440500259399,1.36918044090271
-0.06244437396526337,-0.3673541247844696,1.4224419593811035
-0.23832058906555176,-0.19645869731903076,1.252017617225647
-0.32397475838661194,0.21193745732307434,1.331613302230835
-0.8611878752708435,0.4413822889328003,0.6947873830795288
-0.5925977230072021,-0.10221423208713531,0.9317485094070435
0.5315479040145874,-0.14439904689788818,0.9866269826889038
-0.9467514753341675,0.28480756282806396,1.122442364692688
-0.14794044196605682,0.4033015966415405,1.3815621137619019
-0.33045902848243713,0.27425456047058105,1.351199746131897
0.18733610212802887,-0.1984941065311432,1.021557331085205
-0.15527576208114624,-0.3103446960449219,1.4986398220062256
-0.25461336970329285,-0.2702242136001587,0.7974151372909546
-0.09237144887447357,-0.30757179856300354,1.2352323532104492
-0.022326573729515076,-0.34041422605514526,1.3069238662719727
0.11681362241506577,0.46647000312805176,1.3757234811782837
0.04146784543991089,-0.40719178318977356,1.021431565284729
-0.16560514271259308,0.4716115891933441,0.9750766754150391
-0.16557259857654572,-0.11120674759149551,1.5818074941635132
-0.24779218435287476,-0.7403087019920349,1.0621278285980225
-0.04827244579792023,-0.484514057636261,1.169114589691162
0.1593942940235138,0.3971770405769348,1.4047297239303589
-0.6976450085639954,-0.3467393219470978,0.8452906608581543
-0.7391175031661987,0.3864139914512634,1.2749760150909424
-0.11723256856203079,-0.386448472738266,0.7660136818885803
-0.6880432367324829,0.44058990478515625,1.2387360334396362
0.3055792450904846,-0.06989654898643494,1.1352076530456543
-0.6209630966186523,0.47820448875427246,1.2895361185073853
-0.0399513840675354,0.22341638803482056,1.3752371072769165
-0.6968065500259399,-0.1278708577156067,1.343944787979126
0.1197301372885704,-0.22686032950878143,1.3095399141311646
-0.1225636750459671,0.5639996528625488,0.9238408803939819
0.11217924952507019,-0.21540410816669464,1.3201391696929932
-0.5158217549324036,-0.2897493243217468,1.190617322921753
-0.03945707529783249,0.07830598950386047,1.2707635164260864
-0.1762218475341797,-0.5420175194740295,1.2355704307556152
0.08454498648643494,0.27250203490257263,1.2521754503250122
-0.28709572553634644,-0.2445528507232666,1.0124787092208862
-0.5185248851776123,-0.25914427638053894,0.834126353263855
-0.2556747794151306,-0.176649272441864,1.1210412979125977
0.21321040391921997,-0.35882771015167236,0.9958410263061523
-0.3301026523113251,0.47991642355918884,1.0412555932998657
-0.6880210041999817,-0.23410038650035858,0.7788024544715881
-0.15038999915122986,-0.46752363443374634,1.3834692239761353
-0.6366689205169678,-0.2685769498348236,0.7817630767822266
0.4409719407558441,-0.23785129189491272,1.0738564729690552
0.020457692444324493,0.07488974183797836,1.5482820272445679
-0.4613417685031891,-0.3831450939178467,1.0308946371078491
0.1846562623977661,0.6402744650840759,0.871740460395813
-0.7609367966651917,0.13644950091838837,0.8275448083877563
-0.17859381437301636,0.05778442323207855,1.2583720684051514
0.04914490133523941,-0.4678328037261963,1.1501232385635376
-0.46487268805503845,-0.37724870443344116,1.105291485786438
0.04585602134466171,0.19327762722969055,0.9526352286338806
-0.5188889503479004,0.5726462602615356,0.735710859298706
-0.15395838022232056,0.08800485730171204,1.1412826776504517
-0.48626065254211426,-0.23681402206420898,1.0787113904953003
0.16525977849960327,0.2687210440635681,1.3007183074951172
0.1968042403459549,0.2612760663032532,1.2129759788513184
-0.01573820412158966,0.4743376076221466,1.0075488090515137
-0.9664681553840637,-0.13778313994407654,1.036878228187561
0.2185056209564209,0.6543852090835571,0.9564491510391235
-0.0816945806145668,-0.627906084060669,1.0137839317321777
-0.8287875652313232,-0.09776061773300171,0.8169474601745605
-0.33175596594810486,-0.04926895350217819,1.415001630783081
-0.07657700031995773,0.40872684121131897,1.0398086309432983
0.015573551878333092,0.09849489480257034,1.4511662721633911
-0.15006323158740997,0.3980773091316223,0.8233011960983276
0.0840618684887886,-0.602873682975769,0.8436734080314636
-0.17357754707336426,-0.4369209110736847,1.1561516523361206
-0.08564022183418274,0.5347108840942383,1.2697443962097168
-0.22831761837005615,-0.4458490014076233,1.0787817239761353
-0.634784460067749,0.17201563715934753,0.7137879133224487
-0.5572339296340942,-0.32104068994522095,1.1526846885681152
-0.27501505613327026,-0.15570230782032013,1.1369718313217163
-0.08226361870765686,-0.3207486569881439,1.2583509683609009
0.07953166216611862,-0.10468713939189911,0.9780964851379395
0.14328530430793762,0.050263453274965286,1.302309274673462
0.09005657583475113,-0.30904221534729004,1.469516396522522
-0.19692844152450562,0.1863422393798828,1.5761709213256836
-0.051075346767902374,-0.13366936147212982,1.2521562576293945
-0.051831409335136414,-0.1499052345752716,1.5579099655151367
-0.17763790488243103,0.5637128949165344,0.8232834339141846
0.1947796493768692,-0.605958104133606,1.1109955310821533
-0.6739394068717957,0.10836169123649597,1.481857419013977
-0.3601972162723541,0.32456815242767334,1.1750221252441406
-0.06937004625797272,-0.09463951736688614,1.3034420013427734
0.19812414050102234,0.453826367855072,1.3508541584014893
-0.5463973879814148,0.7531745433807373,0.8414250612258911
0.13187293708324432,-0.3261493444442749,1.101804494857788
0.030170440673828125,-0.32426267862319946,0.9871329665184021
-0.6660628318786621,0.2786051332950592,1.079952359199524
-0.4036756753921509,0.5232874751091003,1.1707628965377808
0.3301548957824707,-0.007077556103467941,0.8163844347000122
0.35095107555389404,0.13330674171447754,1.316733717918396
-0.15619173645973206,0.3120870888233185,1.0252851247787476
-0.23649008572101593,0.19892559945583344,1.4628384113311768
0.048013508319854736,0.4680830240249634,0.94507896900177
0.08045057952404022,-0.07240588963031769,0.8656393885612488
-0.08615217357873917,0.08356112241744995,1.2627555131912231
-0.47790583968162537,0.4855940043926239,1.289760947227478
0.19379957020282745,-0.04536794126033783,1.3904204368591309
0.10018017888069153,0.11681820452213287,0.953514575958252
-0.313466876745224,-0.018329128623008728,1.3227535486221313
0.2597302198410034,-0.5341081619262695,1.0559899806976318
-0.033561646938323975,0.22815251350402832,1.2489198446273804
0.23283234238624573,-0.08803261816501617,1.3254988193511963
-0.32006940245628357,0.5259810090065002,1.3457062244415283
-0.4771650433540344,0.4168831408023834,0.8919751644134521
-0.8068618178367615,-0.3673695921897888,1.2408521175384521
0.17970061302185059,0.1772010624408722,1.3782237768173218
0.21541258692741394,-0.09401293098926544,1.2493479251861572
-0.3806317150592804,0.3262436091899872,1.1361464262008667
0.3920537531375885,0.4157443046569824,1.1118801832199097
-0.49280619621276855,-0.40748852491378784,1.2954978942871094
0.06306847184896469,0.40802741050720215,1.4170007705688477
-0.23500622808933258,-0.12343007326126099,1.56689453125
-0.34559381008148193,-0.7066177129745483,0.8360500931739807
0.141094371676445,0.7172495126724243,0.9557324647903442
-0.230377197265625,0.6890983581542969,1.0783857107162476
0.2966955900192261,-0.2671981453895569,1.034063696861267
-0.7941406965255737,-0.07479874789714813,1.3805196285247803
-0.6140336394309998,0.5285728573799133,0.5157023668289185
-0.8522499799728394,-0.22540733218193054,1.2913117408752441
-0.48425742983818054,0.07819649577140808,1.1691582202911377
-0.5178388357162476,-0.2510238289833069,0.9080088138580322
-0.4676712453365326,-0.3551344871520996,1.2214347124099731
-0.6881446242332458,0.35509243607521057,1.1889309883117676
0.06165368854999542,-0.0902966856956482,0.9120470285415649
-0.0042692385613918304,-0.28321486711502075,0.9651728868484497
-0.29748043417930603,0.24991989135742188,1.1284844875335693
0.09381137043237686,-0.39705517888069153,1.3394465446472168
0.2024897336959839,-0.05341734737157822,1.1711292266845703
0.05995114892721176,-0.2656812369823456,1.3817116022109985
-0.6387348771095276,0.0340307280421257,1.5070260763168335
0.3270387649536133,-0.2777700126171112,1.1358901262283325
-0.6467729210853577,0.4752365052700043,0.46953830122947693
0.34640198945999146,-0.5126464366912842,0.9828944802284241
-0.4492588937282562,-0.1925821304321289,1.3893245458602905
-0.8328991532325745,-0.1548091471195221,0.8853007555007935
-0.1697690188884735,0.3127637803554535,1.0838314294815063
-0.07116150110960007,0.1597098857164383,1.4019179344177246
-0.20790591835975647,0.20667676627635956,0.8165569305419922
-0.18166682124137878,-0.29806071519851685,1.3407052755355835
0.39095091819763184,0.34839215874671936,1.034874439239502
-0.7125751376152039,-0.052940964698791504,0.9032322764396667
-0.2596210539340973,-0.696215033531189,0.9480826258659363
0.22074364125728607,-0.21640196442604065,0.9446935653686523
-0.6979502439498901,-0.43944329023361206,0.9483859539031982
-0.010433591902256012,-0.28494584560394287,0.8214725255966187
0.25678059458732605,-0.38685110211372375,0.8148510456085205
-0.5458356142044067,-0.13365903496742249,0.9900846481323242
-0.16340750455856323,0.33421647548675537,0.8693701028823853
0.38243329524993896,-0.4382529854774475,0.8782647848129272
-0.090605728328228,-0.31862956285476685,0.8690363168716431
-0.6902766823768616,-0.21032698452472687,0.9028828740119934
-0.5594722032546997,-0.7049064636230469,0.852803647518158
0.010638928040862083,-0.5117344260215759,1.359595537185669
-0.7901033163070679,0.4242710769176483,0.5576766729354858
-0.5260785222053528,-0.010437006130814552,0.7680621147155762
0.06327423453330994,0.7358689308166504,0.7466206550598145
-0.00036568939685821533,0.43209949135780334,1.4534881114959717
-0.6413899064064026,-0.1152258887887001,1.5007187128067017
-0.3880857229232788,0.34699952602386475,1.4713983535766602
-0.6831495761871338,-0.26057398319244385,1.182721495628357
-0.4180271029472351,-0.6614317297935486,0.9433714151382446
0.0855666995048523,0.22954320907592773,1.104337453842163
-0.0690108984708786,0.4390290677547455,0.9033968448638916
-0.5782113075256348,0.6486915946006775,1.0843355655670166
-0.6309432983398438,0.20367293059825897,0.8100996017456055
-0.5994901657104492,0.4568878412246704,1.0251309871673584
0.008558908477425575,-0.24183499813079834,1.258817434310913
-0.3382915258407593,0.16908660531044006,1.0459487438201904
-0.24901032447814941,0.4221552014350891,1.474132776260376
-0.5662794709205627,0.0848807543516159,0.6480379104614258
0.01477562915533781,-0.31522053480148315,1.4500617980957031
-0.1749182641506195,-0.4755883812904358,1.1115806102752686
0.045005589723587036,0.7314859628677368,1.0412180423736572
-0.7045878171920776,0.5544395446777344,1.1162986755371094
0.10837122797966003,0.22079485654830933,1.4835519790649414
0.037744294852018356,-0.5683286190032959,1.0909754037857056
0.07151445001363754,0.13341441750526428,1.490763783454895
-0.7418994903564453,-0.41582781076431274,0.6833878755569458
-0.3035984933376312,-0.6468546986579895,1.0130270719528198
0.2852579653263092,-0.04727649688720703,1.35323965549469
-0.5919272899627686,-0.21769216656684875,1.2049624919891357
-0.21698544919490814,0.6717823147773743,1.0420531034469604
-0.0036242827773094177,0.2955402135848999,1.00554358959198
0.302619993686676,0.3104807734489441,1.0999152660369873
-0.1978832483291626,0.03959964960813522,1.5736957788467407
-0.36130958795547485,-0.23358871042728424,0.9805836081504822
-0.4995215833187103,0.5043800473213196,1.40450918674469
-0.4392586350440979,0.10727618634700775,1.4781951904296875
-0.22012481093406677,-0.3063828945159912,0.9313524961471558
0.06825453042984009,0.2724784016609192,1.4712592363357544
-0.040183134377002716,0.36093536019325256,1.1571604013442993
-0.25533193349838257,-0.5173394680023193,1.1273322105407715
-0.2518250346183777,0.30286237597465515,1.2753630876541138
-0.09152846038341522,-0.21572378277778625,1.3642650842666626
-0.37167030572891235,0.3759675621986389,1.27171790599823
-0.41460615396499634,0.32046306133270264,1.3399109840393066
-0.014093447476625443,0.34638625383377075,1.304153323173523
0.5235772728919983,0.22199222445487976,0.7656285762786865
-0.48050037026405334,0.35914212465286255,1.2813926935195923
-0.4277706742286682,0.7007662653923035,0.6014022827148438
-0.7017431259155273,0.07518912851810455,0.6589953899383545
0.16143392026424408,0.2037559300661087,1.0466914176940918
-0.07940522581338882,0.7274188995361328,0.6094640493392944
0.09197758138179779,0.3559476137161255,1.403546690940857
-0.9184219241142273,0.04648377746343613,0.5848389863967896
-0.35714733600616455,0.2844049036502838,1.0213046073913574
-0.49948620796203613,-0.5649102926254272,1.2130919694900513
-0.9204694032669067,-0.04004105180501938,0.5468010306358337
0.04927661269903183,-0.40917712450027466,1.2301651239395142
-0.5374987125396729,0.2791454792022705,1.397922158241272
0.1573062688112259,0.306733638048172,1.2920358180999756
-0.3750069737434387,-0.22705379128456116,1.1210026741027832
-0.17697137594223022,0.5567693114280701,1.2191522121429443
-0.6372808218002319,0.3864663243293762,0.5912384986877441
-0.34137922525405884,-0.19640396535396576,1.2385004758834839
-0.6707230806350708,0.3799552917480469,0.41111403703689575
-0.06277376413345337,-0.482871949672699,1.3939778804779053
-0.5295547246932983,-0.22340498864650726,1.2201027870178223
-0.3748353123664856,-0.3713924288749695,1.0330071449279785
-0.7156115770339966,-0.40398943424224854,0.6677024960517883
0.2148004174232483,0.6725257635116577,0.8089699745178223
-0.17864030599594116,-0.6482987999916077,1.255490779876709
0.29688987135887146,0.05939500778913498,1.3142873048782349
-0.6312589049339294,-0.30020591616630554,1.1600980758666992
-0.32862091064453125,0.19967280328273773,1.487311601638794
0.13691046833992004,0.2291518747806549,1.2326313257217407
0.16354310512542725,-0.06336049735546112,1.3297648429870605
-0.1269489824771881,-0.564199686050415,1.1278749704360962
-0.349605917930603,0.7446639537811279,0.9728316068649292
-0.07547810673713684,0.5499778985977173,1.065412998199463
-0.5670990943908691,-0.2141813337802887,1.001575231552124
0.059056490659713745,-0.03007960319519043,0.9871689081192017
0.07344324141740799,-0.6235789656639099,0.8055325746536255
-0.5863167643547058,0.16410261392593384,1.133122205734253
0.5101199746131897,0.2444809377193451,0.797357439994812
-0.3731367886066437,-0.3387022614479065,1.5213751792907715
-0.5592855215072632,0.49796658754348755,0.57159423828125
0.02190656214952469,0.07912378758192062,1.2491484880447388
-0.42292240262031555,0.09828709065914154,1.5106117725372314
-0.5104682445526123,-0.42647552490234375,1.0551854372024536
-0.3231762945652008,0.1350317746400833,1.2387527227401733
0.31463491916656494,-0.404328316450119,0.9478434324264526
-0.10802048444747925,-0.014214555732905865,1.1331288814544678
0.21087752282619476,-0.28423985838890076,0.9774174690246582
-0.49700024724006653,0.3879863917827606,0.9630904197692871
0.015830229967832565,0.3192408084869385,0.8789284229278564
-0.6731036901473999,-0.23291537165641785,0.7878777980804443
-0.6145309209823608,0.28193795680999756,0.7422003746032715
-0.558209240436554,0.5754455924034119,0.6234139204025269
0.16233637928962708,-0.5849480628967285,0.9219247102737427
-0.22917000949382782,0.3777090311050415,0.9869122505187988
0.193111389875412,0.2863124907016754,1.2615638971328735
0.2832568883895874,0.4638206362724304,0.8127025365829468
-0.39777639508247375,-0.6133041381835938,1.1966972351074219
0.1572991907596588,0.10004304349422455,1.4071381092071533
-0.1833258867263794,-0.17371924221515656,1.1725494861602783
0.3300495147705078,0.23449702560901642,0.9996782541275024
-0.20588324964046478,-0.13493981957435608,1.226034164428711
-0.5558677911758423,0.5039703845977783,1.0927871465682983
-0.2150936722755432,-0.3678305447101593,0.9985477924346924
0.08170544356107712,-0.3191165626049042,1.2750694751739502
-0.6639840602874756,0.23737744987010956,0.4040866792201996
-0.8550173044204712,-0.1076991856098175,0.7917377948760986
-0.03379759192466736,0.5285428166389465,1.3493417501449585
-0.4195865988731384,-0.014105591922998428,1.503917932510376
-0.07896685600280762,-0.3911224901676178,0.8842110633850098
0.006265126168727875,0.19850176572799683,1.462697982788086
-0.05816662311553955,0.6993024945259094,1.0678222179412842
-0.7674881219863892,0.5386229157447815,0.7025583982467651
-0.8452015519142151,0.06369500607252121,1.1621471643447876
0.45024704933166504,0.01680309697985649,1.1085431575775146
0.2948453426361084,-0.28475844860076904,0.7729875445365906
-0.8462274670600891,-0.1536218822002411,1.2135984897613525
0.3656720817089081,0.18324798345565796,0.8868436813354492
0.3496394753456116,-0.05189630389213562,0.8952619433403015
-0.1930115818977356,0.30688926577568054,1.0655659437179565
-0.3027234673500061,-0.30836355686187744,1.0044445991516113
0.3493751585483551,-0.15980732440948486,1.1186414957046509
-0.5196292996406555,-0.1377486288547516,0.8372960686683655
-0.13802470266819,0.518768846988678,0.8031449317932129
-0.38465815782546997,-0.31895339488983154,1.1836308240890503
0.3407350778579712,0.04814036563038826,1.2580240964889526
-0.17287352681159973,-0.2323215752840042,1.3962081670761108
-0.44451940059661865,0.21579770743846893,1.3752326965332031
0.05949536710977554,0.10557122528553009,1.4784072637557983
-0.4579384922981262,0.13770094513893127,1.1261885166168213
-0.4382656514644623,-0.22100123763084412,0.8093119263648987
-0.3611278533935547,-0.2908638119697571,1.1406916379928589
-0.07350790500640869,0.370288610458374,1.4023301601409912
-0.1912957727909088,0.5010502338409424,1.4244288206100464
0.007348701357841492,0.41545370221138,1.0313489437103271
-0.21267271041870117,-0.17769697308540344,1.0853757858276367
0.09390085935592651,0.33744966983795166,1.1124321222305298
-0.1073298454284668,0.012795638293027878,1.5755729675292969
0.07907465100288391,-0.6001768112182617,1.215376853942871
-0.41747117042541504,-0.1481257528066635,1.2150559425354004
-0.4916476905345917,-0.4964851140975952,1.0551108121871948
0.035197898745536804,0.27256762981414795,1.1988482475280762
-0.07186294347047806,-0.17161613702774048,1.4597244262695312
-0.7093929052352905,0.19161412119865417,1.3199375867843628
-0.244818314909935,0.5450481176376343,1.422813057899475
-0.174649178981781,0.5156320333480835,1.3582689762115479
-0.21794968843460083,-0.3257315456867218,1.301316499710083
-0.015060128644108772,-0.12997612357139587,1.3866990804672241
0.0714564323425293,-0.14776666462421417,0.9501755237579346
-0.05819496512413025,0.22907346487045288,0.9432542324066162
-0.03540924936532974,-0.06685058772563934,0.7827757596969604
-0.06502225250005722,0.14811256527900696,1.0956791639328003
0.17477193474769592,0.2879723012447357,1.1961960792541504
-0.664442241191864,-0.14291976392269135,1.2880231142044067
-0.5339730381965637,-0.02467399835586548,0.7949469089508057
-0.23668530583381653,0.00014118105173110962,1.488039255142212
-0.1841103732585907,-0.24240244925022125,0.773301362991333
-0.2878991961479187,-0.278701514005661,1.2692279815673828
-0.540649950504303,-0.08767206966876984,1.3629504442214966
-0.1093563437461853,0.07242894917726517,1.397904634475708
-0.28723159432411194,0.11643446981906891,1.2218610048294067
-0.35931915044784546,0.480371356010437,1.0145971775054932
0.009101219475269318,0.6563120484352112,0.7113295793533325
-0.26445379853248596,0.18969464302062988,1.3582041263580322
-0.0759621262550354,-0.5114489197731018,0.9135441780090332
-0.5691244006156921,-0.3684012293815613,1.1638368368148804
-0.5570454597473145,-0.2615491449832916,1.4427037239074707
-0.3877717852592468,-0.3639788031578064,0.8859663009643555
-0.6244149804115295,-0.07578879594802856,1.4007774591445923
-0.37691226601600647,-0.15032953023910522,1.219376564025879
-0.24779605865478516,0.33879387378692627,0.948215126991272
-0.7694834470748901,-0.5820327401161194,0.8035346269607544
-0.07628531008958817,0.023217976093292236,1.5717756748199463
-0.0858476459980011,0.48413991928100586,1.3284854888916016
-0.7533948421478271,-0.14027613401412964,1.379614233970642
0.12910115718841553,0.29635193943977356,0.8083598017692566
-0.527256965637207,-0.5088926553726196,1.2878375053405762
-0.258041650056839,-0.3336414694786072,1.4728580713272095
0.35915976762771606,0.029332369565963745,1.1099774837493896
-0.4287444055080414,-0.18650609254837036,1.5211330652236938
-0.03963601216673851,-0.14393557608127594,1.036661982536316
0.3307763338088989,0.43022432923316956,1.0833157300949097
0.34900736808776855,0.09937133640050888,1.0374456644058228
0.03270914405584335,0.22557121515274048,1.015109896659851
0.03307969495654106,0.32533660531044006,0.8298100233078003
0.02103869616985321,0.27358317375183105,1.2834817171096802
0.379944384098053,0.08955028653144836,1.1574562788009644
-0.3872476816177368,-0.44697484374046326,1.1642138957977295
-0.03185758739709854,-0.25915202498435974,1.211020827293396
-0.2803344428539276,-0.11391236633062363,1.2015347480773926
-0.37992486357688904,-0.1922098994255066,1.5523948669433594
-0.6125261783599854,-0.4286690354347229,0.8074197769165039
-0.3464367985725403,0.36259910464286804,0.8550277352333069
-0.2567618489265442,0.3368254005908966,1.5353020429611206
-0.7434856295585632,0.22858251631259918,0.800658106803894
-0.3553312420845032,0.009480684995651245,1.5091395378112793
0.13479174673557281,-0.14749349653720856,1.1867926120758057
0.49093401432037354,0.1973196566104889,0.7678606510162354
0.023291289806365967,-0.0994584858417511,1.2462702989578247
-0.7172068357467651,-0.3227364420890808,1.157230257987976
-0.5753300189971924,0.001223939936608076,1.3030610084533691
-0.49416226148605347,0.04816821962594986,1.1093883514404297
-0.8059030771255493,0.24190928041934967,1.1878734827041626
-0.8444157242774963,-0.25365614891052246,1.003241777420044
-0.18199647963047028,0.6204625964164734,1.1529431343078613
-0.3001399040222168,-0.0585983544588089,1.3581205606460571
-0.1149376779794693,-0.05260542035102844,1.1938422918319702
-0.44103461503982544,0.4179781973361969,1.2073410749435425
-0.6918019652366638,-0.31136608123779297,1.3119289875030518
-0.6419578790664673,0.09119139611721039,0.9481979608535767
0.13782238960266113,-0.05417869985103607,0.9361133575439453
-0.004263617098331451,-0.6324660778045654,1.2216655015945435
-0.7642977237701416,0.08131831884384155,0.5273551940917969
0.37336546182632446,0.19380006194114685,1.2698664665222168
-0.016032889485359192,-0.3376014828681946,0.797869861125946
-0.04691112041473389,-0.33613121509552,0.9887850284576416
0.062417931854724884,-0.33923453092575073,1.3055329322814941
-0.18146808445453644,0.18282127380371094,0.8216502070426941
-0.36812275648117065,-0.024924684315919876,1.3378769159317017
0.10861539840698242,-0.21541449427604675,1.446305751800537
0.06506593525409698,0.1996634602546692,1.1372439861297607
-0.6875050067901611,0.4550583064556122,0.6864261031150818
-0.4079951345920563,0.5335695743560791,1.1016045808792114
-0.5750362873077393,0.41078126430511475,0.882832407951355
-0.23545494675636292,-0.2669651210308075,1.3490523099899292
-0.5466564893722534,0.07361680269241333,0.8507977724075317
0.14646229147911072,-0.17750144004821777,0.9993985891342163
0.13954833149909973,0.49357637763023376,1.044980764389038
-0.2243998944759369,-0.32463422417640686,0.8047942519187927
-0.17184588313102722,-0.13758443295955658,1.2394598722457886
0.20843276381492615,0.27462732791900635,1.4376472234725952
-0.8834772109985352,0.09352855384349823,1.1783239841461182
0.05025993287563324,-0.10340860486030579,1.4508066177368164
-0.7086293697357178,-0.40247687697410583,0.7915699481964111
0.15506550669670105,-0.36732664704322815,1.121926188468933
0.11183491349220276,-0.6931423544883728,0.9684398174285889
-0.6002191305160522,0.07653386890888214,0.8534213304519653
-0.24873536825180054,0.33046939969062805,0.7685632705688477
0.10660025477409363,0.13451340794563293,1.420655608177185
-0.4620051681995392,0.6939046382904053,0.977139413356781
0.09617328643798828,-0.39609411358833313,1.207056999206543
-0.19060495495796204,0.27776163816452026,1.2728694677352905
-0.43323007225990295,0.6633468866348267,0.6412021517753601
-0.4097743332386017,-0.20840813219547272,1.2695443630218506
0.1566004604101181,0.13826321065425873,1.4253779649734497
-0.5577357411384583,-0.36676785349845886,1.4247509241104126
0.05171605944633484,0.3139195442199707,0.826109766960144
-0.2978571057319641,-0.6287060976028442,1.1206700801849365
0.2820831537246704,-0.17234018445014954,1.1263846158981323
-0.11781122535467148,0.2469918429851532,1.3586957454681396
0.04602232947945595,-0.13952456414699554,1.1576528549194336
-0.639191746711731,-0.14565104246139526,1.292647361755371
0.022793225944042206,-0.06038770079612732,1.531172752380371
-0.2911079227924347,-0.21235638856887817,0.8171623349189758
0.06454546004533768,-0.41338902711868286,1.4109442234039307
0.016120046377182007,-0.4717358946800232,0.9061322212219238
0.3759450912475586,-0.26249799132347107,1.1363334655761719
0.2005477100610733,0.28486791253089905,1.102819800376892
-0.9243491888046265,0.10343815386295319,1.1607789993286133
-0.7918849587440491,0.17094074189662933,1.1419843435287476
-0.41339969635009766,0.6362226009368896,1.2754111289978027
-0.18542930483818054,0.2496442198753357,1.5583481788635254
-0.509458065032959,-0.3614899218082428,0.9276375770568848
-0.8020057678222656,0.16902926564216614,1.3859225511550903
0.3849618434906006,-0.3853319585323334,0.8657227158546448
-0.8395957946777344,-0.1746477335691452,1.231773018836975
-0.26258575916290283,0.31727975606918335,0.782725989818573
0.025264926254749298,0.30323007702827454,1.4610440731048584
-0.04023594409227371,0.3030339777469635,1.1421518325805664
0.03752599284052849,0.20527110993862152,1.2517337799072266
0.13006585836410522,-0.05292537808418274,0.7531065940856934
0.023145455867052078,-0.08970043063163757,1.0815784931182861
-0.904610812664032,-0.07685758173465729,1.0032689571380615
-0.6753398180007935,0.40721267461776733,0.6310951709747314
-0.1043628677725792,0.11969079077243805,1.2581974267959595
0.05954229086637497,0.24826230108737946,0.7557168006896973
0.1323615461587906,0.4327485263347626,1.267302393913269
-0.10330657660961151,0.36038029193878174,1.1098217964172363
-0.33271390199661255,-0.12141455709934235,1.2229504585266113
-0.2779245972633362,-0.33154258131980896,1.480138897895813
-0.48369264602661133,0.30021199584007263,1.4463112354278564
-0.24658387899398804,-0.21475081145763397,1.2510863542556763
0.007664605975151062,-0.36553704738616943,1.3870275020599365
-0.20121753215789795,0.363838791847229,1.5236225128173828
-0.20048759877681732,0.38218453526496887,1.1159948110580444
0.16145357489585876,-0.040989357978105545,1.260341763496399
-0.2517452836036682,-0.34495165944099426,1.50896155834198
-0.5746383666992188,0.0464821457862854,1.3191797733306885
-0.1577373594045639,0.3169804513454437,1.3545078039169312
-0.4402502179145813,-0.16898182034492493,1.3699378967285156
-0.240386500954628,0.17322078347206116,1.1949646472930908
-0.2254541963338852,-0.32898110151290894,1.3698229789733887
0.12443891167640686,0.31767892837524414,1.2803324460983276
0.410846471786499,-0.24096448719501495,1.2167456150054932
-0.16273701190948486,-0.3672502934932709,1.1925541162490845
-0.6783978343009949,0.2890304923057556,1.3219468593597412
-0.2561188042163849,-0.24659878015518188,1.1557700634002686
-0.7905441522598267,0.07443859428167343,1.205012559890747
-0.574072539806366,0.23439346253871918,0.6495968699455261
-0.43842679262161255,0.03234370797872543,1.309180498123169
0.19013875722885132,-0.18686722218990326,0.7604042291641235
-0.07316058874130249,-0.6058645248413086,0.9470962882041931
-0.506935179233551,-0.3516049385070801,1.401342749595642
-0.03573112189769745,0.2650940418243408,1.5441595315933228
0.02732144296169281,0.5922224521636963,1.2614102363586426
-0.18989470601081848,-0.43744146823883057,1.402936577796936
-0.4261155426502228,-0.4784345030784607,0.9935359358787537
-0.4096735119819641,-0.29914921522140503,1.1595208644866943
0.19963502883911133,-0.0460071787238121,0.941758930683136
-0.4493304491043091,0.5210117101669312,1.079114556312561
-0.3942326605319977,0.34268686175346375,1.2785879373550415
0.20339864492416382,0.041003115475177765,0.8918704986572266
-0.5678761005401611,0.47334590554237366,1.3096375465393066
-0.12858857214450836,-0.17993998527526855,1.210254430770874
-0.5655254125595093,0.39784809947013855,0.8439072370529175
-0.1760852336883545,0.2468804568052292,1.1420806646347046
0.1371273547410965,-0.5714443922042847,1.1474504470825195
-0.3834388256072998,-0.45178109407424927,1.2750802040100098
0.3189765214920044,0.5212018489837646,0.8834804892539978
-0.030263766646385193,0.23651623725891113,1.3738070726394653
-0.37385812401771545,0.46545982360839844,1.192825198173523
-0.5396851301193237,-0.08905060589313507,1.2464832067489624
0.01603112369775772,0.5247026085853577,1.3178472518920898
-0.057711292058229446,0.4672785699367523,1.323433518409729
-0.32453620433807373,-0.5403603911399841,0.8621706962585449
-0.4126844108104706,0.06610740721225739,1.1678752899169922
0.10453912615776062,0.5657863616943359,1.1594136953353882
-0.524960994720459,0.5859873294830322,1.3217476606369019
-0.7964432239532471,0.1633034646511078,1.3756804466247559
-0.4651918113231659,0.7116876244544983,0.8263859748840332
-0.625264048576355,-0.4054245948791504,1.3837647438049316
-0.009193643927574158,0.42872682213783264,0.8761571645736694
0.29277002811431885,0.09900500625371933,1.3980653285980225
-0.28822940587997437,0.2842237949371338,1.5596340894699097
-0.40034985542297363,0.4924764633178711,1.3302842378616333
0.11532828211784363,-0.3680190443992615,1.2312211990356445
-0.20921553671360016,0.16390371322631836,1.175115704536438
0.08712077885866165,0.4604419767856598,0.8993779420852661
0.0026298705488443375,-0.42568129301071167,1.422071933746338
-0.22985832393169403,-0.26388487219810486,1.1820813417434692
-0.5652474164962769,-0.05713256075978279,1.253867506980896
-0.49645325541496277,-0.5592031478881836,1.3137848377227783
-0.36658066511154175,0.7420424818992615,1.1496095657348633
0.25935620069503784,-0.04808507859706879,1.4182813167572021
-0.05788601562380791,-0.01686929166316986,1.460495948791504
-0.7572882771492004,0.40288662910461426,0.5899174213409424
0.46465060114860535,0.11745493113994598,1.1801596879959106
-0.02268771082162857,0.4765222668647766,1.3411473035812378
0.1627926528453827,0.40159928798675537,1.0314055681228638
-0.5937719345092773,-0.665300726890564,0.9497542381286621
-0.08533632010221481,-0.3650415241718292,1.1299476623535156
0.3098274767398834,0.04195086658000946,0.8607147932052612
-0.7138029336929321,-0.1343551129102707,0.8965879678726196
-0.5109543800354004,-0.2588832676410675,1.1025983095169067
0.20784758031368256,0.01998056098818779,0.9468036890029907
0.03247150406241417,-0.028043262660503387,1.4914228916168213
-0.4185696244239807,-0.06246707960963249,1.2129936218261719
-0.29539206624031067,-0.3773541748523712,1.1858757734298706
-0.009425822645425797,-0.16551607847213745,1.2711838483810425
0.16155529022216797,0.09360789507627487,1.4637731313705444
-0.08655397593975067,0.5879315733909607,1.1294952630996704
-0.17243659496307373,-0.266862154006958,1.2268917560577393
-0.1561909317970276,0.506591260433197,1.1459944248199463
0.22829104959964752,0.3808371126651764,1.0217074155807495
0.152358740568161,0.08845477551221848,1.3194985389709473
-0.0874982625246048,0.5872836112976074,1.2226072549819946
-0.9423390030860901,-0.3046817183494568,0.7916234731674194
-0.13922123610973358,0.21011054515838623,0.8054102659225464
-0.05332029610872269,0.23566749691963196,1.5428272485733032
-0.4012945890426636,0.7453762292861938,1.1110457181930542
0.09515601396560669,0.7241217494010925,0.8770521879196167
0.043778348714113235,0.20929163694381714,1.4364145994186401
-0.06226874142885208,0.22553296387195587,1.2229747772216797
0.37348079681396484,-0.0038854428566992283,1.2382407188415527
0.06578639149665833,0.19913068413734436,1.428287148475647
0.11442173272371292,-0.4046582281589508,1.2081934213638306
-0.012547124177217484,0.3558916747570038,1.464272379875183
0.07280662655830383,0.32890188694000244,0.8522544503211975
-0.21771740913391113,-0.14849813282489777,1.2181037664413452
-0.04853789135813713,-0.3275968134403229,1.061858892440796
0.08918093144893646,-0.2732744514942169,1.2482153177261353
-0.33509933948516846,-0.27005770802497864,1.3249783515930176
0.36943936347961426,0.2926630675792694,1.1220349073410034
0.12265108525753021,0.10878157615661621,1.1991385221481323
-0.418049693107605,0.41681286692619324,1.066632866859436
-0.21957886219024658,0.377533882856369,0.939786434173584
-0.17143845558166504,-0.10250061750411987,1.3913516998291016
0.10717348754405975,-0.37359458208084106,1.0674861669540405
-0.1663215160369873,-0.14910051226615906,1.3158631324768066
-0.3330848813056946,0.1780746430158615,1.3879038095474243
0.4026552140712738,-0.17359672486782074,1.2205123901367188
0.002322319895029068,0.1849684715270996,1.2270880937576294
-0.4714157283306122,0.16406522691249847,1.22468101978302
-0.794094979763031,0.3716123700141907,1.2984784841537476
-0.31697651743888855,-0.45966634154319763,1.3692103624343872
-0.3640359044075012,0.7774642705917358,0.7292270660400391
0.305849552154541,0.3809543550014496,1.1121437549591064
0.41077539324760437,-0.3729068338871002,1.0472755432128906
-0.5154737830162048,0.17828606069087982,0.8639414310455322
0.2689100503921509,0.12185435742139816,1.147229552268982
-0.19138400256633759,-0.07942499965429306,1.569568157196045
-0.5673151612281799,0.4251865744590759,0.7198832035064697
-0.563023567199707,-0.03316674381494522,1.121776819229126
-0.6957335472106934,0.29513198137283325,0.9876338839530945
0.12448474764823914,0.3671390414237976,1.1466666460037231
-0.40613970160484314,-0.751008927822113,0.9464600086212158
0.2517825663089752,-0.12270700931549072,0.8418771624565125
0.18078529834747314,0.4227735996246338,0.8278898000717163
0.16037517786026,0.43764764070510864,1.1507675647735596
-0.8294525742530823,-0.2941526174545288,0.8491414785385132
0.31878936290740967,0.07841144502162933,1.0128449201583862
-0.4596664309501648,0.5924422740936279,1.0364947319030762
-0.19259265065193176,-0.2107829451560974,1.366288423538208
-0.11781835556030273,0.23995667695999146,1.4544302225112915
0.4744752049446106,-0.15419383347034454,0.9492038488388062
0.10660775750875473,0.26410073041915894,1.1093909740447998
-0.6637434363365173,-0.40254920721054077,0.8149477243423462
-0.7514966726303101,0.2960301339626312,0.4822331964969635
0.28516778349876404,0.4416581690311432,1.0325798988342285
0.061876170337200165,-0.5434432029724121,1.0296107530593872
0.15100276470184326,-0.3032897114753723,1.0332908630371094
-0.2379792332649231,0.31559810042381287,1.3774445056915283
-0.3044320046901703,-0.307596892118454,1.2606253623962402
-0.6038860082626343,0.5299347043037415,0.8251866698265076
0.3659385144710541,-0.38936519622802734,1.062100887298584
-0.2978758215904236,0.2697111666202545,1.3500561714172363
0.09039866924285889,-0.2765175998210907,1.2675940990447998
-0.17100177705287933,0.7410772442817688,0.8437982797622681
-0.014671117067337036,0.19414664804935455,1.3522708415985107
-0.22764581441879272,-0.322843074798584,1.3419324159622192
-0.3230125606060028,0.3200349509716034,0.8039497137069702
0.4128836393356323,-0.019747473299503326,1.1821945905685425
0.012604944407939911,-0.5948554873466492,0.753382682800293
-0.9811404943466187,0.3156975507736206,0.8208321332931519
0.1121617779135704,-0.10591520369052887,1.5153965950012207
-0.11163002252578735,-0.4376690089702606,0.8953099250793457
-0.5784491896629333,-0.37311679124832153,0.6618371605873108
0.45003610849380493,-0.13113462924957275,1.0746781826019287
0.18895919620990753,-0.06641915440559387,1.0811423063278198
-0.08740787208080292,0.4196278750896454,0.9810808897018433
0.057049669325351715,-0.25431370735168457,1.4990055561065674
-0.3917277157306671,0.05465642735362053,0.8364297151565552
-0.5326753854751587,-0.3536567687988281,0.7210680246353149
-0.14591318368911743,-0.18249186873435974,1.358929991722107
0.09734033048152924,-0.16297876834869385,1.3095250129699707
-0.6469495296478271,0.3744243085384369,0.4164140224456787
-0.03782685846090317,-0.532056450843811,0.8484050035476685
-0.6417984366416931,0.011785194277763367,1.4277559518814087
-0.31433698534965515,0.38035616278648376,1.342049479484558
0.2471015751361847,0.13322903215885162,1.1764302253723145
0.32143929600715637,0.024737436324357986,0.7669059038162231
-0.7223857045173645,0.11117775738239288,1.1619542837142944
-0.6423706412315369,-0.12124206125736237,1.4841407537460327
0.04618435725569725,-0.41235584020614624,1.0616734027862549
0.097895547747612,0.1865023970603943,1.2040073871612549
-0.09282684326171875,-0.2848096191883087,1.3395942449569702
-0.02896834909915924,0.4476786255836487,0.7670996785163879
-0.07192208617925644,0.14349064230918884,1.3043010234832764
-0.1519298553466797,-0.15730556845664978,1.5663830041885376
-0.059333980083465576,-0.15020868182182312,1.54365873336792
-0.9947288632392883,0.25275373458862305,0.7649229764938354
-0.4279204308986664,0.19478225708007812,1.356025218963623
-0.19777727127075195,0.1575050950050354,1.5776628255844116
0.22859424352645874,-0.05100908875465393,1.36453378200531
-0.5123723745346069,0.628164529800415,0.9505051374435425
0.2111712247133255,-0.5285927057266235,0.7641863822937012
-0.4689798951148987,-0.314303457736969,0.8905200362205505
-0.1426120102405548,0.33742329478263855,1.3941328525543213
0.0576462596654892,0.7153811454772949,1.0717921257019043
-0.7721266746520996,-0.3182249963283539,1.275121808052063
0.25807711482048035,0.15616938471794128,1.2241697311401367
-0.5474056005477905,0.25540244579315186,0.7966146469116211
-0.0225311741232872,-0.3251965641975403,1.1570250988006592
0.3154120445251465,0.113655224442482,0.7689217925071716
-0.01965007185935974,-0.5739479660987854,0.9815700054168701
-0.5468723773956299,0.21211907267570496,1.360103726387024
-0.1818864345550537,0.4642588198184967,1.4248791933059692
-0.6638497710227966,0.2555926442146301,1.0799628496170044
-0.06222270429134369,0.4466836452484131,0.967039167881012
0.35434454679489136,0.1445700228214264,1.2910776138305664
0.20597322285175323,-0.5978758335113525,0.9610812664031982
-0.07900328934192657,0.03409145027399063,1.2365036010742188
-0.8463869094848633,0.01812230795621872,1.0405327081680298
-0.009903237223625183,0.756327748298645,0.9043568968772888
0.4080028831958771,-0.17961280047893524,1.093888759613037
-0.3699800372123718,-0.701740026473999,0.6777387261390686
0.26244112849235535,0.002794054336845875,0.9373441338539124
-0.5473781824111938,0.01464299950748682,1.3250560760498047
-0.455831915140152,0.6986583471298218,0.7108888626098633
-0.13460564613342285,-0.12269768118858337,1.3827564716339111
-0.007453642785549164,-0.258633017539978,0.9439510107040405
-0.41645410656929016,-0.5143373012542725,1.2083770036697388
-0.050095267593860626,-0.35636866092681885,1.3430469036102295
-0.3380250930786133,0.5319209098815918,1.100203514099121
-0.048983730375766754,0.09427797794342041,1.3602979183197021
-0.510368824005127,0.0583738274872303,1.4407681226730347
-0.8660445213317871,-0.06505797803401947,1.0676802396774292
-0.4524940550327301,0.27898380160331726,0.8925092220306396
-0.36948010325431824,-0.3779084384441376,1.1270813941955566
-0.18957170844078064,-0.028983432799577713,1.584369421005249
0.028514984995126724,-0.24861450493335724,1.4501028060913086
0.1191701591014862,-0.3667619228363037,0.9741427302360535
-0.335152804851532,-0.277173787355423,1.547645092010498
-0.16900776326656342,-0.13236680626869202,1.3989689350128174
-0.3133864998817444,0.8189942836761475,0.829484224319458
0.30419105291366577,0.24887531995773315,1.1933382749557495
-0.6661953330039978,0.16449502110481262,1.0272265672683716
-0.2261354625225067,-0.4389377236366272,1.212664246559143
-0.48001986742019653,-0.0644727349281311,1.545243263244629
-0.5718414783477783,-0.31844669580459595,0.9350762963294983
0.14398273825645447,0.1727362871170044,1.1740845441818237
-0.45438551902770996,0.5796085596084595,1.0234545469284058
-0.4032912850379944,-0.3576942980289459,1.277156114578247
-0.0986243188381195,0.28913724422454834,1.5093533992767334
-0.16921402513980865,-0.0656495988368988,1.5661449432373047
0.22286848723888397,0.15496543049812317,1.0822703838348389
0.15197305381298065,-0.13611386716365814,1.0337859392166138
-0.17775623500347137,-0.4247984290122986,0.937836229801178
-0.6231556534767151,0.6078354120254517,0.7944636344909668
-0.6993179321289062,-0.21617379784584045,1.4070717096328735
-0.43743476271629333,0.15973028540611267,1.4396599531173706
0.005560398101806641,0.4457871913909912,0.8728963136672974
-0.05931348353624344,-0.13208535313606262,1.5639152526855469
-0.2510989010334015,-0.22180356085300446,1.563711404800415
-0.5970321297645569,0.057293735444545746,0.8449288010597229
-0.3597325384616852,0.4438394010066986,1.0677253007888794
0.0537407360970974,0.46544191241264343,0.9888544082641602
-0.8410335779190063,-0.3008362054824829,0.8339004516601562
0.2365279197692871,0.32631364464759827,0.9905164241790771
0.41561159491539,-0.23983919620513916,1.1478843688964844
0.09897296130657196,0.13676321506500244,1.2317448854446411
0.08278743177652359,0.4560314416885376,0.7802672386169434
-0.07391899824142456,0.3007974624633789,1.180669903755188
-0.42772984504699707,0.08285035192966461,1.2438393831253052
0.08267895132303238,0.4468633532524109,1.280369520187378
0.28039276599884033,-0.5379272699356079,0.9809339046478271
-0.2577474117279053,-0.3922242522239685,1.2708871364593506
-0.30264580249786377,0.537513792514801,1.075105905532837
0.002174682915210724,-0.4618537724018097,0.946892499923706
-0.49163082242012024,-0.39832067489624023,0.9405351877212524
0.07724203169345856,0.010839790105819702,0.8575321435928345
-0.6742057204246521,-0.3600618839263916,1.2778708934783936
-0.060937315225601196,-0.2922024726867676,1.2753738164901733
0.02511002868413925,0.08966270834207535,1.5547666549682617
0.018304482102394104,0.17112167179584503,1.2198041677474976
-0.5412515997886658,-0.009837619960308075,0.6492878198623657
-0.5436671376228333,-0.34175562858581543,1.0691457986831665
-0.048003196716308594,-0.36927515268325806,1.0119919776916504
-0.3704284429550171,0.4860570728778839,1.0800329446792603
-0.09105022996664047,-0.42497381567955017,0.9513932466506958
0.15321338176727295,-0.38984689116477966,0.8414947390556335
-0.2373884916305542,-0.6744475960731506,1.197275161743164
-0.42232972383499146,0.44159117341041565,0.975967526435852
0.15519094467163086,-0.3020411431789398,1.4381142854690552
-0.44603636860847473,-0.25527673959732056,0.9389677047729492
0.0106174536049366,-0.19870367646217346,1.5021942853927612
0.24923202395439148,0.3917918801307678,1.2740689516067505
-0.4249088168144226,-0.05702037364244461,1.2560675144195557
0.24043741822242737,0.2798417806625366,1.3668168783187866
0.02767118066549301,-0.2672674357891083,1.2846248149871826
-0.7873972058296204,-0.04324992746114731,1.157881498336792
-0.6296543478965759,0.2736837863922119,0.46074938774108887
0.18172118067741394,-0.3857680559158325,1.0872217416763306
0.053626447916030884,0.2692268490791321,1.3860366344451904
-0.029418766498565674,-0.20388823747634888,0.9791534543037415
-0.5220738649368286,0.607132077217102,1.2208290100097656
-0.5135523080825806,0.14256837964057922,0.9532474279403687
-0.7625073194503784,-0.47607699036598206,1.207772970199585
-0.4283324182033539,0.14343225955963135,1.2351981401443481
-0.4011024236679077,0.6365655660629272,1.0492225885391235
-0.49370917677879333,-0.13552148640155792,1.5428929328918457
-0.06837254762649536,-0.20007014274597168,1.2948278188705444
-0.169495090842247,-0.2510462999343872,0.8617117404937744
0.15158508718013763,-0.3459623456001282,0.9786554574966431
0.15461155772209167,-0.5547605752944946,0.9838944673538208
0.015511754900217056,0.3097660541534424,1.4761189222335815
-0.7091503143310547,-0.1925984025001526,1.3966161012649536
-0.3646036982536316,0.8006497621536255,0.9629555940628052
-0.27614033222198486,-0.27666938304901123,1.496269941329956
-0.22223086655139923,0.5430247187614441,1.2718557119369507
-0.3837602138519287,-0.14006856083869934,1.5447112321853638
-0.28460925817489624,-0.5634483098983765,0.9986780881881714
0.2338399440050125,0.0938425287604332,1.381547212600708
-0.20570161938667297,0.621636152267456,1.2814435958862305
0.10535323619842529,0.3469153642654419,1.0137887001037598
-0.7599597573280334,0.00017356127500534058,1.1080050468444824
-0.15833090245723724,-0.23118264973163605,1.555959701538086
-0.16064396500587463,0.20647570490837097,1.2349241971969604
-0.016744546592235565,0.7872096300125122,0.9494682550430298
-0.7293723821640015,0.40855056047439575,1.162624716758728
-0.20717337727546692,0.5764756798744202,0.8838057518005371
-0.7220903635025024,-0.6182911992073059,0.7814427614212036
0.26136866211891174,0.18401789665222168,1.223098874092102
0.030253276228904724,0.37094634771347046,1.2171719074249268
-0.6742144823074341,0.2942737340927124,1.1594712734222412
-0.23832711577415466,0.5905950665473938,1.2612812519073486
-0.25106319785118103,0.5779402852058411,1.1732935905456543
-0.15519380569458008,-0.1555628776550293,1.2728638648986816
-0.11568980664014816,0.4645097255706787,0.8397692441940308
0.24535539746284485,0.4910057783126831,1.2131478786468506
-0.4828779101371765,-0.43932271003723145,1.439597249031067
-0.5228834748268127,-0.0020417682826519012,0.8554038405418396
0.20168250799179077,-0.061453014612197876,0.951038122177124
-0.13535256683826447,-0.41391927003860474,1.0043282508850098
-0.2937481999397278,-0.42346692085266113,1.030653476715088
-0.4490123987197876,-0.25338757038116455,1.0126432180404663
-0.41969072818756104,0.5576937794685364,0.760205864906311
-0.11136791110038757,-0.37532931566238403,0.808716893196106
0.3490085005760193,0.22245216369628906,1.0033217668533325
-0.7320588231086731,-0.13897834718227386,0.6868476271629333
-0.7368828654289246,-0.1193772554397583,0.6580930352210999
0.17853349447250366,-0.2781445384025574,1.0858323574066162
-0.3192983567714691,-0.5512698292732239,1.1077146530151367
-0.0883268266916275,0.27258726954460144,1.2058712244033813
0.055587705224752426,-0.28386664390563965,1.3913408517837524
-0.008411683142185211,0.7512375116348267,0.6825093626976013
-0.13020068407058716,0.3708902597427368,1.4546009302139282
-0.29451557993888855,0.3873807191848755,1.3315010070800781
-0.5498789548873901,-0.18389298021793365,0.7819341421127319
-0.40438488125801086,-0.14901019632816315,1.1735081672668457
-0.1960492730140686,-0.514227569103241,0.7817405462265015
0.25177937746047974,0.467334508895874,0.9510480165481567
-0.45238327980041504,-0.23238983750343323,1.1168255805969238
-0.244413822889328,0.69195157289505,1.2699556350708008
0.34102943539619446,-0.2944563627243042,1.0772210359573364
-0.8804067969322205,0.46543896198272705,1.0511528253555298
-0.6555254459381104,-0.04377266764640808,1.397066593170166
-0.41304075717926025,0.6654771566390991,0.9956299066543579
0.024771619588136673,0.6260489821434021,0.7739653587341309
-0.6283875107765198,0.32739919424057007,0.8348885774612427
-0.023734182119369507,-0.6051313877105713,0.8443318605422974
-0.49788379669189453,-0.21619421243667603,1.5239641666412354
-0.8313266038894653,-0.046738073229789734,1.3636521100997925
-0.09821586310863495,-0.5816664695739746,1.317507266998291
-0.11754216998815536,0.17167286574840546,1.0512508153915405
-0.8005170822143555,-0.17526257038116455,0.5842044353485107
-0.09741486608982086,-0.1704445630311966,1.5549499988555908
0.05273275077342987,0.09724456071853638,0.9210919141769409
-0.09797801077365875,0.5959300994873047,1.2927747964859009
-0.777440071105957,-0.5349816679954529,0.9672485589981079
-0.11571947485208511,0.6205798387527466,1.2209444046020508
-0.05506594106554985,-0.09256650507450104,1.1464356184005737
-0.10002957284450531,0.22586260735988617,1.1787693500518799
-0.314288854598999,-0.1568755805492401,1.1608645915985107
-0.30332207679748535,-0.3257911801338196,1.4885717630386353
-0.13308753073215485,-0.6006290912628174,0.8420314788818359
0.0013819150626659393,0.014969706535339355,1.5075764656066895
-0.5910067558288574,-0.1733059585094452,1.3630011081695557
0.07857120037078857,0.26999402046203613,1.2879080772399902
0.061404794454574585,-0.1180226057767868,0.9841940999031067
-0.7572610378265381,0.29012903571128845,1.0698915719985962
0.16333699226379395,0.16787299513816833,1.4518078565597534
-0.6323032975196838,0.1339021623134613,1.2958773374557495
0.3098696172237396,0.2974715828895569,1.2109957933425903
0.21149900555610657,0.2975827157497406,1.3610966205596924
-0.13061504065990448,0.5405796766281128,1.040841817855835
-0.339389830827713,0.13463367521762848,1.5189266204833984
-0.17817093431949615,-0.4088132083415985,1.1329762935638428
0.22303158044815063,0.04544854164123535,0.9047203063964844
-0.28348276019096375,-0.11310215294361115,1.2847487926483154
-0.36660870909690857,0.20707987248897552,1.5684362649917603
-0.3694128394126892,-0.37264484167099,0.7839475870132446
-0.8501272201538086,0.14376111328601837,1.244106650352478
-0.42098498344421387,0.7911803722381592,0.7796870470046997
-0.022151075303554535,-0.731453537940979,0.7389204502105713
-0.018502749502658844,-0.02572142891585827,1.242063283920288
-0.5970802307128906,0.1453445851802826,1.4960792064666748
-0.5022469758987427,-0.31087419390678406,0.983589768409729
-0.36865076422691345,-0.06234379857778549,0.8560594320297241
0.11765033006668091,-0.14142228662967682,0.9039020538330078
-0.3830430805683136,0.39302265644073486,1.290279746055603
-0.3622022867202759,-0.24245506525039673,1.3818004131317139
0.19794055819511414,0.07774326950311661,1.4816371202468872
-0.780244767665863,-0.21407108008861542,1.210494041442871
-0.6713600754737854,0.3449675440788269,1.221999168395996
-0.6550328731536865,-0.38498955965042114,1.1454861164093018
-0.2803906202316284,-0.13718727231025696,1.3303723335266113
0.04559309780597687,0.40434521436691284,1.1205976009368896
-0.7539476156234741,0.3403703272342682,1.0308277606964111
-0.09136974066495895,-0.4043935537338257,0.8968831896781921
-0.3933822810649872,0.08763319253921509,1.3155524730682373
0.07177077233791351,0.4912129342556,1.031274676322937
-0.12357696890830994,0.2068115621805191,1.2717256546020508
-0.6836754679679871,-0.09734506905078888,1.2614012956619263
-0.20281003415584564,0.6670389175415039,1.228062391281128
-0.8774044513702393,-0.16208051145076752,1.1197929382324219
-0.37632209062576294,0.354495644569397,0.9874197840690613
-0.5147737860679626,0.1523631066083908,0.39245739579200745
-0.39512312412261963,0.6709311008453369,1.2111014127731323
-0.4046257436275482,0.6510172486305237,1.0663974285125732
0.08236715942621231,0.4566310942173004,1.126477837562561
-0.09509436786174774,0.6362627744674683,1.2965649366378784
0.011637654155492783,-0.6336461305618286,0.9031386971473694
0.021399997174739838,-0.29429304599761963,1.3415923118591309
-0.2796357572078705,-0.445980966091156,1.039085030555725
-0.2641559839248657,0.6815261840820312,0.813518762588501
-0.4174593389034271,-0.24599751830101013,1.5303730964660645
-0.07621482759714127,0.3234570324420929,0.858317494392395
-0.04682955890893936,0.3069145679473877,1.221278190612793
-0.5654822587966919,0.4102884531021118,0.7875125408172607
-0.33842822909355164,-0.3191765546798706,0.9340105056762695
-0.10258254408836365,-0.5325353145599365,0.9695808291435242
0.2708986699581146,0.33598262071609497,1.2731220722198486
-0.019767485558986664,0.5958142280578613,1.2710607051849365
0.035760752856731415,0.3015340566635132,0.8063070774078369
0.38515061140060425,0.24940039217472076,1.0172069072723389
-0.14292889833450317,0.5886688828468323,1.3510892391204834
-0.6098288297653198,-0.31819188594818115,0.6719982624053955
-0.3949982225894928,0.5150456428527832,1.3390737771987915
-0.9943373203277588,0.24716854095458984,0.7597556114196777
-0.20563238859176636,0.5080128908157349,0.8964405059814453
0.13030560314655304,-0.4218103289604187,0.990434467792511
-0.4865055978298187,-0.367593914270401,1.3760685920715332
-0.08025544881820679,-0.009775212034583092,1.1772536039352417
-0.2836378812789917,0.24316759407520294,1.3519344329833984
-0.1864345371723175,-0.2888911962509155,1.4235754013061523
-0.0949193462729454,-0.015215214341878891,1.5404765605926514
-0.1940542608499527,-0.25098147988319397,0.8013275861740112
-0.7595294117927551,0.07467290759086609,0.6204980611801147
0.08362828195095062,0.1806359440088272,1.0645642280578613
-0.5441369414329529,0.2759276032447815,1.4605777263641357
0.1306297779083252,0.048971027135849,1.3910192251205444
-0.5889763832092285,0.5791433453559875,0.5254861116409302
-0.090475894510746,0.22334414720535278,1.5569462776184082
0.04568653181195259,-0.007027246057987213,1.1718969345092773
0.13281938433647156,0.07938338071107864,1.0707899332046509
0.20403364300727844,-0.18839210271835327,1.0843000411987305
-0.10150621831417084,-0.4286276400089264,0.9140911102294922
-0.2741173505783081,-0.3176090717315674,1.499890685081482
0.06030447408556938,-0.2604817748069763,0.8767490386962891
-1.0016893148422241,-0.043320462107658386,1.0749614238739014
-0.7042829990386963,-0.5396751165390015,0.9087350368499756
0.007511667907238007,0.37980830669403076,1.3076577186584473
-0.37360528111457825,-0.3101409077644348,1.456007957458496
-0.345869779586792,-0.4662397503852844,1.0594182014465332
0.014112748205661774,0.41971489787101746,0.8581655621528625
-0.013567134737968445,-0.14932486414909363,1.5376960039138794
-0.5199170112609863,0.3494452238082886,0.3936915397644043
-0.7170178890228271,0.08943619579076767,0.48440438508987427
-0.6493244767189026,-0.3491574823856354,1.3617758750915527
-0.5891691446304321,0.212423175573349,1.3383231163024902
-0.43144917488098145,-0.2817404568195343,1.4799582958221436
0.008670777082443237,0.5340737104415894,1.315201997756958
-0.6144064664840698,0.4206801950931549,0.6507478952407837
-0.1552533507347107,-0.6604584455490112,1.2501460313796997
-0.11170081794261932,-0.10385957360267639,1.272413969039917
-0.6548827290534973,0.4155641198158264,1.3593859672546387
0.1579277664422989,0.5282415151596069,1.1387593746185303
0.23179933428764343,-0.4966151714324951,1.1598231792449951
-0.9372769594192505,-0.2293737381696701,1.0124198198318481
0.15382039546966553,-0.3405326008796692,1.2553080320358276
-0.3737924098968506,-0.13684797286987305,1.1611835956573486
-0.5090013146400452,-0.07487953454256058,1.4965200424194336
-0.8435697555541992,-0.11913616955280304,0.7855027318000793
-0.31924664974212646,0.2526451051235199,1.1898726224899292
-0.32269346714019775,-0.3513619601726532,1.0323017835617065
-0.5099286437034607,0.27658241987228394,0.8668762445449829
-0.0987047329545021,0.3450466990470886,0.8076380491256714
-0.05172856152057648,-0.12458106875419617,1.0998547077178955
-0.011132895015180111,0.41710034012794495,0.940633237361908
-0.0799623355269432,-0.05761448293924332,1.560489296913147
0.1518964320421219,-0.38495567440986633,1.0777424573898315
0.13530310988426208,0.057229164987802505,1.2613329887390137
0.3852981925010681,0.09415119141340256,1.20364511013031
-0.4451495409011841,-0.034947242587804794,1.5551915168762207
-0.15367472171783447,0.27919766306877136,1.5592254400253296
-0.19022707641124725,0.68047696352005,1.2717063426971436
-0.5996981859207153,0.5948901176452637,1.2084485292434692
-0.009008325636386871,-0.1500401347875595,1.5419867038726807
-0.6060874462127686,-0.10291266441345215,1.4706474542617798
0.2814897298812866,0.1918870508670807,1.3713507652282715
-0.05337333679199219,0.20300030708312988,1.296807050704956
-0.40354210138320923,-0.35822978615760803,0.9028193354606628
-0.6341482996940613,0.4232301115989685,0.8903506398200989
-0.5269795656204224,0.3237192928791046,0.7088519334793091
-0.39103057980537415,0.6720924377441406,1.2230234146118164
-0.36172109842300415,0.5287309885025024,1.3260769844055176
-0.3563585877418518,0.29182589054107666,0.8159115314483643
-0.7522809505462646,0.022296857088804245,1.4478604793548584
-0.07594794780015945,-0.4185391068458557,1.2802915573120117
-0.551899790763855,-0.23596012592315674,1.0138330459594727
-0.6017105579376221,-0.6477459073066711,1.113089919090271
-0.5029826760292053,0.32362625002861023,0.789757251739502
0.2710244059562683,-0.5300239324569702,0.7999603152275085
-0.4644712507724762,-0.7055938839912415,1.0135841369628906
-0.7041362524032593,-0.1868225634098053,1.34624183177948
-0.6209072470664978,-0.37081170082092285,1.2687816619873047
-0.4613909423351288,0.35725104808807373,1.1340683698654175
-0.9206060171127319,0.1433687061071396,1.1833750009536743
0.2567291259765625,-0.13735955953598022,1.1612780094146729
-0.49219682812690735,0.2604207396507263,1.4011759757995605
-0.5723236799240112,-0.2401575744152069,1.069901943206787
-0.1450168490409851,0.14046254754066467,1.213278889656067
-0.17671248316764832,-0.06582193821668625,1.5720906257629395
-0.5599073767662048,0.1504960060119629,1.2740490436553955
-0.6088298559188843,-0.3178424835205078,0.5510660409927368
-0.07277423143386841,0.29203957319259644,1.4332517385482788
-0.6404130458831787,0.2672748267650604,0.9443917870521545
0.07170229405164719,0.23261038959026337,1.0446507930755615
-0.489671915769577,-0.4070042073726654,1.3088902235031128
-0.21912284195423126,0.603411078453064,1.099883794784546
-0.2898400127887726,-0.12986142933368683,1.1975882053375244
0.17696277797222137,0.12371616810560226,1.0821641683578491
0.061907459050416946,0.13295935094356537,0.8601006865501404
0.17087188363075256,0.13224630057811737,1.1875996589660645
-0.1140800341963768,-0.27974724769592285,0.9545409679412842
-0.6583390831947327,0.2505669593811035,1.4431707859039307
-0.10362288355827332,0.16432742774486542,1.1834931373596191
-0.225384920835495,0.28314533829689026,0.803708553314209
-0.1618196964263916,0.14689083397388458,1.3904087543487549
-0.3269003629684448,0.4466320276260376,1.4470981359481812
-0.4131981134414673,0.2929183840751648,1.14783775806427
-0.35475146770477295,0.6625701785087585,0.8874984979629517
0.040758952498435974,-0.4310784339904785,0.9905544519424438
-0.41386595368385315,-0.6932724118232727,0.8405900001525879
-0.4114146828651428,-0.40668243169784546,1.455574631690979
-0.036404527723789215,0.364922434091568,1.362411379814148
-0.5368034839630127,-0.0803385078907013,1.5468852519989014
-0.7390463948249817,-0.28387242555618286,0.9900592565536499
-0.5685480237007141,0.6746547818183899,1.1273763179779053
-0.8092198371887207,0.008671857416629791,1.2653648853302002
0.2493010312318802,0.07574300467967987,0.9503732323646545
-0.6810503005981445,0.01890108734369278,1.2193514108657837
0.30794063210487366,0.14137224853038788,1.1731206178665161
-0.5270175337791443,-0.15074706077575684,1.066048502922058
-0.1595471203327179,0.2781984210014343,1.1121494770050049
-0.5706346035003662,0.3768990933895111,1.0456246137619019
0.1150849461555481,0.011529870331287384,1.0446962118148804
0.0592622309923172,-0.6002026796340942,1.0015581846237183
-0.4687730073928833,-0.007004797458648682,1.18587327003479
-0.03230106830596924,0.5062624216079712,1.1675453186035156
-0.45741334557533264,0.32310134172439575,0.8429021835327148
-0.5287824869155884,-0.012060455977916718,1.0386435985565186
-0.18777838349342346,-0.6884514689445496,0.8776310682296753
-0.4409063458442688,0.6491595506668091,1.2524462938308716
0.2807689905166626,0.4436579644680023,1.2046226263046265
-0.3120059669017792,0.347733736038208,1.45192551612854
0.04725497215986252,-0.47863030433654785,1.323505163192749
-0.7124682664871216,0.06170336529612541,1.3487125635147095
-0.7076332569122314,0.33996787667274475,0.6119460463523865
-0.5132263898849487,0.7713959813117981,0.9740527868270874
-0.26956263184547424,-0.11371561884880066,1.5705523490905762
-0.4053025543689728,0.6732079982757568,0.8326423168182373
-0.4816281199455261,0.7182433009147644,0.9220585823059082
0.10076405107975006,0.3003019094467163,1.4386212825775146
-0.5221543908119202,-0.27639153599739075,0.9890619516372681
-0.27693212032318115,0.6134522557258606,1.0822625160217285
-0.6278951168060303,0.11210711300373077,0.711599588394165
-0.18514034152030945,0.194078728556633,1.1647535562515259
-0.44273605942726135,-0.42552804946899414,0.904435932636261
0.4269871115684509,0.09370459616184235,1.099138617515564
-0.20090237259864807,0.7223174571990967,0.7771331667900085
0.010305408388376236,0.5251239538192749,1.3677650690078735
-0.5786334276199341,0.357467383146286,0.3529110848903656
0.18508994579315186,-0.20075494050979614,1.444471836090088
-0.5990481972694397,0.09599414467811584,0.8865056037902832
-0.4135931134223938,-0.2754361629486084,0.9917203187942505
-0.16867944598197937,0.16096976399421692,1.2077757120132446
-0.39215314388275146,0.32442936301231384,1.383846640586853
-0.19118332862854004,0.34564751386642456,0.816865861415863
-0.4937097430229187,-0.01643652841448784,1.523664116859436
0.02280685305595398,-0.41768425703048706,1.0118736028671265
-0.5005024671554565,0.6134889125823975,1.2496271133422852
-0.8931227326393127,-0.08558662980794907,1.1981967687606812
0.39271387457847595,-0.07485359162092209,1.183327078819275
-0.05385932698845863,0.2297409176826477,0.7820819616317749
-0.14872297644615173,0.34222549200057983,0.778179407119751
-0.6181526184082031,0.3111211359500885,0.8067456483840942
-0.2926101088523865,-0.08328137546777725,1.5733957290649414
-0.22353173792362213,0.40001368522644043,0.7971249222755432
-0.050934843719005585,-0.2516840100288391,0.8090497255325317
-0.44858068227767944,-0.23734402656555176,1.0081570148468018
-0.7621452808380127,-0.48014014959335327,1.169114112854004
0.10848955810070038,0.0168842151761055,1.4166337251663208
-0.24282802641391754,0.42113378643989563,0.8298512697219849
0.061613425612449646,0.34678077697753906,0.9612256288528442
0.0018980279564857483,0.32756441831588745,0.8764894604682922
0.03286755084991455,-0.4447328746318817,1.232391357421875
-0.2811185121536255,-0.30809512734413147,0.9552739262580872
-0.379402756690979,-0.07079426944255829,1.5690810680389404
0.48861122131347656,-0.27114278078079224,0.763336181640625
-0.46663522720336914,0.34309619665145874,1.494202971458435
-0.21666014194488525,0.7275029420852661,0.9776722192764282
0.046139273792505264,-0.5138587951660156,1.3514896631240845
-0.5005627274513245,0.36916351318359375,1.1036376953125
-0.3030502200126648,0.41735732555389404,1.340197205543518
-0.07367468625307083,-0.2600434422492981,0.8486195206642151
0.14625731110572815,-0.02067067101597786,1.3223353624343872
0.545197606086731,0.055595867335796356,0.7857218980789185
-0.6258205771446228,-0.11717415601015091,0.9509057402610779
0.21839161217212677,0.4445735812187195,0.9712963104248047
0.14839814603328705,-0.02074660360813141,1.3131102323532104
0.0009926483035087585,0.34711822867393494,1.1838043928146362
-0.621624231338501,-0.45285123586654663,1.3120173215866089
0.2790432274341583,0.009865961968898773,0.9541919231414795
-0.6462181806564331,-0.06649009138345718,1.1149888038635254
-0.30016833543777466,-0.6278334259986877,1.2217624187469482
-0.0013395696878433228,0.7168518900871277,0.8741401433944702
-0.3360934853553772,-0.2948191165924072,0.7619649767875671
-0.02542269229888916,-0.27824655175209045,0.9193148612976074
-0.31869301199913025,0.5263508558273315,0.9622916579246521
0.08240476995706558,-0.060241807252168655,0.8272573947906494
0.11042727530002594,0.252236008644104,0.8730117678642273
-0.6803470849990845,0.26349958777427673,1.372705101966858
-0.01951666921377182,-0.43596625328063965,1.1071856021881104
-0.12337455153465271,0.5468294620513916,1.013199806213379
0.09969612956047058,-0.4076257646083832,0.802623450756073
0.13249602913856506,-0.407581090927124,1.1508427858352661
-0.2255033552646637,0.14696969091892242,1.5731337070465088
-0.7748533487319946,0.337043821811676,1.1220102310180664
-0.30034324526786804,-0.4693775773048401,1.3825076818466187
-0.12683863937854767,0.054525263607501984,1.3628627061843872
-0.2580645680427551,-0.1042729839682579,1.2916086912155151
-0.48555949330329895,-0.36035507917404175,1.1515417098999023
0.1331854909658432,-0.23789513111114502,0.8578070402145386
-0.05749981105327606,0.14458191394805908,1.3452012538909912
-0.018425552174448967,0.2985769212245941,1.3595259189605713
-0.2134007215499878,0.0531160905957222,1.4286267757415771
-0.5239249467849731,0.17098844051361084,1.4016979932785034
-0.9824584126472473,-0.035441670566797256,1.1438381671905518
-0.4734025299549103,0.5314487814903259,0.907820999622345
-0.35062867403030396,0.18486741185188293,1.3633506298065186
0.0758560299873352,0.5060890913009644,1.368117094039917
0.10561137646436691,-0.11426261067390442,1.5138983726501465
-0.6224717497825623,0.22880777716636658,0.502819299697876
-0.2082197368144989,-0.38538336753845215,1.4145231246948242
-0.5066585540771484,0.6900520920753479,0.7495056390762329
-0.12499836087226868,-0.44862157106399536,1.3479549884796143
0.22488170862197876,0.21054674685001373,1.3761823177337646
-0.40412139892578125,0.43144434690475464,0.7984264492988586
-0.1199556291103363,0.4881744682788849,0.8634920120239258
-0.057874880731105804,-0.48191121220588684,1.2437101602554321
0.18516677618026733,-0.11517584323883057,0.8245162963867188
-0.44889020919799805,-0.23349222540855408,1.4498884677886963
0.4234482944011688,0.06978239119052887,1.2450892925262451
-0.02233438566327095,-0.24560096859931946,1.4203306436538696
0.1353636384010315,0.300618052482605,1.3228727579116821
-0.4834483563899994,0.35780057311058044,1.2874492406845093
0.08195279538631439,-0.09626436978578568,0.8514895439147949
0.004631824791431427,0.10146649181842804,1.2778257131576538
-0.2445092350244522,0.5840578079223633,1.3790011405944824
0.12084844708442688,-0.2589847147464752,1.2374662160873413
-0.5510324835777283,0.474839985370636,1.4139151573181152
0.04641655087471008,-0.005426459014415741,0.9969022870063782
-0.2490883767604828,-0.23710842430591583,1.4423139095306396
-0.32242441177368164,-0.35075220465660095,0.8509138226509094
0.19600507616996765,0.09691160917282104,1.081728219985962
-0.3892706334590912,0.6082541346549988,1.0729644298553467
-0.0768473893404007,0.49039632081985474,1.3971595764160156
-0.5537091493606567,0.029888853430747986,1.530512809753418
-0.453609824180603,0.33445772528648376,0.8569072484970093
-0.44187840819358826,-0.5600590705871582,0.8797496557235718
-0.10937828570604324,-0.45407432317733765,0.962222695350647
-0.4890636205673218,-0.13187915086746216,0.8021669983863831
-0.19862237572669983,-0.26699694991111755,1.2769761085510254
-0.41389673948287964,-0.45933258533477783,1.4383254051208496
-0.13063307106494904,0.46671611070632935,1.116243839263916
-0.16382068395614624,-0.3701050877571106,0.7850856781005859
-0.4470745623111725,0.16656064987182617,1.1001266241073608
-0.08488473296165466,0.2833077311515808,0.8379363417625427
-0.33836060762405396,-0.26691141724586487,0.8208641409873962
-0.030322309583425522,-0.041033096611499786,1.2968499660491943
-0.3326028883457184,0.6987186670303345,1.2504688501358032
-0.4440067410469055,-0.4421570897102356,1.0026321411132812
-0.8307168483734131,0.07219179719686508,0.5658313035964966
-0.030131638050079346,-0.6588956713676453,1.1911040544509888
-0.11708037555217743,0.5371462106704712,1.145434021949768
0.007288530468940735,-0.2802177369594574,0.8646878600120544
-0.16984131932258606,-0.10874050855636597,1.5187405347824097
-0.7339765429496765,-0.13347741961479187,0.8064607977867126
0.11520799994468689,0.47130200266838074,1.089910626411438
0.11117098480463028,0.19441288709640503,1.2650609016418457
0.20725186169147491,0.49180710315704346,1.2156997919082642
0.14541886746883392,0.09679754078388214,1.4511626958847046
-0.2702491581439972,0.3546728491783142,1.2917474508285522
0.097331203520298,0.24152295291423798,1.2480862140655518
-0.6908696889877319,0.11412596702575684,1.2808607816696167
-0.4835929274559021,0.5503295660018921,1.3454846143722534
-0.3501642942428589,0.4352721869945526,1.297785997390747
-0.3453693389892578,-0.0854281336069107,1.2055622339248657
-0.07984940707683563,0.595021665096283,1.0829315185546875
0.0013621002435684204,0.4418148398399353,1.003820538520813
0.3680858612060547,0.3778206706047058,1.180602788925171
0.41824179887771606,-0.3035889267921448,0.7756705284118652
0.003741905093193054,0.19397397339344025,1.4453799724578857
0.10453842580318451,-0.6704909801483154,0.9915319085121155
0.19207008183002472,0.04017159342765808,0.8995853662490845
-0.04246707633137703,0.19939011335372925,1.3661564588546753
-0.6543110013008118,-0.16596867144107819,1.2073473930358887
0.12476611137390137,-0.5945253372192383,1.188392162322998
0.42431241273880005,0.047569431364536285,1.2256715297698975
-0.1800192892551422,-0.3053482174873352,1.0786559581756592
-0.21038590371608734,-0.347493976354599,1.383312463760376
0.4745854139328003,-0.31880831718444824,0.8954894542694092
-0.37343159317970276,-0.3087710738182068,1.277679204940796
-0.7163920402526855,-0.2150086760520935,1.1616649627685547
-0.36093467473983765,0.5338515043258667,1.4292163848876953
-0.5766503214836121,-0.4475876986980438,1.1776573657989502
-0.41163137555122375,0.10854940861463547,1.0869054794311523
0.3433796465396881,0.07397016882896423,1.352925181388855
0.034968771040439606,-0.16899141669273376,0.9503072500228882
-0.3421001136302948,-0.24362605810165405,0.800518274307251
-0.11600976437330246,0.12610454857349396,1.243368148803711
-0.7136170864105225,-0.04221872240304947,1.245374083518982
-0.43685850501060486,-0.305102676153183,1.0420496463775635
-0.3174128234386444,-0.35831987857818604,1.3072209358215332
-0.7132554054260254,0.5128688812255859,0.8370774388313293
0.10492591559886932,-0.28335851430892944,1.1246185302734375
0.13435278832912445,0.1522522270679474,1.2825936079025269
-0.16281668841838837,-0.7740753293037415,0.7885444164276123
-0.7111849188804626,-0.30770599842071533,0.8739355206489563
0.037375323474407196,-0.3702995777130127,1.102810263633728
0.07681909203529358,-0.256793349981308,1.274705171585083
0.06646634638309479,-0.018515296280384064,1.2793984413146973
-0.09651055932044983,-0.299668550491333,1.5299115180969238
-0.44324225187301636,0.025493774563074112,1.5536603927612305
0.2725376784801483,-0.0705847293138504,1.1584413051605225
0.18944507837295532,0.2582460045814514,1.053066372871399
-0.13864213228225708,0.4897465705871582,1.4186705350875854
-0.030600033700466156,0.216305673122406,1.217695951461792
0.293681800365448,-0.1144799217581749,0.920257568359375
0.06981170922517776,0.5187420845031738,1.0971198081970215
0.19972838461399078,0.287495881319046,0.8839821815490723
0.11826041340827942,-0.22722896933555603,1.4101183414459229
0.24341821670532227,-0.07653762400150299,1.358413815498352
0.34235718846321106,-0.02506808191537857,1.1228715181350708
-0.2308032512664795,-0.44468143582344055,0.8403618931770325
-0.14429210126399994,-0.46865716576576233,1.4349076747894287
-0.6594640016555786,0.020255953073501587,0.7568063735961914
-0.9301986694335938,0.19379818439483643,1.2101212739944458
-0.10989474505186081,-0.1640910804271698,1.3221089839935303
-0.05852366238832474,0.397303968667984,1.227785348892212
0.29828327894210815,-0.48385515809059143,0.7658559083938599
-0.6621180772781372,0.0849657654762268,0.6372441649436951
-0.414582222700119,-0.3068206012248993,0.7802799940109253
0.20742784440517426,0.5207118988037109,1.1226403713226318
0.050887808203697205,-0.015727214515209198,1.5496891736984253
-0.7273761034011841,-0.4427338242530823,1.099863052368164
-0.0474582314491272,-0.38191935420036316,1.2704914808273315
-0.8153784275054932,-0.35274913907051086,0.9924072027206421
0.0339634045958519,-0.20948109030723572,1.0336474180221558
-0.5197605490684509,0.07737718522548676,0.8202043771743774
-0.3848893642425537,-0.6615840792655945,1.0282467603683472
-0.6911709308624268,-0.4218328893184662,1.3238595724105835
-0.9790078401565552,-0.1519232541322708,1.096155047416687
-0.3218245804309845,-0.4800892472267151,0.8053772449493408
-0.5361329913139343,-0.5059374570846558,1.1494141817092896
-0.09485924243927002,-0.031896110624074936,1.5437476634979248
-0.8806595206260681,0.1389102339744568,1.274840235710144
-0.004648178815841675,0.4324771463871002,1.2807891368865967
-0.5489210486412048,0.618494987487793,1.0702948570251465
-0.46600496768951416,-0.17825761437416077,1.2758104801177979
-0.5321781039237976,-0.17958542704582214,1.5179603099822998
-0.5980014801025391,0.17000330984592438,0.5192859768867493
-0.11782428622245789,-0.771571159362793,0.9137071967124939
-0.05966402217745781,-0.31195583939552307,0.9653270244598389
-0.7694872617721558,-0.029373452067375183,1.1973665952682495
-0.27442315220832825,-0.2898208796977997,1.1479686498641968
-0.5930747985839844,-0.11590056121349335,1.5106480121612549
-0.7312046885490417,0.06381837278604507,1.1000670194625854
0.19058863818645477,0.33169591426849365,1.1168179512023926
-0.3385651111602783,0.4882239103317261,1.3239319324493408
-0.6228948831558228,-0.3854354918003082,0.9533818364143372
-0.6272310018539429,-0.0847962498664856,1.1448050737380981
-0.41948235034942627,0.4356468915939331,1.1124515533447266
-0.41769278049468994,0.24853551387786865,1.5425784587860107
-0.0709708034992218,-0.16146908700466156,1.1758357286453247
-0.4467431306838989,-0.15725655853748322,0.8190580606460571
0.08412302285432816,0.10593829303979874,1.5252346992492676
0.4639439284801483,0.2193433940410614,1.0248156785964966
0.049021393060684204,0.30541932582855225,1.2281513214111328
-0.9350630044937134,0.2548368573188782,0.7966556549072266
-0.22634634375572205,0.49894988536834717,1.1780471801757812
-0.006361700594425201,-0.36649420857429504,0.9840446710586548
-0.3981686234474182,-0.2665896713733673,1.5226809978485107
-0.16439999639987946,0.2673115134239197,1.3521978855133057
-0.15952429175376892,0.6404805779457092,0.8965404033660889
0.2418118119239807,0.1881820261478424,1.117537498474121
-0.6564933657646179,-0.1052301824092865,1.4046683311462402
-0.5015381574630737,-0.2783510982990265,1.0487574338912964
-0.05668281763792038,0.3127274215221405,1.4601637125015259
0.4259539246559143,-0.2467813789844513,0.9875558018684387
-0.2029421478509903,-0.11191659420728683,1.575488567352295
-0.25506851077079773,0.7904400825500488,0.7618739008903503
0.05377572774887085,-0.14533552527427673,1.4167507886886597
0.11412230879068375,0.3148946166038513,1.296302080154419
0.022228822112083435,0.1672101616859436,0.9302526712417603
-0.29892319440841675,0.47310298681259155,1.432974100112915
0.0443180613219738,-0.21669146418571472,1.462241291999817
-0.526164710521698,0.07597506046295166,0.3621330261230469
-0.13117152452468872,-0.21005547046661377,1.2612384557724
-0.07289306074380875,0.39952871203422546,0.9083511829376221
-0.3615618050098419,-0.17139089107513428,1.317794680595398
-0.8267702460289001,-0.04919411987066269,0.905423104763031
-0.0904674157500267,0.3714039623737335,1.4228843450546265
-0.00974246859550476,0.18252134323120117,1.0207322835922241
-0.5335144400596619,0.6504576206207275,0.9532842636108398
-0.5881030559539795,-0.4668218195438385,1.322939157485962
-0.41399234533309937,0.48277929425239563,1.2406572103500366
-0.01042097806930542,0.4145564138889313,1.1514995098114014
-0.162494495511055,0.0008067227900028229,1.3203009366989136
-0.40710487961769104,-0.20242902636528015,1.4216033220291138
-0.31597569584846497,-0.22277134656906128,1.5037384033203125
0.023907311260700226,0.281501829624176,1.29056978225708
-0.3911350667476654,-0.024020671844482422,1.3367223739624023
-0.16924862563610077,-0.5331311821937561,0.8799857497215271
0.03405767306685448,-0.3575616180896759,1.1742618083953857
0.0616493821144104,0.18753567337989807,1.0774235725402832
0.1358245611190796,0.3559190630912781,1.2402329444885254
-0.16859515011310577,0.3696426749229431,1.189251184463501
-0.44139859080314636,-0.1204102486371994,0.7780978083610535
-0.003040328621864319,0.13609947264194489,0.8025180101394653
-0.5245738625526428,-0.20994728803634644,1.0264440774917603
0.32893890142440796,0.31674814224243164,1.1291604042053223
0.2253090739250183,0.24641260504722595,1.2810776233673096
0.08697742968797684,0.7296094298362732,0.6989898085594177
-0.04946240782737732,0.6850037574768066,1.157728672027588
-0.29688572883605957,0.41573649644851685,1.2218424081802368
-0.718853771686554,-0.4981868267059326,1.0675523281097412
-0.9900360107421875,0.2964865565299988,0.8001188635826111
0.08626146614551544,0.20719820261001587,1.2601360082626343
-0.11035702377557755,-0.10727107524871826,1.5715463161468506
-0.47180965542793274,-0.1457044780254364,1.4102866649627686
-0.12079073488712311,0.18927410244941711,1.5573962926864624
-0.25243327021598816,-0.31656885147094727,0.8730713129043579
-0.3774130940437317,-0.28137654066085815,1.4699255228042603
-0.7420613169670105,0.28351691365242004,1.2547976970672607
-0.559697687625885,-0.44552215933799744,1.2252544164657593
-0.030266202986240387,0.11452002823352814,1.4801069498062134
-0.46159878373146057,0.2924155592918396,0.9848995804786682
-0.6923256516456604,0.5489928722381592,1.2414783239364624
-0.1417904943227768,-0.4730927348136902,1.395617127418518
-0.7147639393806458,0.08592167496681213,0.4808359444141388
0.25987714529037476,-0.5196707248687744,1.0989876985549927
0.07771781086921692,0.397128164768219,1.0050151348114014
-0.7145997285842896,-0.11974357068538666,1.3641473054885864
-0.0646027997136116,0.019224785268306732,1.5598527193069458
-0.4460948705673218,0.5372414588928223,1.0038596391677856
-0.27364084124565125,-0.24633456766605377,1.026267647743225
-0.9754674434661865,0.05647620931267738,1.1654632091522217
-0.12760475277900696,-0.04097342491149902,1.1732999086380005
-0.30771034955978394,0.6210704445838928,1.006657361984253
-0.6950364112854004,-0.4658762514591217,1.2465152740478516
-0.05966350808739662,0.670920729637146,0.6503486633300781
-0.08722822368144989,-0.0692717507481575,0.8015259504318237
-0.4215571880340576,0.00558827817440033,1.1188161373138428
-0.5015156269073486,-0.6154868006706238,0.8383417129516602
0.3063940703868866,0.11169373989105225,0.8262596130371094
0.17073146998882294,0.6364798545837402,0.5841320753097534
0.3699600398540497,0.46897268295288086,0.9647799730300903
0.40935078263282776,0.2566739618778229,1.2319855690002441
-0.36273717880249023,0.2045060098171234,1.1753710508346558
0.1280016005039215,0.07587699592113495,1.2914327383041382
-0.6439083218574524,0.18114984035491943,0.6822254657745361
-0.280067503452301,0.7974615097045898,1.0614404678344727
-0.37820106744766235,0.30947092175483704,0.8537923097610474
-0.7847997546195984,-0.17102760076522827,1.2791295051574707
0.05334160104393959,0.20418530702590942,1.2658672332763672
-0.8157508373260498,0.251787006855011,0.8403446078300476
-0.6925725936889648,0.3260551691055298,0.9391458034515381
-0.1889292448759079,0.5264930129051208,1.2023274898529053
0.5106050968170166,-0.23662525415420532,0.821068525314331
-0.7214406728744507,0.12410201132297516,1.085030198097229
0.08834191411733627,-0.2920807898044586,0.9761145710945129
0.007303602993488312,-0.05275150388479233,1.3970141410827637
-0.07165578007698059,-0.0761200413107872,1.3004547357559204
-0.3905310332775116,0.2597034275531769,0.8160058856010437
0.05295224487781525,0.2380531132221222,1.5090603828430176
-0.028055742383003235,0.4861546456813812,0.8560771346092224
-0.1566966474056244,-0.1618453413248062,1.5607272386550903
0.43397316336631775,0.4450800120830536,0.8802313804626465
0.2760443687438965,0.24215728044509888,1.1005735397338867
-0.5947331190109253,-0.19659335911273956,0.5862323045730591
-0.8393750190734863,-0.12727117538452148,1.1088827848434448
-0.07041709870100021,-0.36409980058670044,0.9684932827949524
-0.20456905663013458,0.08591952919960022,1.2315833568572998
0.06253181397914886,0.2214643359184265,0.7592132687568665
0.1616251915693283,-0.11679427325725555,1.0097671747207642
0.31045445799827576,0.1736326664686203,1.306596040725708
-0.3500479459762573,-0.3920454680919647,1.4225695133209229
0.4373120665550232,-0.3942001760005951,0.7619248628616333
0.14985552430152893,0.4249827265739441,1.1869854927062988
0.07240533828735352,0.20984512567520142,0.8137729167938232
0.019413955509662628,-0.08024734258651733,1.4654030799865723
-0.006231304258108139,-0.2927786707878113,1.3178744316101074
-0.002110760658979416,0.04212980344891548,1.536059856414795
-0.03263652324676514,0.030847258865833282,1.1800507307052612
-0.15916097164154053,-0.7642322778701782,0.7895146012306213
0.06982381641864777,0.3236936330795288,0.9164595603942871
-0.0603141114115715,-0.19357267022132874,1.4418014287948608
-0.9492993950843811,-0.09778499603271484,0.5452204942703247
0.4081592559814453,-0.23456159234046936,0.9265254735946655
-0.8714696764945984,0.09213670343160629,1.3067057132720947
0.3566667139530182,-0.44668710231781006,1.0083398818969727
-0.00972074270248413,-0.29319700598716736,1.264601230621338
-0.03174716234207153,-0.5160242915153503,1.1554486751556396
-0.5664653182029724,0.15146568417549133,1.2720309495925903
-0.7180546522140503,-0.2902049422264099,1.3279521465301514
0.1499853879213333,0.498354971408844,1.0054749250411987
0.03416479378938675,0.42422229051589966,0.8845080137252808
-0.4242359399795532,-0.09267456829547882,1.395782470703125
-0.5426299571990967,0.4226130545139313,1.3523155450820923
-0.3933742940425873,0.108448825776577,1.3101441860198975
0.0697297602891922,0.15335316956043243,1.4919240474700928
0.010161840356886387,0.3473054766654968,1.181347131729126
-0.5140185356140137,-0.11520540714263916,1.1339062452316284
-0.587608814239502,-0.4960393011569977,1.0885909795761108
-0.013157472014427185,0.213405579328537,0.7867422699928284
-0.06398031115531921,0.4795334041118622,0.9277121424674988
-0.4731999933719635,-0.2278852015733719,1.2850818634033203
-0.6061066389083862,0.7189319133758545,0.743869423866272
0.10597655177116394,0.4921942353248596,1.033441185951233
-0.4608202278614044,-0.2549612820148468,1.336845874786377
-0.7533792853355408,-0.1677059829235077,1.2618741989135742
-0.08913285285234451,-0.3088315725326538,0.7803072333335876
-0.4992664158344269,0.4894428849220276,1.3060822486877441
-0.6295731663703918,0.35657772421836853,0.5310855507850647
-0.2431182712316513,0.4322318434715271,0.8810920715332031
-0.9880834817886353,-0.12571249902248383,1.079750418663025
-0.4866640865802765,0.09599094837903976,0.8802928924560547
-0.19388693571090698,0.11038791388273239,1.577494502067566
0.06372766941785812,0.004334769211709499,1.2670166492462158
-0.618546724319458,0.19585156440734863,0.5985426902770996
0.2329287976026535,0.34026336669921875,1.1135919094085693
0.16692055761814117,-0.0064452216029167175,1.146907091140747
0.041001096367836,0.23620501160621643,0.7916669845581055
-0.05372500419616699,0.2638172209262848,0.8604033589363098
-0.4042038023471832,-0.10111524164676666,1.1849801540374756
-0.03672491014003754,0.22693109512329102,1.1094149351119995
0.166512131690979,-0.24507872760295868,1.4240748882293701
-0.15132920444011688,0.14770475029945374,1.1311399936676025
-0.38279008865356445,-0.4510194957256317,0.9746869802474976
0.21954649686813354,0.6726738810539246,0.8498392105102539
0.05620355159044266,-0.4537844657897949,0.9854012727737427
-0.8033738732337952,0.017155475914478302,1.31751549243927
-0.3840119540691376,-0.5472217798233032,1.1111980676651
-0.30642539262771606,0.4688642621040344,1.196668028831482
0.10719845443964005,-0.021827399730682373,0.785253643989563
-0.11254565417766571,-0.5663199424743652,1.3610631227493286
-0.15349319577217102,0.3563452959060669,1.3309835195541382
-0.5413479804992676,-0.04074597358703613,1.5025098323822021
-0.21225406229496002,0.4434090852737427,0.8206145763397217
-0.11424314975738525,-0.46523773670196533,1.0379669666290283
-0.6448454856872559,0.5155740976333618,0.5763372778892517
0.24079325795173645,0.19547784328460693,1.080849289894104
0.21856912970542908,-0.07839024066925049,1.3635234832763672
-0.3867400586605072,-0.4844556450843811,0.9995855689048767
-0.47666800022125244,-0.5896913409233093,1.0819880962371826
-0.15071485936641693,0.5115342736244202,1.2705892324447632
-0.6168850660324097,0.6734006404876709,1.1068061590194702
-0.2745624780654907,0.6164196729660034,0.8320809006690979
-0.3458177149295807,-0.2503700256347656,1.0113301277160645
-0.486419141292572,-0.7220572233200073,0.7643609046936035
-0.19524595141410828,0.29240599274635315,0.7570244073867798
-0.05795592442154884,0.7602928280830383,1.062561273574829
-0.07697863131761551,-0.048872243613004684,1.5745761394500732
-0.3316492438316345,-0.24812619388103485,1.3664436340332031
0.291459858417511,0.06616999953985214,1.1250784397125244
-0.25494447350502014,0.31797048449516296,1.323960304260254
0.1338343620300293,0.12884120643138885,1.326100468635559
0.24138058722019196,0.5198124051094055,0.8851912617683411
-0.25559863448143005,0.36092090606689453,1.209200143814087
-0.34692931175231934,-0.32037004828453064,1.3193340301513672
-0.3124922215938568,0.710879921913147,0.9359316825866699
-0.7626660466194153,-0.3841422200202942,0.4584014415740967
-0.20201873779296875,-0.7548893690109253,1.0641558170318604
-0.7673032283782959,-0.12613487243652344,1.4083436727523804
-0.32045817375183105,-0.7025275826454163,0.9593636989593506
-0.6393336057662964,-0.04988778755068779,0.743309736251831
-0.4194674789905548,0.4878670275211334,0.8818756341934204
0.3742162883281708,-0.1785867065191269,1.003065586090088
-0.39287546277046204,-0.3589298725128174,0.9759542942047119
-1.0184580087661743,-0.08315548300743103,0.9374513626098633
-0.2530096769332886,-0.6130326390266418,1.0971558094024658
-0.24929842352867126,0.23466967046260834,1.0757112503051758
0.24613991379737854,0.28646624088287354,0.9213409423828125
0.2626402974128723,-0.2349412739276886,0.9260237216949463
-0.6304808855056763,-0.16123881936073303,0.8101555109024048
-0.4199564754962921,-0.43182238936424255,1.1873091459274292
-0.8500349521636963,0.22323358058929443,1.26375412940979
0.0753403902053833,0.5437403917312622,1.0679564476013184
-0.4289935529232025,-0.13452592492103577,1.4201546907424927
0.18380413949489594,0.20657040178775787,1.054381012916565
-0.13535219430923462,-0.18496599793434143,1.4440414905548096
-0.29354336857795715,0.6326113343238831,1.315178394317627
0.2243868112564087,-0.4909508526325226,1.0149308443069458
-0.1502419263124466,0.4294549226760864,0.7618879079818726
0.021879486739635468,0.18825483322143555,0.8793925046920776
-0.09547966718673706,0.4878225326538086,0.7934005856513977
0.2191883623600006,0.3602030277252197,1.3774051666259766
0.2278565615415573,0.11488114297389984,1.177923560142517
0.02492482215166092,0.5058833360671997,1.2463691234588623
-0.06934165954589844,0.27595993876457214,1.3532214164733887
-0.45234501361846924,0.2883448004722595,1.0090324878692627
-0.7111058235168457,0.04340718686580658,1.26692533493042
-0.15705934166908264,-0.2935556173324585,0.858044445514679
0.0036763548851013184,0.41845497488975525,1.1454766988754272
0.1334681659936905,0.18201273679733276,1.211164116859436
-0.2785318195819855,-0.2564408779144287,1.062575101852417
-0.4338979125022888,-0.31822827458381653,1.2651827335357666
-0.0315568670630455,-0.352840393781662,1.2779648303985596
-0.34054097533226013,-0.5659489631652832,1.037602424621582
0.41314512491226196,-0.2621110677719116,0.8378713726997375
-0.1195579543709755,0.5500878691673279,0.803905725479126
-0.5916283130645752,0.1030682623386383,0.7101879119873047
-0.11488479375839233,0.5386874675750732,1.406697392463684
-0.37382781505584717,-0.3707461357116699,0.911097526550293
-0.023929670453071594,-0.5165045261383057,1.116713285446167
-0.6878968477249146,-0.030307941138744354,0.8846316933631897
-0.12814301252365112,0.6807671785354614,1.2288316488265991
0.1835046410560608,-0.3248402178287506,1.2774664163589478
-0.3787471354007721,-0.19747285544872284,1.2940711975097656
-0.12469247728586197,0.21367739140987396,1.1505529880523682
-0.42538243532180786,0.12007232010364532,1.1694186925888062
-0.6582435965538025,-0.44351935386657715,0.8070955276489258
-0.35615041851997375,-0.12248490750789642,1.1927952766418457
0.02113262005150318,-0.4190160930156708,1.0842758417129517
-0.08348583430051804,-0.13357722759246826,1.2396042346954346
0.1479371190071106,-0.16147470474243164,0.7711153030395508
-0.4474056661128998,0.29992860555648804,0.8703991174697876
0.23261979222297668,-0.012284447439014912,0.9275197982788086
-0.21232999861240387,0.1736757606267929,1.5642122030258179
-0.5560555458068848,0.2220628261566162,0.5898224711418152
0.3998887538909912,0.39177536964416504,1.1232881546020508
-0.14627580344676971,-0.1072426587343216,1.5793795585632324
-0.4285508096218109,-0.07741260528564453,0.8619250059127808
0.036138974130153656,0.0646711140871048,0.9354833364486694
-0.04026911407709122,-0.6478434205055237,1.078661561012268
-0.9506694078445435,0.1951819360256195,0.8808104991912842
-0.004977382719516754,0.06335364282131195,1.4318675994873047
-0.4759044349193573,-0.012044258415699005,1.3863049745559692
-0.5830121040344238,-0.21938452124595642,1.3649003505706787
-0.5427007675170898,-0.3656007647514343,1.3393468856811523
-0.15406803786754608,0.43140435218811035,1.197229266166687
-0.4025079011917114,0.5823938846588135,1.150172233581543
-0.5897035598754883,0.20960623025894165,0.6848009824752808
0.002977795898914337,0.34543222188949585,0.8963595032691956
-0.582451343536377,-0.45442116260528564,1.1958963871002197
-0.4675391912460327,-0.09603466093540192,1.2155085802078247
-0.2763810455799103,-0.3465065360069275,1.4862143993377686
-0.3754783570766449,-0.29870396852493286,1.5223655700683594
-0.392928808927536,-0.4219397306442261,1.2447893619537354
-0.28164005279541016,-0.22267457842826843,1.5484275817871094
0.033419594168663025,0.20181341469287872,0.8267607688903809
0.2288723587989807,-0.30995550751686096,1.1075087785720825
-0.4950048327445984,-0.11971881985664368,0.9884969592094421
-0.12195753306150436,-0.21184007823467255,1.3596516847610474
-0.07416919618844986,-0.11651565879583359,1.380688190460205
-0.04863091558218002,-0.286284476518631,0.8474634885787964
0.27154141664505005,-0.3787316679954529,1.1371784210205078
0.14255477488040924,-0.3182060718536377,1.3018962144851685
-0.5137935876846313,-0.01956344023346901,1.244526982307434
0.037199750542640686,-0.2747461497783661,0.8324049711227417
-0.2258296012878418,0.1534034013748169,1.505316138267517
0.1738048493862152,0.10729268938302994,1.2673406600952148
-0.5836594104766846,0.25218695402145386,1.3296022415161133
0.27426573634147644,-0.3596969246864319,1.1112124919891357
-0.45700663328170776,0.6573176383972168,0.6381782293319702
0.01494414359331131,0.10882553458213806,1.2763562202453613
0.038143306970596313,-0.3217744529247284,1.0489087104797363
-0.12440413236618042,0.6270360946655273,1.1386722326278687
0.04635506868362427,0.22954697906970978,0.7959907650947571
-0.010121621191501617,0.09794902801513672,1.4784951210021973
-0.7670971751213074,-0.27714109420776367,0.8068414926528931
-0.855975329875946,0.23228690028190613,1.0035375356674194
0.0842645913362503,-0.3134496212005615,1.473114252090454
0.2206246256828308,-5.1291659474372864e-05,1.1265859603881836
-0.0938694179058075,-0.16924141347408295,1.4490667581558228
-0.474416047334671,-0.492522656917572,1.2340282201766968
-0.1298343390226364,-0.4505399465560913,1.2991864681243896
0.0645637959241867,0.2391505241394043,1.0698857307434082
-0.22510641813278198,0.7890112400054932,1.088706135749817
-0.3045823872089386,0.1064148098230362,1.5534937381744385
-0.6510189771652222,-0.37428411841392517,0.6021826267242432
-0.7666719555854797,-0.32875555753707886,0.5976189374923706
-0.7409328818321228,0.531817615032196,0.7814047336578369
-0.3986949920654297,-0.30682504177093506,1.1460798978805542
-0.010863620787858963,-0.10410892963409424,1.5114613771438599
0.3590295910835266,0.029278308153152466,1.3669383525848389
0.030100807547569275,0.14462898671627045,0.7872413396835327
-0.84725022315979,-0.3171437978744507,1.0314013957977295
-0.38029828667640686,-0.3635239601135254,1.0868711471557617
0.1104683130979538,-0.11307936161756516,1.2003265619277954
0.0164882093667984,0.4162246584892273,0.7970987558364868
0.33581456542015076,-0.26645293831825256,0.872505784034729
-0.27390432357788086,0.3189809322357178,1.3003647327423096
-0.5670463442802429,0.6239231824874878,0.98514723777771
0.04217473417520523,-0.23442962765693665,1.4264142513275146
-0.19480036199092865,-0.1840495467185974,1.559725284576416
-0.46254339814186096,-0.23075243830680847,1.3319453001022339
-0.7323474287986755,0.4794069826602936,1.2585512399673462
0.07444820553064346,0.4495018720626831,1.185146450996399
-0.11674685776233673,-0.6058870553970337,0.7584295272827148
-0.42329907417297363,0.2590212821960449,1.2100578546524048
-0.08267022669315338,0.3285380005836487,1.183072805404663
-0.6883288025856018,-0.15052330493927002,1.3846944570541382
-0.28077778220176697,0.5819762349128723,1.2244174480438232
-0.25955671072006226,0.6850553154945374,1.2703131437301636
0.12014098465442657,-0.2153938114643097,1.4901313781738281
-0.6622316241264343,0.4071403443813324,1.0947108268737793
-0.22599075734615326,0.5161235332489014,0.8080107569694519
-0.4738083481788635,-0.2886485159397125,1.3702434301376343
0.010986289009451866,0.5327440500259399,1.1475048065185547
0.07285937666893005,-0.5439231395721436,1.1310739517211914
-0.7666124105453491,-0.2965715527534485,1.2157853841781616
-0.7437179684638977,0.5332646369934082,0.6148768067359924
-0.5742560625076294,-0.0644407644867897,1.358075499534607
-0.4764793813228607,-0.02317368984222412,1.250684142112732
-0.6593716740608215,0.19729119539260864,0.9486311078071594
0.09314033389091492,-0.030208081007003784,0.8061217665672302
-0.1717105656862259,-0.025894224643707275,1.376341462135315
-0.3006417155265808,0.3962356448173523,1.1482850313186646
-0.2034555822610855,-0.11748866736888885,1.5315827131271362
-0.6016450524330139,-0.048128753900527954,1.2149341106414795
-0.6646932363510132,0.2783968448638916,1.2684553861618042
0.09287559986114502,0.3478771150112152,1.0756134986877441
-0.7685630917549133,-0.43983525037765503,1.223250389099121
-0.4672735929489136,-0.008865565061569214,1.3305346965789795
0.08435221016407013,0.35865241289138794,0.8176878690719604
-0.7785187363624573,-0.4851510524749756,0.9285550117492676
0.119293212890625,0.3653222918510437,1.2267695665359497
0.1915450245141983,-0.33771806955337524,1.2848503589630127
-0.39035359025001526,-0.4195638597011566,0.9239035844802856
0.38516780734062195,0.15089787542819977,1.3111927509307861
-0.3081454038619995,0.45695626735687256,0.8131679892539978
-0.035137955099344254,-0.2986695468425751,0.8371816873550415
0.04580875486135483,0.45833849906921387,1.243853211402893
0.1536349058151245,-0.33674734830856323,1.124569058418274
-0.5663336515426636,-0.16075322031974792,1.077059030532837
-0.5064088106155396,-0.5118237137794495,1.2767882347106934
-0.03716902434825897,0.5978450179100037,1.1726932525634766
-0.6277496218681335,0.09167835861444473,0.9920071959495544
-0.24393470585346222,0.7299253344535828,1.1078580617904663
-0.08606250584125519,-0.2277955561876297,1.4308679103851318
-0.0284467414021492,0.3425685465335846,0.9254546165466309
-0.8813495635986328,0.06135920435190201,1.2313092947006226
-0.6203942894935608,0.2993302345275879,0.36496347188949585
-0.09053817391395569,-0.3077152669429779,1.1140437126159668
0.3427913784980774,0.4880261719226837,1.0971765518188477
0.2388952672481537,0.42529669404029846,0.8423171043395996
-0.069767527282238,0.04566659778356552,1.5270568132400513
-0.5657666921615601,0.7336603403091431,0.7784997224807739
-0.10167469829320908,0.19317689538002014,1.2781213521957397
0.042863402515649796,-0.043482281267642975,1.375657320022583
-0.15952378511428833,-0.2221507430076599,1.266339659690857
0.0833560973405838,0.14014115929603577,1.0858255624771118
0.05240713804960251,-0.1264558583498001,0.7771269083023071
-0.10459788888692856,0.6134638786315918,1.2144105434417725
-0.5564852356910706,0.343575119972229,0.43256741762161255
0.20739883184432983,0.12973114848136902,1.1836678981781006
-0.47614583373069763,0.15992586314678192,1.0635764598846436
-0.3676437735557556,-0.7337303161621094,0.9705178141593933
-0.45743101835250854,0.5722506642341614,1.042135238647461
-0.10968098044395447,-0.28079748153686523,1.1381374597549438
0.14123836159706116,0.2893292009830475,1.0847002267837524
-0.4828416109085083,-0.19370798766613007,1.4195334911346436
-0.6010556221008301,-0.19715574383735657,0.8909338712692261
-0.01814854145050049,0.4548598527908325,1.3647444248199463
-0.1590936779975891,-0.3856724500656128,1.1101629734039307
-0.6102964878082275,-0.6367630362510681,1.096679449081421
-0.013979621231555939,0.38202938437461853,1.162519931793213
-0.2043638825416565,0.5060825347900391,0.8064388036727905
-0.48025548458099365,-0.04442829638719559,0.7537181973457336
0.27274468541145325,0.5433915853500366,1.1196317672729492
-0.28720778226852417,-0.09222899377346039,1.2516340017318726
-0.504548192024231,-0.21293269097805023,1.2795145511627197
-0.3712817430496216,0.18308666348457336,1.3250668048858643
-0.258300244808197,0.42849040031433105,1.4463927745819092
0.2350720763206482,0.09392863512039185,1.404829740524292
-0.6581454277038574,0.12314063310623169,1.1486303806304932
0.10539820790290833,0.2619791030883789,1.2419776916503906
-0.49537307024002075,0.09103072434663773,1.3318105936050415
-0.4510011076927185,-0.14312724769115448,1.2772947549819946
-0.7596336603164673,0.2727682888507843,1.1246317625045776
-0.08356620371341705,-0.6850144863128662,0.7545812129974365
-0.4100656509399414,-0.10049919039011002,1.4740544557571411
-0.6897228360176086,-0.07382787764072418,1.0546777248382568
0.15658137202262878,0.5013517737388611,1.2811185121536255
0.1325603574514389,0.5814030766487122,0.9313765168190002
-0.1247725784778595,-0.732457160949707,0.9892164468765259
-0.04181694984436035,-0.36953288316726685,1.2775039672851562
-0.266061007976532,0.4195358157157898,1.225374698638916
-0.555945634841919,0.3157927393913269,0.9896711111068726
-0.42074671387672424,-0.1920185089111328,1.1895630359649658
-0.42188090085983276,0.7159406542778015,1.1870242357254028
-0.04944977909326553,-0.3243634104728699,1.4174610376358032
0.09438182413578033,-0.37083688378334045,0.8246093988418579
-0.08888781070709229,-0.22375819087028503,0.824211597442627
-0.21787908673286438,-0.2838638424873352,1.3225420713424683
-0.4894579350948334,-0.329362690448761,1.3481425046920776
0.014951484277844429,-0.43178483843803406,1.3752111196517944
-0.14459139108657837,0.2535848021507263,1.3959254026412964
-0.3620944917201996,-0.6164072751998901,1.2351605892181396
-1.0189460515975952,0.1973855197429657,0.9200428128242493
0.11664137244224548,-0.07683549076318741,0.9972575306892395
-0.263266384601593,0.3149215579032898,1.537682294845581
-0.3591362237930298,-0.49555709958076477,1.124836802482605
-0.1590288281440735,-0.2194902002811432,1.0406514406204224
-0.012837126851081848,0.21343621611595154,1.1022818088531494
-0.2881294786930084,0.7979243397712708,0.7535834312438965
0.03696717321872711,0.25409287214279175,1.230820894241333
-0.6296384334564209,-0.2302698791027069,1.449399471282959
-0.07995456457138062,0.12145408987998962,1.3603113889694214
-0.7193341255187988,0.3478110432624817,1.1923034191131592
0.29408732056617737,0.3751397430896759,0.9225172996520996
0.25809961557388306,0.08223191648721695,1.067986249923706
-0.35468220710754395,-0.19743838906288147,0.9162249565124512
-0.5711165070533752,0.23679456114768982,0.5694546103477478
0.18130576610565186,-0.3066897690296173,1.0443506240844727
-0.21501819789409637,0.5247501134872437,1.0809299945831299
-0.8120532035827637,0.30793431401252747,1.0288822650909424
-0.38602086901664734,-0.269243061542511,1.0256925821304321
-0.2756752371788025,0.6431540250778198,1.0546226501464844
-0.17647017538547516,-0.2219952642917633,0.7940932512283325
0.04568666219711304,0.18345388770103455,1.2903950214385986
-0.11776300519704819,-0.29078179597854614,1.333533525466919
-0.7606217861175537,0.017400816082954407,1.3377296924591064
-0.19094222784042358,-0.5815180540084839,1.2371046543121338
-0.2661621570587158,-0.5869178175926208,0.8743657469749451
-0.431593656539917,0.11708192527294159,1.3750590085983276
-0.3814413547515869,-0.47935354709625244,1.4221949577331543
-0.7210636138916016,-0.15183338522911072,1.3496158123016357
-0.7566566467285156,0.07587184011936188,1.1540074348449707
0.21475590765476227,0.07137094438076019,1.3926986455917358
-0.004179008305072784,-0.27255329489707947,1.2639843225479126
-0.41936343908309937,-0.4037458598613739,1.4782776832580566
-0.20422984659671783,-0.3078315854072571,1.4364367723464966
-0.536823034286499,0.09358036518096924,1.402939796447754
0.4044443666934967,0.3137337267398834,1.1040880680084229
-0.9125705361366272,0.2114841192960739,0.7292072176933289
0.10539330542087555,-0.14747026562690735,1.5206454992294312
0.28471139073371887,-0.011845642700791359,1.2465453147888184
-0.47532597184181213,0.731458842754364,0.7646834254264832
-0.15530726313591003,0.4423640966415405,1.3571765422821045
-0.15523433685302734,0.6181301474571228,1.0256154537200928
-0.3229643702507019,-0.020668677985668182,1.3728183507919312
-0.812136173248291,0.07560446858406067,1.1244726181030273
0.19686701893806458,0.12823376059532166,0.9399899244308472
-0.012652719393372536,-0.2840173840522766,1.4522101879119873
-0.10479216277599335,0.4663630723953247,0.8542423844337463
-0.5379993915557861,-0.40128031373023987,1.2757843732833862
0.06057729572057724,0.0448867529630661,1.152512550354004
-0.086709164083004,-0.15006417036056519,0.8188037872314453
-0.6942697763442993,-0.4150310754776001,1.0136574506759644
-9.713880717754364e-05,0.4741911292076111,1.2427170276641846
-0.13334384560585022,-0.19637581706047058,1.352034091949463
-0.5769680142402649,0.5787672996520996,1.2073242664337158
-0.3568735122680664,0.17760559916496277,1.1484206914901733
-0.6350871324539185,0.3976898491382599,0.41628265380859375
-0.4774816036224365,-0.5507930517196655,1.1124989986419678
-0.11006812006235123,0.6814391613006592,0.6411720514297485
-0.3931531310081482,0.05746687203645706,1.1742602586746216
0.4006175696849823,0.1653727889060974,1.1224476099014282
-0.41925740242004395,-0.2717401087284088,1.4318208694458008
0.1946406215429306,0.2002616822719574,0.9604716300964355
-0.7920872569084167,0.1706857681274414,1.1404078006744385
0.28940513730049133,0.48737862706184387,1.0706756114959717
0.21858985722064972,0.21010586619377136,1.4129232168197632
-1.0101701021194458,0.1552852988243103,0.9964054226875305
-0.7360320687294006,0.4509580135345459,0.5655879974365234
-0.6219603419303894,-0.18928676843643188,0.9166899919509888
-0.009156011044979095,0.027944065630435944,1.3146085739135742
0.18292446434497833,-0.41607147455215454,1.218369722366333
-0.4946030378341675,0.668083906173706,0.8333854675292969
-0.5475175380706787,0.13485653698444366,0.9677834510803223
-0.5671504735946655,0.07755162566900253,1.1554083824157715
-0.339950293302536,0.6887965202331543,1.2742995023727417
-0.3374272584915161,0.6423172950744629,0.9648473858833313
-0.22131580114364624,-0.6031689047813416,1.1709051132202148
-0.2257312834262848,0.7057065963745117,1.2633637189865112
-0.7654567360877991,-0.008422676473855972,1.1756099462509155
0.15194109082221985,-0.04924499988555908,1.369113564491272
0.07935605198144913,0.2453928291797638,1.0282907485961914
0.01329447329044342,-0.10411929339170456,1.1222400665283203
0.0891815796494484,-0.18030060827732086,1.3914074897766113
-0.011326123028993607,0.7863367795944214,0.8744343519210815
-0.11515315622091293,-0.17821097373962402,1.2952911853790283
0.28778788447380066,0.6045423746109009,0.8147984743118286
-0.28718289732933044,-0.2767636477947235,0.8105951547622681
-0.16670271754264832,-0.5847901105880737,0.9588871002197266
-0.29794877767562866,-0.23862051963806152,1.4340921640396118
0.047818832099437714,0.7697266936302185,0.8431506156921387
0.19422978162765503,-0.5007880926132202,1.2387466430664062
0.021749332547187805,0.029006458818912506,1.142048716545105
0.19782070815563202,-0.30671998858451843,0.9486055970191956
-0.6187644600868225,-0.5377485752105713,1.0488059520721436
-0.5708793997764587,0.1084759458899498,1.5247645378112793
-0.522910475730896,0.5699674487113953,1.111223816871643
-0.5773060917854309,-0.291750967502594,1.170742392539978
0.031120598316192627,-0.11641416698694229,0.8153992891311646
0.02262420952320099,0.3645043671131134,1.2102023363113403
-0.4724743068218231,-0.1382540762424469,0.9097667932510376
0.09283432364463806,0.6278156638145447,0.8686639666557312
-0.20447669923305511,0.2219899743795395,1.3494064807891846
0.12860964238643646,-0.2745708227157593,1.0736266374588013
-0.0676916092634201,0.19956576824188232,1.3190826177597046
0.48928672075271606,0.05954233929514885,1.1069297790527344
-0.7241291999816895,0.21178510785102844,0.795486569404602
-0.19728773832321167,-0.20978832244873047,1.2207672595977783
0.152080237865448,0.4098774194717407,1.0190393924713135
-0.11702494323253632,0.3089945316314697,1.2244240045547485
-0.35435569286346436,0.335167795419693,1.4530305862426758
-0.08326259255409241,0.15041054785251617,1.5729740858078003
-0.09005650877952576,0.6633691787719727,1.2330117225646973
0.23817352950572968,-0.3782625198364258,0.9903526902198792
-0.30919018387794495,-0.6003970503807068,1.002155065536499
0.09365303814411163,-0.19157007336616516,1.3251093626022339
-0.29476746916770935,-0.6475029587745667,1.1081254482269287
-0.1837632656097412,-0.17816007137298584,1.1832714080810547
0.35007524490356445,-0.2812870442867279,1.0569307804107666
-0.5506778359413147,0.1755543351173401,0.8614778518676758
-0.03440026938915253,0.5535135269165039,0.7819101810455322
0.43051284551620483,-0.12881413102149963,1.2527681589126587
0.22103270888328552,0.6521335244178772,1.0066864490509033
-0.39015623927116394,0.5993911027908325,0.8108203411102295
-0.30900177359580994,0.5850998759269714,1.3013323545455933
0.4083270728588104,0.36414045095443726,0.935374915599823
0.11095660924911499,-0.35648098587989807,1.4296232461929321
0.03533008694648743,-0.19168776273727417,1.5358842611312866
-0.89332515001297,-0.06690683215856552,1.252689242362976
0.14800310134887695,-0.4358305037021637,0.9908650517463684
-0.6278949975967407,-0.30464041233062744,1.2525125741958618
-0.12869936227798462,-0.7460458278656006,0.946182906627655
-0.5179038047790527,0.4733046889305115,0.7596197128295898
-0.12250056862831116,0.300544798374176,0.913909375667572
0.4064720869064331,-0.04168165102601051,1.2538304328918457
-0.17176474630832672,-0.27253031730651855,1.252336025238037
-0.06385380774736404,-0.3420066237449646,1.3047164678573608
0.025464147329330444,0.33332759141921997,1.4668887853622437
-0.216323584318161,0.7554357051849365,0.644140362739563
-0.06640125066041946,-0.1953665018081665,1.0563491582870483
-0.39665716886520386,-0.14269745349884033,1.3472168445587158
0.08765404671430588,-0.05711671710014343,1.4001003503799438
-0.05276006460189819,0.4450649321079254,0.8974339365959167
-0.4866548478603363,0.09117144346237183,1.4024338722229004
-0.5141737461090088,-0.4900955557823181,1.0092158317565918
-0.009258497506380081,0.6336722373962402,1.015619158744812
-0.0252043716609478,0.24899137020111084,1.5094393491744995
-0.3237394690513611,0.616765558719635,1.2061822414398193
-0.4947667121887207,-0.2946455478668213,1.1944031715393066
-0.11840225756168365,-0.16962918639183044,1.4461004734039307
-0.2814261317253113,-0.35853111743927,1.45919930934906
0.04458100348711014,0.5128846764564514,1.1223548650741577
0.06079097092151642,0.13021346926689148,1.316725254058838
-0.34766116738319397,0.7348645329475403,0.8905794024467468
0.34172189235687256,0.12208546698093414,1.323604941368103
-0.8191413879394531,0.19825416803359985,1.1653817892074585
-0.5563562512397766,-0.2800622582435608,0.5205175280570984
-0.6664252877235413,-0.17262880504131317,1.3630590438842773
-0.7062913775444031,-0.18829621374607086,1.0616161823272705
-0.47644174098968506,-0.5551449656486511,1.3468289375305176
0.3436923921108246,-0.5052931308746338,0.9644962549209595
0.48389631509780884,0.22176340222358704,0.9406641125679016
-0.47061488032341003,-0.41067224740982056,1.274192214012146
-0.6698917150497437,-0.293073445558548,0.7613089680671692
-0.17986981570720673,0.0810033306479454,1.4600489139556885
0.1988072693347931,0.20978060364723206,1.1319706439971924
0.09551312774419785,0.7145869135856628,0.8356499671936035
-0.01288093626499176,-0.3148590922355652,1.2295252084732056
-0.1406925916671753,-0.2337505966424942,1.304401159286499
-0.19659024477005005,0.38959506154060364,0.8033847212791443
-0.5064520239830017,0.4258062541484833,0.7829425930976868
0.03406239300966263,0.19976463913917542,0.780291736125946
-0.5631229877471924,0.284414678812027,0.6267558336257935
-0.3553227186203003,-0.39799264073371887,1.3178956508636475
-0.20808006823062897,-0.072874054312706,1.5656442642211914
-0.18802547454833984,0.6126146912574768,1.1757829189300537
-0.11170125007629395,0.16216854751110077,1.5702590942382812
-0.29081079363822937,0.36408713459968567,0.8130700588226318
-0.057232506573200226,-0.030631527304649353,1.3256937265396118
-0.7786397933959961,-0.2483072578907013,1.0782158374786377
-0.20193170011043549,0.22920019924640656,1.2678101062774658
-0.19384878873825073,0.743383526802063,0.660452663898468
0.16750584542751312,0.3283444046974182,1.3802118301391602
-0.33804523944854736,0.2670406401157379,1.555655837059021
-0.6658883690834045,-0.50128573179245,1.2581660747528076
-0.3393573462963104,0.6528998613357544,1.0060940980911255
0.08608335256576538,0.06732428818941116,1.4921112060546875
-0.06107035651803017,-0.09447081387042999,1.5543763637542725
0.3272048830986023,0.20709647238254547,1.3555612564086914
0.10576876252889633,0.18017922341823578,1.2913602590560913
-0.5428119897842407,0.31695425510406494,0.7760112285614014
0.20692652463912964,0.23274219036102295,1.322572946548462
-0.5963163375854492,0.5454607605934143,1.2850017547607422
-0.6337282657623291,-0.0915602520108223,1.0986254215240479
-0.6446586847305298,-0.020235974341630936,0.7530669569969177
-0.6759403347969055,-0.12406368553638458,1.2682944536209106
-0.15672966837882996,-0.5190472602844238,1.329244613647461
-0.4896448850631714,0.45385080575942993,1.294142723083496
-0.062465958297252655,-0.15558487176895142,1.5586795806884766
-0.09619463980197906,0.21330872178077698,1.5624701976776123
-0.10855666548013687,-0.24363493919372559,0.97627854347229
-0.17255263030529022,0.32841673493385315,1.2097663879394531
0.1545727550983429,-0.02373451739549637,1.2919648885726929
0.019535444676876068,-0.7072430849075317,1.0603440999984741
0.07498836517333984,-0.2559027075767517,1.4333775043487549
0.1889553964138031,-0.2543959617614746,1.4377479553222656
0.22409465909004211,0.05110488831996918,1.0879992246627808
-0.6883401870727539,-0.17964628338813782,1.207815170288086
0.04953495413064957,0.6350468397140503,1.136338710784912
0.1173480972647667,0.6105260848999023,0.9269008636474609
0.07742872834205627,-0.14319400489330292,0.900507390499115
0.2712549567222595,0.09838075190782547,1.2657662630081177
-0.5987409353256226,0.03851032257080078,1.5198509693145752
-0.6070432662963867,0.03674870729446411,1.5238498449325562
-0.4988500475883484,0.61374431848526,0.8805338144302368
0.15989787876605988,-0.09791480749845505,1.2302141189575195
-0.04615079611539841,-0.5168984532356262,1.2791600227355957
0.11205118149518967,0.33516865968704224,1.2241740226745605
-0.4304012060165405,-0.19150231778621674,1.2549573183059692
-0.4077819287776947,0.6080433130264282,1.2870146036148071
-0.4888991117477417,0.26091116666793823,0.7876318097114563
-0.3298770785331726,-0.7259845733642578,0.7430229783058167
0.42499592900276184,0.15512016415596008,0.803420901298523
-0.833248496055603,0.0627644807100296,0.926793098449707
0.10075713694095612,0.22079606354236603,1.3063594102859497
-0.29421234130859375,-0.13009199500083923,1.0990357398986816
-0.552045464515686,-0.1280302107334137,0.7351447343826294
0.09810759127140045,-0.24809828400611877,1.3281134366989136
-0.2195902168750763,0.560181736946106,0.940292239189148
0.10354955494403839,0.06990503519773483,1.4340248107910156
-0.4377344250679016,-0.2985413670539856,0.8614709377288818
-0.5833322405815125,0.48927998542785645,1.3162792921066284
0.2843325734138489,0.16531184315681458,1.302391529083252
-0.020349666476249695,0.37024661898612976,1.0907540321350098
0.028870701789855957,0.538735032081604,0.9119396209716797
0.14860385656356812,0.014796232804656029,1.3960964679718018
-0.2172056883573532,0.30929118394851685,0.8457692861557007
-0.06154176592826843,-0.5572642087936401,1.2596920728683472
-0.3159051835536957,0.5686830282211304,1.4048575162887573
-0.5950438976287842,-0.2019001990556717,1.3585009574890137
-0.5444782972335815,-0.3461800217628479,1.152467131614685
-0.12828212976455688,0.39489489793777466,1.0000200271606445
0.10088925063610077,0.21754474937915802,0.936725378036499
-0.7043817043304443,0.26258584856987,1.1200636625289917
0.1719132661819458,0.263337641954422,1.331803560256958
0.27299773693084717,-0.4813973605632782,1.1632554531097412
-0.11793109774589539,-0.3340071439743042,1.3186521530151367
-0.1685752272605896,-0.11214235424995422,1.569454550743103
-0.14471028745174408,0.15190733969211578,1.5193493366241455
-0.8048167824745178,-0.24345993995666504,1.0658129453659058
-0.4567180275917053,-0.021794922649860382,1.2033694982528687
0.0018913950771093369,-0.34957432746887207,0.9212099313735962
-0.2891249358654022,0.46656203269958496,1.368971824645996
-0.787068784236908,-0.2058992087841034,0.8092734217643738
-0.12194795906543732,0.3046676516532898,1.39662766456604
-0.9119411110877991,0.07057446241378784,1.1212551593780518
-0.6780316829681396,0.05512697249650955,0.6464873552322388
-0.10590048134326935,0.1377045214176178,1.155288815498352
0.3039362132549286,-0.48887526988983154,1.1497644186019897
0.007479116320610046,-0.0676397979259491,1.4840223789215088
0.44416433572769165,-0.28495293855667114,1.1348594427108765
-0.7215476632118225,0.39429980516433716,0.8877809047698975
-0.28879314661026,0.5528958439826965,1.4131418466567993
-0.3862156271934509,-0.42476773262023926,1.1549979448318481
0.32866930961608887,0.3407205045223236,1.1800780296325684
-0.0016356632113456726,-0.5247862935066223,0.7900117039680481
0.14613401889801025,-0.32148146629333496,1.1897163391113281
-0.5529388189315796,-0.5024447441101074,1.3057621717453003
-0.047700438648462296,0.06315208226442337,1.5610692501068115
0.02553725056350231,0.4568113684654236,1.1229703426361084
-0.6848275065422058,-0.38122767210006714,0.6616848111152649
-0.6504152417182922,-0.5847280025482178,1.1520105600357056
-0.058957792818546295,0.015269666910171509,1.0777342319488525
0.03752885013818741,0.1121954694390297,1.0142197608947754
-0.4436150789260864,-0.2174351066350937,1.4449234008789062
-0.4115714132785797,-0.31166863441467285,1.1210016012191772
-0.46967974305152893,-0.317480206489563,0.8868434429168701
-0.03228062018752098,0.3933370113372803,1.1282575130462646
-0.04960586130619049,0.0014262571930885315,1.5062869787216187
0.2973879277706146,-0.10060958564281464,1.1207236051559448
-0.0478229895234108,0.36549311876296997,0.7785305380821228
-0.589724600315094,0.04986727237701416,1.1819571256637573
-0.33858799934387207,-0.10186279565095901,1.2431247234344482
0.14561286568641663,0.21559228003025055,1.4068918228149414
-0.3451478183269501,-0.3116263151168823,1.3278166055679321
-0.6730198264122009,0.6260939836502075,0.9213986396789551
-0.7864524126052856,-0.02630625292658806,1.1471554040908813
-0.5623748302459717,0.3632223904132843,0.7314549684524536
0.2711920440196991,0.5781559944152832,0.9543033838272095
-0.19839361310005188,-0.5852179527282715,1.223939061164856
-0.31848037242889404,-0.5410831570625305,1.0894032716751099
-0.11903121322393417,0.14409634470939636,1.5661541223526
-0.7390937805175781,0.056223705410957336,1.3859235048294067
-0.12258640676736832,0.2814141511917114,1.4868184328079224
0.4371309280395508,0.16123758256435394,0.8902349472045898
0.12213631719350815,0.5359010696411133,1.115381121635437
0.31284576654434204,0.27793586254119873,1.0375657081604004
-0.008757203817367554,0.29268717765808105,1.1399306058883667
0.06908868998289108,-0.07743997871875763,1.3424105644226074
-0.4745001196861267,-0.388857901096344,0.8159952759742737
-0.07070015370845795,-0.18435797095298767,1.5453755855560303
-0.5201177597045898,-0.1241275891661644,1.2919625043869019
-0.7747077941894531,-0.010769430547952652,1.0007760524749756
-0.15710696578025818,-0.7591578364372253,0.7396206259727478
-0.3290979266166687,0.4401656687259674,1.0109171867370605
-0.9774561524391174,-0.08717626333236694,1.0188426971435547
0.1882951259613037,-0.19686195254325867,1.3518500328063965
-0.8427338600158691,0.5053314566612244,0.9761215448379517
0.11125198006629944,0.0946635752916336,1.2588310241699219
-0.7203485369682312,-0.3059554994106293,1.2066891193389893
0.07663333415985107,-0.4464297592639923,1.3980079889297485
-0.12702369689941406,0.7055543661117554,0.6137010455131531
-0.1505533754825592,0.04820115119218826,1.5747207403182983
-0.49399393796920776,0.6563749313354492,0.7729165554046631
-0.40809303522109985,0.5163925886154175,1.406057357788086
0.12560132145881653,-0.15380264818668365,0.8680623173713684
-0.5683062076568604,0.03621864318847656,0.689706027507782
-0.9035656452178955,-0.0802324190735817,1.052748203277588
-0.1406426578760147,0.42836347222328186,1.3750033378601074
0.5531072020530701,0.011741507798433304,0.8671281337738037
0.05223695933818817,0.3384672999382019,0.9959362745285034
0.4038882851600647,-0.05586222559213638,0.9924929141998291
0.06752847135066986,0.12532973289489746,1.180572748184204
-0.6475752592086792,0.6042273044586182,0.5545106530189514
0.4138561189174652,-0.2338634431362152,1.0566569566726685
-0.6424306035041809,0.09453872591257095,0.46129024028778076
-0.6327655911445618,0.39193829894065857,1.0330435037612915
-0.3177797794342041,-0.2595018446445465,1.2953627109527588
-0.15460339188575745,0.158389613032341,1.4532808065414429
-0.19432015717029572,-0.30549877882003784,1.4595619440078735
0.352952241897583,0.017579827457666397,1.3048065900802612
0.207545205950737,-0.057755157351493835,1.1436030864715576
-0.5933908820152283,-0.08794592320919037,1.502303957939148
-0.3632989525794983,-0.3550620973110199,1.3922842741012573
-0.07291606068611145,0.6067376136779785,1.290811538696289
-0.16657154262065887,0.15149140357971191,1.0915501117706299
-0.20853181183338165,0.6810664534568787,1.1789788007736206
0.07628324627876282,0.3116924464702606,1.2332515716552734
-0.5645096302032471,0.21101424098014832,0.7674307823181152
-0.018227469176054,-0.37537065148353577,1.1865966320037842
0.14043362438678741,-0.4615263342857361,1.3430196046829224
-0.09030695259571075,0.15360082685947418,1.463573932647705
-0.3573550879955292,-0.043903231620788574,1.2132530212402344
-0.9978460669517517,0.15930451452732086,1.045716404914856
0.09870824217796326,-0.33516815304756165,1.0613871812820435
-0.4797249138355255,0.438894122838974,1.3969078063964844
-0.0025385841727256775,0.09295674413442612,0.7696531414985657
-0.5611439347267151,0.5817749500274658,1.1137721538543701
-0.5482696294784546,0.1322634369134903,0.8088081479072571
-0.6697761416435242,0.10948947817087173,0.8848034143447876
-0.47838637232780457,-0.5888034105300903,1.208219051361084
-0.5336167812347412,-0.08309954404830933,1.3795692920684814
-0.29075589776039124,-0.33235129714012146,1.3205327987670898
0.09044869989156723,-0.024892181158065796,1.4647538661956787
0.06250462681055069,0.1904977560043335,0.7947770357131958
0.29683730006217957,0.07530131936073303,1.0185185670852661
-0.7971675395965576,-0.13988594710826874,0.9951258897781372
-0.4281468689441681,0.44220200181007385,1.4213073253631592
-0.32497596740722656,0.08432427793741226,1.181264042854309
-0.24686592817306519,-0.4095287621021271,1.3747906684875488
-0.22079667448997498,-0.22949278354644775,1.5582998991012573
-0.07949995994567871,-0.17801396548748016,1.0226587057113647
-0.5340776443481445,0.24528686702251434,1.4222029447555542
-0.4531979560852051,0.7068692445755005,0.8915413618087769
-0.13828563690185547,0.3164125680923462,0.9148630499839783
-0.11376433819532394,-0.2617185413837433,1.4681328535079956
-0.0036001019179821014,0.4755341708660126,1.1249940395355225
-0.2034096121788025,0.4779452383518219,1.2319581508636475
-0.5548937320709229,-0.19616509974002838,1.1118371486663818
-0.70909184217453,0.609404444694519,0.5974195599555969
0.0350043848156929,0.10708698630332947,1.4901940822601318
0.17670345306396484,-0.19852256774902344,0.9708568453788757
-0.7129862308502197,-0.4284353256225586,0.9838361144065857
-0.052375443279743195,-0.29600730538368225,1.3048601150512695
0.19708850979804993,0.015999551862478256,1.40304434299469
-0.7845917344093323,-0.01563383638858795,0.42514127492904663
-0.37918537855148315,-0.7170239090919495,0.7017297744750977
-0.2861191928386688,0.38148659467697144,0.852491021156311
0.27893346548080444,-0.07068082690238953,0.9356161952018738
-0.5026700496673584,0.5888835191726685,1.0340423583984375
-0.1880454421043396,0.37082523107528687,1.5194896459579468
0.19553644955158234,0.09479118883609772,0.7775198221206665
-0.11369027942419052,-0.38840633630752563,1.4795527458190918
0.15527942776679993,0.693974494934082,0.9836215972900391
-0.07964446395635605,0.3548383116722107,1.4170804023742676
0.022258130833506584,0.5725728869438171,1.2613823413848877
-0.07002412527799606,-0.4710305631160736,0.7563280463218689
-0.35810911655426025,0.47704756259918213,1.2174195051193237
0.09236819297075272,0.07282784581184387,1.4300012588500977
-0.4633614718914032,0.19843460619449615,1.0717964172363281
-0.07332147657871246,-0.3013036251068115,1.3798750638961792
0.41658395528793335,-0.32163217663764954,1.0363940000534058
0.09104016423225403,0.09487484395503998,1.0364089012145996
0.17871010303497314,-0.34572288393974304,0.7848762273788452
0.0549917109310627,0.02235548198223114,0.7609996199607849
0.016018599271774292,0.39864033460617065,1.2385443449020386
-0.6660465002059937,-0.37172380089759827,1.1714880466461182
-0.11723564565181732,-0.3597700595855713,1.0810285806655884
-0.8035286664962769,0.011883765459060669,1.282108187675476
0.019568290561437607,-0.5730802416801453,0.9621219635009766
-0.18196327984333038,0.31885024905204773,0.8249669671058655
-0.39281266927719116,0.35642215609550476,1.2747420072555542
-0.6015450954437256,-0.0631946548819542,1.4195847511291504
-0.7216455340385437,0.6323777437210083,0.9995548725128174
-0.8340539932250977,0.5477950572967529,0.7638264894485474
0.18859446048736572,-0.6002869606018066,0.8702357411384583
-0.40225034952163696,-0.2580706477165222,1.1457237005233765
-0.1493830382823944,0.2559467852115631,1.5326205492019653
-0.6893860101699829,-0.32663649320602417,1.2454866170883179
-0.06790070235729218,-0.6711380481719971,0.8242232799530029
-0.3857186436653137,-0.3409171998500824,1.0756579637527466
0.04359300807118416,-0.16739818453788757,1.303274393081665
0.3799827992916107,-0.23918357491493225,0.8210889101028442
-0.2531198561191559,-0.44301363825798035,1.2575113773345947
0.44091445207595825,-0.283034086227417,1.1136728525161743
0.2556522786617279,0.5021183490753174,1.2391127347946167
0.11708387732505798,0.1553070843219757,1.3722723722457886
-0.3705223500728607,-0.30209314823150635,1.246016502380371
-0.5154609084129333,-0.08618171513080597,1.4593262672424316
0.12819361686706543,-0.32481449842453003,0.8614108562469482
-0.27503952383995056,0.529489278793335,1.3428614139556885
0.4908198416233063,0.19497233629226685,1.0923290252685547
-0.6176864504814148,-0.15848827362060547,1.4555524587631226
-0.036348119378089905,0.49534744024276733,1.4404857158660889
0.08854276686906815,-0.08491592109203339,0.778147280216217
-0.13797786831855774,-0.06431089341640472,1.1868712902069092
-0.09308017790317535,0.0627867579460144,1.0981281995773315
-0.10248228907585144,0.2549523115158081,1.0718772411346436
0.13133253157138824,-0.3787045180797577,0.7868695855140686
0.16615375876426697,0.3513350188732147,1.336334228515625
-0.023686423897743225,-0.21616299450397491,1.0168691873550415
-0.28141069412231445,0.5190104842185974,1.308793544769287
-0.18899905681610107,0.224471315741539,1.1952850818634033
-0.6589043736457825,-0.044571779668331146,1.3161113262176514
-0.3637824058532715,0.4350827932357788,1.2917224168777466
-0.8409333229064941,-0.04984287917613983,1.3481653928756714
-0.11664120852947235,-0.6289905309677124,1.2383710145950317
-0.4732630252838135,-0.04402001202106476,1.2512662410736084
-0.6772984862327576,0.026098206639289856,1.2655881643295288
0.002642860636115074,-0.5064277052879333,1.284010887145996
-0.35320597887039185,-0.6639506220817566,0.7572742700576782
0.04778125509619713,0.23027817904949188,1.23204505443573
0.23440778255462646,0.14953327178955078,1.0230984687805176
-0.5626482963562012,0.4592176675796509,1.4061521291732788
0.042457424104213715,-0.35648366808891296,1.4635204076766968
-0.26080629229545593,0.2912438213825226,0.8307738900184631
0.02700483798980713,-0.14035116136074066,1.375092625617981
-0.17437218129634857,0.48748257756233215,0.9913018941879272
-0.8211227655410767,0.3710640072822571,1.1700917482376099
-0.8537405133247375,0.22756876051425934,1.2872506380081177
0.005163520574569702,0.5366867780685425,1.2020399570465088
-0.2197604775428772,-0.3097512423992157,1.2919528484344482
-0.1477343738079071,-0.23807427287101746,1.350968837738037
-0.4563486874103546,0.22526293992996216,0.8248518705368042
0.11137151718139648,-0.5340179800987244,1.23952317237854
0.1893564760684967,-0.28874731063842773,0.9306614995002747
-0.19303466379642487,-0.05458850786089897,1.5352511405944824
-0.03008652850985527,-0.45807749032974243,1.3031991720199585
0.2497442662715912,0.4419628083705902,1.127480149269104
0.24785995483398438,0.051258236169815063,0.8188654184341431
0.11131651699542999,0.23264066874980927,1.3857580423355103
-0.7843920588493347,0.36830469965934753,0.7056080102920532
0.39082837104797363,-0.3483216464519501,0.825037956237793
-0.32311615347862244,-0.44504332542419434,0.9065659642219543
-0.012810654938220978,-0.4974239766597748,1.2535889148712158
-0.06606677174568176,0.5339218378067017,1.193411946296692
-0.3826977014541626,0.7169007062911987,1.0850529670715332
-0.5676987767219543,0.0003367513418197632,1.2982497215270996
-0.1429477483034134,0.11246958374977112,1.5770082473754883
0.4058595895767212,-0.44008129835128784,0.8520014882087708
0.1088164895772934,0.11364569514989853,1.4824104309082031
0.44210729002952576,-0.39068859815597534,0.8511133790016174
-0.06521942466497421,-0.13002946972846985,1.0060185194015503
0.1389155238866806,-0.14401592314243317,1.2676477432250977
-0.19114133715629578,0.47239115834236145,1.0679616928100586
-0.5089340209960938,-0.1450863480567932,1.2531837224960327
-0.14821839332580566,0.3686659336090088,1.362417221069336
-0.21327731013298035,-0.49088478088378906,1.2178308963775635
-0.5312782526016235,0.2797510623931885,0.6825976967811584
0.12873512506484985,-0.31769850850105286,1.0313019752502441
-0.06626050919294357,-0.07999782264232635,1.2581467628479004
0.11218701303005219,0.004357054829597473,1.1609742641448975
-0.44815587997436523,-0.7478622198104858,0.809471607208252
0.14318442344665527,0.15006491541862488,1.2877593040466309
-0.6830901503562927,0.45899879932403564,1.2786951065063477
-0.6514554023742676,0.16019883751869202,0.9393624067306519
-0.5216322541236877,0.16896674036979675,0.7311254739761353
0.1018417626619339,0.5173300504684448,1.3176621198654175
0.20810726284980774,0.06245351955294609,1.3496447801589966
-0.19199612736701965,0.25922882556915283,1.2867026329040527
0.2823072075843811,0.05789586901664734,1.318887710571289
0.36928296089172363,0.08017570525407791,1.0765854120254517
0.4502241909503937,-0.03289778530597687,1.1637115478515625
-0.5341275930404663,0.12506583333015442,0.7820833921432495
-0.5423731803894043,0.038541533052921295,1.4779243469238281
-0.41744405031204224,0.41725292801856995,0.8788068294525146
-0.8262237310409546,0.028488993644714355,1.1610976457595825
0.15994542837142944,0.3846711814403534,0.9973894357681274
-0.4581966996192932,0.11463920772075653,0.852847695350647
-0.6039232015609741,0.6660683155059814,1.1155481338500977
-0.7484207153320312,0.05058196187019348,0.6631845235824585
-0.19227972626686096,-0.20759563148021698,0.9919703006744385
-0.08633355796337128,0.6789267659187317,1.2403217554092407
0.3005311191082001,-0.30097588896751404,1.0015881061553955
-0.06641282141208649,-0.15278670191764832,1.408116102218628
-0.5809439420700073,0.7052159309387207,0.7248331904411316
0.13564662635326385,-0.03271310031414032,1.1662654876708984
-0.39234763383865356,-0.6217824816703796,1.0433385372161865
-0.33099812269210815,0.7114651203155518,1.1342157125473022
0.24266481399536133,0.4123837947845459,0.9570932984352112
0.2858785092830658,0.2588622570037842,1.0765115022659302
-0.3697555959224701,0.28161776065826416,1.1118667125701904
-0.2081368863582611,-0.3693371117115021,1.3253158330917358
-0.28062674403190613,0.5960755944252014,0.9049307107925415
-0.018045183271169662,-0.05923362821340561,1.3241724967956543
-0.07779131084680557,-0.2905101180076599,1.360503911972046
-0.8185485601425171,-0.33151131868362427,1.0084123611450195
-0.4627399444580078,-0.03776194155216217,1.4616928100585938
-0.7031098008155823,0.29609766602516174,0.8468492031097412
-0.44291549921035767,0.5055481791496277,1.0908613204956055
0.2448410540819168,-0.23665156960487366,0.9536573886871338
-0.2717263102531433,0.6549369692802429,0.872037410736084
-0.6838526129722595,0.4986546039581299,1.238257884979248
-0.21219980716705322,-0.021082594990730286,1.32014799118042
-0.5351332426071167,0.76194167137146,0.8764404058456421
-0.2991858422756195,-0.23194164037704468,1.1983565092086792
-0.9668315649032593,0.3366870880126953,0.8482017517089844
0.04686683416366577,0.01779450848698616,1.506556510925293
0.18577860295772552,-0.6340892314910889,0.9378620982170105
0.37138473987579346,-0.4179985523223877,0.8725638389587402
0.17171168327331543,0.3108072280883789,0.8569502830505371
-0.3162297308444977,0.4751525819301605,1.4280283451080322
-0.7886775135993958,-0.4056665599346161,0.7927728891372681
0.023176521062850952,-0.017229288816452026,1.517792820930481
-0.2464473396539688,0.3618736267089844,1.5129204988479614
-0.07876422256231308,0.42699408531188965,0.7808811068534851
-0.1288914829492569,-0.08835218846797943,1.425120234489441
-0.2015400379896164,-0.5975454449653625,1.2860629558563232
-0.09868285804986954,-0.31996482610702515,1.251356840133667
0.052314430475234985,0.11251077055931091,1.4112423658370972
0.21335743367671967,0.03371560201048851,0.9199247360229492
-0.1970038115978241,-0.23068448901176453,1.327051043510437
-0.15486541390419006,-0.6375599503517151,0.859290361404419
0.03314538672566414,0.03405459225177765,0.8562482595443726
-0.7893707752227783,-0.08110824227333069,1.2767618894577026
0.142719104886055,0.2519613802433014,1.4691143035888672
-0.5499787330627441,0.5550733804702759,0.6663278341293335
0.1742996871471405,0.018285810947418213,0.9617362022399902
-0.607812225818634,0.37048327922821045,1.2839299440383911
0.17833681404590607,0.6354985237121582,1.0922350883483887
-0.8008409738540649,0.5606556534767151,0.8081757426261902
0.18253180384635925,0.028179844841361046,1.4881162643432617
-0.4233652353286743,0.6076006293296814,1.1029980182647705
-0.5583576560020447,0.7168776988983154,0.7440948486328125
-0.7295536398887634,0.22339504957199097,1.4305598735809326
0.3879811763763428,-0.12973180413246155,1.008469581604004
-0.06067845970392227,-0.4753580093383789,0.9590005874633789
-0.34545931220054626,-0.3972952365875244,1.1886537075042725
-0.5560163259506226,0.7348321080207825,0.7471096515655518
0.08881761878728867,-0.456077516078949,1.1662054061889648
-0.24166817963123322,0.18539221584796906,1.3799159526824951
-0.6265363097190857,0.27001887559890747,1.4667930603027344
-0.04847640171647072,-0.223987877368927,1.4087684154510498
0.22334805130958557,-0.1779029220342636,0.8540967702865601
0.14151760935783386,0.0032048195134848356,1.2459590435028076
-0.44213664531707764,-0.2194724828004837,1.2650338411331177
-0.33324068784713745,0.5723451375961304,1.3020983934402466
-0.4598229229450226,-0.1477404087781906,0.8472400307655334
-0.492470920085907,-0.08167104423046112,1.1095696687698364
-0.5663570761680603,-0.28590208292007446,0.6078690886497498
-0.2810690701007843,-0.0851488709449768,1.5764191150665283
-0.19259405136108398,-0.5011478662490845,1.2571786642074585
-0.772935152053833,-0.4706311821937561,1.1823132038116455
-0.32380592823028564,-0.5276030898094177,1.1908644437789917
0.0014307089149951935,0.11570155620574951,1.4443299770355225
-0.5578966736793518,-0.3482661545276642,1.355215311050415
0.18632540106773376,0.3071722686290741,0.8944556713104248
0.06170839071273804,0.4059806764125824,0.9076023101806641
-0.08982940018177032,0.5805328488349915,0.9971088171005249
-0.004729337990283966,-0.09393596649169922,1.224691390991211
0.12073599547147751,0.01218145340681076,1.2054592370986938
0.16011258959770203,0.07990383356809616,0.9595332145690918
-0.5690358281135559,-0.18313805758953094,0.9961467981338501
-0.5184231996536255,-0.0422469861805439,1.3278875350952148
0.3107902705669403,0.06264185905456543,1.152040958404541
-0.6236411333084106,0.17041610181331635,1.3831462860107422
0.23357531428337097,-0.09984748810529709,0.8609322309494019
-0.42875826358795166,-0.05657219886779785,1.556609034538269
-0.24840429425239563,-0.19594186544418335,1.4352326393127441
-0.5660607814788818,-0.014660391956567764,0.9017593860626221
0.07667797803878784,-0.13353177905082703,0.8215426802635193
-0.7534918785095215,-0.23243889212608337,1.0821726322174072
-0.25848427414894104,-0.2632216811180115,1.4312081336975098
0.10121023654937744,0.005212053656578064,1.2579703330993652
-0.4481417238712311,0.3172454237937927,1.2242432832717896
0.48329201340675354,0.14311020076274872,1.062935709953308
-0.16585081815719604,0.38662827014923096,0.8098250031471252
-0.2613552212715149,-0.4141896665096283,1.0244035720825195
0.17584261298179626,0.5284688472747803,1.0193686485290527
-0.6206784248352051,0.23290768265724182,1.1488070487976074
-0.411051869392395,0.5949680805206299,1.0268019437789917
-0.9057337045669556,-0.2609937787055969,0.9368106126785278
0.4209446609020233,-0.23453907668590546,1.1787458658218384
0.14898864924907684,-0.49558210372924805,1.2580974102020264
-0.07542900741100311,-0.36150214076042175,1.4396618604660034
-0.37740960717201233,0.6394488215446472,1.0512999296188354
-0.08334854245185852,-0.254138708114624,1.3869125843048096
-0.6882153153419495,0.48429036140441895,0.5218666195869446
0.36622917652130127,-0.302834153175354,1.2083956003189087
-0.5889890193939209,0.4454883635044098,1.4074054956436157
0.06385878473520279,-0.13634160161018372,1.277589201927185
-0.498893678188324,-0.009423933923244476,1.266000509262085
-0.3756701946258545,0.35598599910736084,1.1354068517684937
-0.5708461403846741,0.46922653913497925,1.2847926616668701
-0.011648405343294144,0.43370240926742554,1.191823959350586
-0.1428297758102417,0.4506794810295105,1.4688313007354736
0.030165627598762512,-0.14371752738952637,1.2368227243423462
-0.05546468496322632,0.5886008739471436,1.0339465141296387
-0.5155302882194519,-0.07872068136930466,0.8578385710716248
-0.7965124249458313,0.22330696880817413,0.7106126546859741
-0.01555614173412323,0.44758185744285583,1.058300256729126
-0.20401163399219513,-0.6111178398132324,1.1227201223373413
-0.051023080945014954,0.13658173382282257,1.2233339548110962
0.2443232238292694,0.25380951166152954,0.944391131401062
0.2348329871892929,0.13468708097934723,0.9432812333106995
0.08985745906829834,-0.2047538310289383,1.348376750946045
-0.5871399641036987,0.18525433540344238,1.4538853168487549
-0.5769531726837158,-0.002066776156425476,1.254313588142395
-0.5053125023841858,-0.4932565689086914,1.256058931350708
-0.5622770190238953,0.31895768642425537,0.4667981266975403
-0.8201460838317871,-0.06030476093292236,1.2342398166656494
0.4705674648284912,-0.35051408410072327,0.8166646361351013
-0.05846875160932541,0.14878539741039276,1.2017713785171509
-0.1180415004491806,0.4749465882778168,1.0042062997817993
-0.5280234813690186,0.3240744173526764,1.357343316078186
-0.687354326248169,0.0447775200009346,1.2969286441802979
-0.4396011531352997,-0.119162417948246,1.260138750076294
-0.3588866889476776,0.37070316076278687,1.0268690586090088
-0.4514518082141876,-0.19125892221927643,1.4754694700241089
-0.3792424499988556,-0.0745360478758812,1.5294759273529053
-0.093050517141819,0.5156405568122864,0.8266151547431946
0.06363776326179504,0.1810307800769806,1.2346529960632324
-0.4728427231311798,0.37713396549224854,1.1928117275238037
-0.18559588491916656,0.4895915985107422,1.460808515548706
-0.39003658294677734,-0.6872251033782959,0.9792768359184265
-0.0828971192240715,-0.05613994598388672,1.5088481903076172
-0.6686474084854126,-0.35180264711380005,1.0631844997406006
0.15669038891792297,-0.2560052275657654,1.3911138772964478
-0.5344456434249878,-0.5089814066886902,1.0827151536941528
-0.1701948344707489,-0.057206522673368454,1.5695515871047974
0.204685240983963,0.23983821272850037,1.1053767204284668
-0.3780462145805359,0.24165108799934387,1.4214903116226196
-0.6219944357872009,0.026529476046562195,0.7534487247467041
-0.5327101945877075,-0.4255642890930176,1.1009341478347778
-0.012773014605045319,0.4519711136817932,1.1982094049453735
0.07865802198648453,0.03340895473957062,0.9690473079681396
-0.20395199954509735,0.11897716671228409,1.5762083530426025
0.16450433433055878,0.34482112526893616,0.8523286581039429
0.04471909999847412,-0.28588980436325073,1.3707873821258545
0.07196006923913956,0.5881026387214661,1.2270755767822266
-0.32348549365997314,0.5783859491348267,0.8428239822387695
-0.41774728894233704,0.5125041604042053,0.9626702666282654
0.10095031559467316,0.3804044723510742,0.9957036375999451
-0.8388465642929077,-0.015652760863304138,0.925264835357666
-0.2680032253265381,-0.44471925497055054,1.3054943084716797
0.378879576921463,0.09490406513214111,1.2706668376922607
-0.7665979266166687,0.20260411500930786,1.3631449937820435
-0.11252115666866302,-0.2390810251235962,1.345375895500183
-0.048827894032001495,0.22974909842014313,1.2668859958648682
-0.24156337976455688,-0.2877737581729889,1.5486189126968384
-0.10328367352485657,-0.09718074649572372,1.0697803497314453
-0.07731170207262039,0.5707219243049622,1.0539424419403076
-0.20059263706207275,0.19149398803710938,1.338222622871399
-0.3524048328399658,-0.3768198490142822,1.3931728601455688
-0.0037611275911331177,0.42493736743927,1.1680991649627686
0.30237892270088196,0.2758110463619232,1.0287363529205322
-0.12138596177101135,-0.4341772496700287,1.0556081533432007
-0.6071406006813049,-0.36473140120506287,1.0014729499816895
-0.848435640335083,-0.25743579864501953,1.1629753112792969
-0.4020862281322479,0.3031494617462158,1.4835104942321777
-0.40463387966156006,-0.6579442024230957,0.7041934728622437
0.09343394637107849,0.3487410843372345,1.0781493186950684
-0.0770978331565857,0.4347979426383972,0.9646942615509033
0.03126264363527298,0.23877611756324768,1.3696682453155518
0.04335053265094757,-0.4930395781993866,1.3041514158248901
-0.5191636681556702,0.6572306156158447,1.0697182416915894
-0.1410413533449173,-0.7252205610275269,0.8465430736541748
-0.7398419976234436,0.12548606097698212,0.48591649532318115
0.07846610248088837,0.18083138763904572,1.3009699583053589
0.19335255026817322,0.12790122628211975,0.9577395915985107
-0.5923781394958496,-0.041327353566884995,1.0765751600265503
-0.15908947587013245,0.6044560670852661,0.8349331021308899
-0.09177675098180771,0.2148616760969162,1.1804094314575195
0.043778881430625916,0.33068275451660156,1.493368148803711
-0.5357896089553833,0.5907437801361084,0.675265908241272
0.05049638822674751,0.24124856293201447,1.1813256740570068
0.012277960777282715,-0.2939055562019348,1.2995269298553467
-0.15229877829551697,0.32649561762809753,1.1157652139663696
0.17008507251739502,-0.03822062909603119,1.1989312171936035
-0.05168644338846207,0.3710682988166809,1.280956506729126
-0.5208770632743835,-0.40858811140060425,1.070154070854187
-0.11019618809223175,0.5386791825294495,0.8888434767723083
-0.06451132148504257,0.5156300067901611,1.2178157567977905
0.2405325323343277,-0.13578666746616364,1.1360210180282593
0.12243227660655975,0.2790535092353821,1.2746081352233887
-0.03694918751716614,-0.29020315408706665,1.1093887090682983
0.09259922802448273,0.19629785418510437,0.9697423577308655
0.21590031683444977,-0.33679404854774475,1.1968587636947632
0.2010611742734909,-0.6257121562957764,0.7520188093185425
-0.2191181629896164,-0.33318454027175903,0.7934425473213196
-0.644703209400177,-0.06934571266174316,0.9680226445198059
-0.062526173889637,0.08735291659832001,1.521545648574829
0.27152878046035767,0.12569504976272583,1.353480577468872
0.19345825910568237,-0.3351651728153229,0.9416616559028625
0.12193338572978973,0.19818836450576782,0.9166183471679688
0.12994419038295746,0.392020046710968,1.175370454788208
-0.3338479995727539,-0.42311301827430725,0.8483972549438477
-0.5361557602882385,-0.15953563153743744,0.8539394736289978
-0.5092031955718994,-0.3856823742389679,0.950431227684021
-0.5119814872741699,0.3567012846469879,0.9849523305892944
0.12455546855926514,0.2632955312728882,0.8452321290969849
0.07214821130037308,0.15197888016700745,1.3316727876663208
0.06525617837905884,-0.4069463014602661,1.3538379669189453
0.13746462762355804,-0.34361568093299866,1.295870304107666
0.251478910446167,-0.12220579385757446,1.131481647491455
-0.011789008975028992,-0.09096437692642212,1.197129487991333
-0.6425915956497192,-0.33844757080078125,1.2815035581588745
-0.4118330776691437,0.563245415687561,1.3079571723937988
-0.34022703766822815,0.27306127548217773,0.9102848768234253
0.2107143998146057,0.6317168474197388,0.9964226484298706
0.05465073138475418,-0.12419549375772476,1.4647927284240723
-0.22904571890830994,0.09728548675775528,1.3393373489379883
0.39158838987350464,0.13775256276130676,1.1503679752349854
-0.8291317820549011,0.46471449732780457,1.1057162284851074
-0.3221656084060669,0.208452507853508,0.8670772314071655
0.0484393946826458,0.3395170569419861,0.9526783227920532
-0.07587762922048569,0.04113384708762169,1.1297687292099
-0.24555589258670807,-0.5097075700759888,1.2865252494812012
-0.8389837741851807,-0.25025123357772827,1.2927833795547485
-0.3120822012424469,-0.4523968994617462,0.8232358694076538
0.08772722631692886,-0.4228086769580841,1.0173121690750122
-0.2056366205215454,-0.40996819734573364,1.4087611436843872
-0.11960981786251068,0.334223210811615,0.856563925743103
0.3607793152332306,-0.22430957853794098,1.0386823415756226
0.07188348472118378,-0.196259006857872,0.8107645511627197
0.17243090271949768,-0.3762997090816498,1.3187707662582397
-0.4319423735141754,-0.3516106605529785,0.8447336554527283
-0.09185624122619629,-0.5126757621765137,1.2619554996490479
0.23834115266799927,-0.11239904910326004,1.068575143814087
0.08400271832942963,0.32328468561172485,1.0518537759780884
0.007088296115398407,-0.26881396770477295,1.4090334177017212
-0.3995908498764038,-0.575487494468689,1.3462951183319092
0.010452404618263245,-0.3915409743785858,1.28572416305542
0.1195136234164238,0.028104163706302643,1.0731585025787354
0.021958529949188232,0.26828423142433167,0.8179909586906433
-0.06920623779296875,-0.37698233127593994,1.0195282697677612
0.04724518954753876,0.2841312885284424,1.0432395935058594
-0.0673648789525032,0.5351465344429016,0.8927736878395081
0.4199375510215759,0.2756527364253998,1.0898284912109375
-0.14797614514827728,0.16450873017311096,1.4207227230072021
-0.5173822641372681,-0.07514418661594391,0.9413147568702698
-0.10872099548578262,0.26539260149002075,0.7648349404335022
0.0021076370030641556,0.3285031318664551,1.2244421243667603
0.1694050282239914,-0.15288014709949493,1.4681758880615234
-0.08197599649429321,0.41397377848625183,1.1541908979415894
0.20548158884048462,-0.3998948037624359,1.110769510269165
-0.12487022578716278,-0.12034671008586884,1.5713682174682617
-0.6807310581207275,-0.5249115228652954,0.8791359663009644
-0.4723561108112335,-0.06676816940307617,1.0501418113708496
-0.46059519052505493,-0.5803631544113159,1.3253157138824463
-0.35979560017585754,-0.11179329454898834,1.571175456047058
0.26733022928237915,0.14836472272872925,0.996723473072052
-0.04208335280418396,0.03435192257165909,0.8272936344146729
-0.182908833026886,-0.45326104760169983,1.238243579864502
-0.0792941004037857,-0.12701912224292755,1.5577791929244995
-0.14180059731006622,0.13012999296188354,1.2417727708816528
-0.255287766456604,-0.5909464359283447,0.9507979154586792
0.033672213554382324,0.03293082118034363,1.065975308418274
-0.12936867773532867,0.6219292879104614,1.0347551107406616
-0.8200156688690186,0.10463197529315948,1.1594480276107788
-0.1954176425933838,-0.2623901069164276,1.3557956218719482
-0.5044202208518982,0.24505506455898285,1.3180623054504395
-0.7924864888191223,0.0777595043182373,0.5892993807792664
-0.7036119103431702,-0.20690253376960754,1.2305318117141724
-0.13282299041748047,-0.3505828380584717,1.2213391065597534
-0.18831323087215424,-0.45272839069366455,1.4228993654251099
-0.44097232818603516,0.11351637542247772,1.3736141920089722
-0.5391766428947449,0.2852915823459625,1.2952804565429688
-0.3309979736804962,0.44226276874542236,1.3573251962661743
0.16216911375522614,0.27463680505752563,0.7942125201225281
-0.21738216280937195,-0.26000088453292847,1.4703965187072754
-0.1952371895313263,-0.47655409574508667,0.9853797554969788
0.06847873330116272,0.376338392496109,1.137890100479126
0.27173128724098206,0.058085210621356964,1.076906681060791
-0.4089071452617645,0.0653538927435875,1.4845359325408936
-0.08933211117982864,-0.16184335947036743,1.455157995223999
0.28321903944015503,0.12895317375659943,1.082714557647705
0.4668457806110382,-0.27920565009117126,1.080826759338379
-0.1497611403465271,-0.5074115991592407,0.9247373342514038
-0.39842405915260315,0.39576855301856995,0.9094730019569397
0.061026349663734436,0.27035975456237793,1.1283514499664307
0.0003582853823900223,0.41892534494400024,1.0866979360580444
0.395711213350296,-0.07721391320228577,1.3190176486968994
-0.16041305661201477,0.2887570559978485,1.3417425155639648
0.264201819896698,0.5791714191436768,1.125524640083313
0.4131668210029602,0.1735323965549469,0.8738821148872375
-0.055813826620578766,-0.030138593167066574,1.439278244972229
-0.3791118562221527,0.14298290014266968,1.2946527004241943
-0.055706169456243515,0.36411914229393005,1.2691887617111206
-0.5455434918403625,0.6906206011772156,0.9032189846038818
-0.8579383492469788,0.25655418634414673,1.2958108186721802
0.15026037395000458,0.19266140460968018,1.4417774677276611
-0.3889223337173462,0.7424640655517578,0.8257943391799927
-0.348403662443161,-0.4172724187374115,1.0405092239379883
-0.4286900460720062,0.053266189992427826,1.1834287643432617
-0.436185747385025,0.6330136656761169,0.9885651469230652
0.18330691754817963,0.15371344983577728,1.140364170074463
-0.2703603208065033,-0.2931470572948456,1.223744511604309
-0.18677963316440582,-0.36700305342674255,0.8558177947998047
-0.8202461004257202,0.17336247861385345,1.254224419593811
-0.51027911901474,0.5219904184341431,1.0533477067947388
-0.16323010623455048,0.4881349205970764,0.8507893085479736
-0.16103678941726685,-0.2413228154182434,1.485804557800293
-0.20118357241153717,0.4402678608894348,1.4543774127960205
-0.12339171767234802,0.195236936211586,1.2867350578308105
0.08839051425457001,-0.2616622745990753,1.3013836145401
0.35159245133399963,0.05086991935968399,1.2385191917419434
-0.064838707447052,-0.5487692952156067,1.3052273988723755
-0.11793488264083862,-0.26366016268730164,0.7957538366317749
-0.5956684350967407,0.5005302429199219,1.247279405593872
-0.6718959212303162,0.13232114911079407,0.7486753463745117
0.06540566682815552,-0.3145872950553894,1.417177677154541
0.008723951876163483,0.020503684878349304,1.0915865898132324
-0.688440203666687,0.04013396054506302,1.259411096572876
-0.1441676765680313,-0.2740156054496765,1.153245449066162
0.009994433261454105,0.2780837118625641,1.5280810594558716
-0.6440132856369019,-0.02841123193502426,1.4104503393173218
-0.05737248808145523,0.46840596199035645,1.0012611150741577
-0.4990538954734802,0.02675260603427887,1.3082231283187866
0.13664782047271729,0.2461882382631302,1.4862351417541504
-0.41755402088165283,0.49515968561172485,1.424422264099121
-0.16204971075057983,0.5563470125198364,0.9899153113365173
-0.34822481870651245,-0.5946134328842163,1.1159435510635376
0.35913801193237305,0.04027503728866577,0.9823009371757507
-0.7375118136405945,-0.4737086892127991,1.1730070114135742
-0.08610433340072632,-0.1221020296216011,1.4846442937850952
-0.08471372723579407,0.04792855679988861,1.185664176940918
-0.5277683734893799,-0.5564988255500793,1.1623069047927856
-0.0390012301504612,-0.32924753427505493,1.36277437210083
0.33350586891174316,-0.06634241342544556,1.3474574089050293
0.1036379337310791,-0.03965165466070175,0.976665735244751
-0.7570918202400208,-0.5524345636367798,1.06954026222229
-0.1261548399925232,0.09911578893661499,1.5767900943756104
-0.25027719140052795,-0.7023492455482483,0.817529559135437
0.11934535950422287,-0.0900317132472992,1.2599674463272095
-0.5098559260368347,0.03656962513923645,1.1063990592956543
0.0988948866724968,0.2588645815849304,0.841262698173523
-0.27996373176574707,0.2531149685382843,1.560293436050415
-0.41186416149139404,-0.06110413372516632,1.3889546394348145
0.07486651092767715,0.25530803203582764,1.0123145580291748
0.32514187693595886,-0.2950020432472229,1.148993968963623
-0.5686774849891663,-0.39798033237457275,0.7249077558517456
0.4218946695327759,-0.4075022041797638,0.8212072849273682
0.12813632190227509,-0.3741896450519562,1.1169407367706299
-0.361011803150177,0.4613310694694519,1.3200147151947021
-0.3191007673740387,0.627681314945221,0.977846622467041
0.5478483438491821,0.09771458804607391,0.9102116227149963
-0.152014821767807,0.38438448309898376,1.3695886135101318
0.001479719765484333,0.21532389521598816,1.5404890775680542
0.010197436437010765,0.502526044845581,1.08473801612854
-0.6697743535041809,0.3223974108695984,0.6490038633346558
0.29112446308135986,0.16968147456645966,1.1993274688720703
0.07708252966403961,0.07522355020046234,1.4083142280578613
-0.02901196852326393,0.6893000602722168,0.7917232513427734
-0.053435079753398895,-0.26640865206718445,0.7567869424819946
0.3872986435890198,0.19604939222335815,1.052725911140442
-0.31649622321128845,-0.49745839834213257,1.306455135345459
-0.8176016211509705,-0.2529045343399048,0.985181450843811
-0.30977532267570496,-0.594019889831543,1.016589879989624
-0.1157640814781189,0.13467106223106384,1.502902865409851
-0.42908215522766113,-0.1581554114818573,1.1755274534225464
-0.18843749165534973,0.629445493221283,0.973835825920105
-0.8767021298408508,0.08839964866638184,1.1755880117416382
0.07704771310091019,0.23092082142829895,0.9478832483291626
-0.04660855978727341,0.3969096541404724,0.8788880109786987
-0.3354238271713257,0.4201313257217407,0.7948497533798218
-0.5272765755653381,-0.23623505234718323,0.7173857688903809
0.3426363170146942,0.09678040444850922,1.039636492729187
0.10422720015048981,0.4253385663032532,1.2972919940948486
-0.0010398775339126587,-0.2373504787683487,1.3235554695129395
0.07351426780223846,-0.1529788374900818,0.8915445804595947
0.1349993199110031,-0.2783583998680115,0.9849753379821777
-0.1589692234992981,-0.02039423957467079,1.568631649017334
0.11276736855506897,0.35297366976737976,0.7936756014823914
-0.44051623344421387,0.26493924856185913,1.3178441524505615
-0.348983496427536,0.34439706802368164,1.3476860523223877
0.44566524028778076,-0.349299818277359,0.920045018196106
0.08900986611843109,0.12956127524375916,1.2788420915603638
-0.8574821949005127,-0.2666977047920227,1.1142659187316895
-0.6620733141899109,-0.5711907744407654,1.050779938697815
0.2198811024427414,0.524165689945221,1.031124234199524
-0.6381396055221558,-0.0319393053650856,1.2375482320785522
0.0016918852925300598,-0.6323683261871338,0.8304498195648193
0.1632121503353119,-0.40469563007354736,0.778886079788208
-0.7830442190170288,-0.312289834022522,0.4470048248767853
-0.09907320141792297,-0.11356440931558609,1.5650269985198975
0.007577080279588699,0.7383677959442139,1.081248164176941
-0.5154297351837158,0.393795907497406,1.427286982536316
-0.24520248174667358,-0.5085920095443726,1.1860668659210205
0.07242459058761597,-0.059419263154268265,1.4212394952774048
-0.37837278842926025,0.29238128662109375,1.359203577041626
-0.4584362506866455,0.2239673137664795,1.4216389656066895
-0.16816045343875885,-0.105843186378479,1.5655176639556885
0.23798926174640656,0.2783559262752533,1.2776190042495728
-0.7232664823532104,-0.043699994683265686,1.3386156558990479
-0.26451221108436584,0.8099038600921631,0.9188678860664368
-0.41405123472213745,-0.09033245593309402,1.2411248683929443
0.10864448547363281,0.4204595983028412,1.0096020698547363
-0.22439977526664734,-0.25278884172439575,1.2667555809020996
0.34868791699409485,-0.34605923295021057,1.0606650114059448
0.2097289264202118,-0.13857068121433258,0.9828551411628723
0.3343100845813751,-0.06854210793972015,1.3635481595993042
-0.009499192237854004,-0.32076090574264526,1.0492382049560547
0.1601300984621048,0.38988256454467773,1.0873308181762695
-0.12043405324220657,-0.4174676239490509,1.3616138696670532
-0.08535350859165192,0.5490012764930725,0.9673978686332703
-0.17374545335769653,-0.6279066205024719,1.2625815868377686
0.1757749319076538,-0.2716206908226013,1.0397436618804932
-0.3210713565349579,0.034942008554935455,1.576674461364746
-0.2113513946533203,0.3596101999282837,1.3875516653060913
0.11859592795372009,0.14401580393314362,1.364262342453003
0.23232674598693848,-0.085092693567276,0.8251321315765381
-0.5453774929046631,0.6350126266479492,1.233491063117981
0.06261491775512695,0.1067366749048233,1.486506462097168
-0.3571101427078247,-0.6213514804840088,1.2337658405303955
-0.14897790551185608,0.35122358798980713,1.0961617231369019
-0.3691936731338501,-0.13717858493328094,1.338616132736206
0.3687940835952759,0.2734675705432892,1.202532172203064
0.1589023917913437,0.20028461515903473,1.3270647525787354
-0.44266533851623535,-0.45429182052612305,1.2871747016906738
-0.5819432139396667,-0.05502461642026901,0.7537862658500671
-0.9910024404525757,0.12257342040538788,0.6294485330581665
-0.32642674446105957,-0.4525794982910156,0.8252694010734558
-0.16119109094142914,-0.41364598274230957,1.4215458631515503
-0.562587559223175,0.6516063213348389,0.6943776607513428
-0.07367496937513351,-0.7423125505447388,0.8115795850753784
-0.27922767400741577,-0.33883732557296753,1.0235258340835571
-0.9472454786300659,-0.32567721605300903,1.0242820978164673
-0.2572249472141266,-0.33982741832733154,1.5087213516235352
-0.5516982078552246,0.0023083090782165527,0.8240211009979248
-0.14783766865730286,0.4486086964607239,1.3928301334381104
-0.30788663029670715,-0.22711420059204102,1.2258200645446777
-0.44275379180908203,0.33150261640548706,0.84347003698349
-0.12438890337944031,-0.11675013601779938,1.098780870437622
-0.812105655670166,-0.48233285546302795,1.002555251121521
-0.2859343886375427,0.5938559770584106,1.0734732151031494
-0.4174754023551941,-0.21430745720863342,0.9464349150657654
-0.5908152461051941,-0.009630337357521057,0.7273645401000977
0.30931660532951355,-0.23275135457515717,0.8557955622673035
-0.9079074263572693,-0.08722557872533798,1.2065753936767578
0.2190934717655182,-0.40845388174057007,0.8928030729293823
-0.22554385662078857,-0.3429063558578491,1.4958899021148682
-0.3775060176849365,0.09451386332511902,1.157128095626831
0.18197600543498993,-0.6490025520324707,0.8080239295959473
-0.0835140198469162,0.40124595165252686,1.2500828504562378
-0.9318888187408447,-0.2895333170890808,0.8154095411300659
-0.3575257658958435,-0.5057896375656128,1.287401795387268
-0.4845927953720093,0.15299949049949646,1.2271897792816162
0.11333081871271133,-0.4105955958366394,0.9752443432807922
-0.18780390918254852,-0.5969669818878174,1.3436503410339355
0.02333468198776245,0.15646818280220032,1.2902586460113525
-0.2554890513420105,0.28932666778564453,1.093083143234253
-0.5459353923797607,0.3553515076637268,0.5702526569366455
-0.1458582729101181,0.7993966937065125,0.7786159515380859
0.13983510434627533,0.013127194717526436,1.4789561033248901
0.11511249840259552,0.739341139793396,0.9253891706466675
0.27733707427978516,0.21613112092018127,1.3776901960372925
-0.5971035957336426,-0.07212050259113312,1.4414136409759521
0.4217228591442108,-0.17024053633213043,1.00328528881073
-0.22186508774757385,-0.042066022753715515,1.24235200881958
0.1885756254196167,-0.17141801118850708,1.0882060527801514
-0.009020812809467316,0.17619091272354126,1.239687204360962
0.01935068890452385,0.1867595911026001,1.3631510734558105
0.09355824440717697,-0.24669118225574493,1.2809069156646729
0.35977667570114136,0.09321081638336182,0.8151300549507141
-0.7023164629936218,0.14377130568027496,0.6251307725906372
-0.2617430090904236,0.4732034206390381,1.190537929534912
0.1580267995595932,-0.3003823161125183,0.963891863822937
0.21025583148002625,-0.2473451942205429,0.8969231247901917
-0.36808764934539795,0.4103502631187439,1.4975550174713135
0.18399003148078918,0.49655628204345703,1.217756748199463
-0.42336082458496094,0.21429938077926636,1.558342456817627
-0.6878668665885925,0.0453500971198082,0.9803762435913086
-0.2414695918560028,0.5026764869689941,1.1526397466659546
-0.6312101483345032,0.35492557287216187,0.9007519483566284
-0.5501325130462646,-0.20334476232528687,1.186072587966919
-0.1495509147644043,-0.5508155822753906,1.2805140018463135
-0.3580264449119568,-0.32647907733917236,0.9508980512619019
0.0887974202632904,0.4074997305870056,0.8997377157211304
-0.5621514320373535,-0.08785805851221085,1.3632968664169312
0.02744954824447632,0.21522673964500427,0.8326407074928284
0.2546324133872986,-0.5135661363601685,1.1236679553985596
0.5461457967758179,0.16768208146095276,0.933038592338562
-0.07864905893802643,0.08832655847072601,1.304510235786438
0.18318380415439606,-0.2616574168205261,1.3496675491333008
0.1810566782951355,-0.030553380027413368,0.7896795272827148
-0.08618521690368652,-0.0778118148446083,1.3594026565551758
-0.5976642966270447,0.0020387936383485794,1.4626655578613281
-0.4777287244796753,-0.06193668395280838,1.2113796472549438
-0.050988174974918365,0.33327022194862366,1.4883294105529785
-0.5491845607757568,-0.33360058069229126,0.9015727043151855
-0.2471531480550766,0.41522344946861267,1.0874502658843994
0.10290824621915817,-0.13497012853622437,0.8278200030326843
-0.09127684682607651,0.06445895880460739,1.567084550857544
0.28912508487701416,-0.45253753662109375,1.005868911743164
0.11318501830101013,-0.1324041485786438,1.514700174331665
-0.4437588155269623,-0.024816201999783516,0.84442538022995
-0.2666465640068054,-0.3707931637763977,1.3055819272994995
-0.32334741950035095,-0.15768074989318848,1.386081576347351
-0.7196251153945923,-0.42320525646209717,1.0616414546966553
-0.14310906827449799,-0.40066999197006226,1.4109073877334595
-0.255687952041626,0.7176017761230469,0.7457966804504395
0.15494470298290253,0.012505531311035156,1.4680957794189453
-0.5032385587692261,0.06901468336582184,0.7533535957336426
-0.708949089050293,-0.24917910993099213,0.9853643774986267
0.33157628774642944,0.1213487759232521,0.7688761353492737
0.09865643084049225,-0.26742130517959595,1.3773224353790283
-0.7320581674575806,0.571295440196991,0.7505200505256653
-0.6196320056915283,0.030886486172676086,1.5039955377578735
0.33959341049194336,0.13670077919960022,1.3418344259262085
0.16387733817100525,0.7042418718338013,0.8741328120231628
0.08571313321590424,0.06784988194704056,1.1551073789596558
-0.432001531124115,0.42268744111061096,1.4581929445266724
0.10691237449645996,-0.1693734973669052,1.32805335521698
-0.6733260750770569,0.19487100839614868,0.7055137753486633
-0.2582089900970459,-0.30301278829574585,1.3680953979492188
-0.27978894114494324,0.4415939748287201,1.3182227611541748
0.3913583755493164,-0.28422194719314575,1.1005939245224
-0.2244412899017334,0.3750886023044586,1.1595653295516968
-0.4166979193687439,-0.49783390760421753,1.4075934886932373
-0.3429407477378845,-0.27712976932525635,0.7988616824150085
-0.7247243523597717,0.009349912405014038,1.3569941520690918
-0.4092956781387329,-0.6018550992012024,1.1611618995666504
-0.07695376873016357,0.44423985481262207,0.9728419184684753
-0.061243411153554916,0.49520623683929443,1.1878688335418701
-0.5460627675056458,-0.2550208568572998,1.2271345853805542
-0.5583159923553467,-0.09655718505382538,0.4245941936969757
0.10704416036605835,-0.20321662724018097,1.125144124031067
0.09973461925983429,0.16678190231323242,1.382533073425293
-0.5367809534072876,0.11836417019367218,0.6779453754425049
-0.18486475944519043,0.4827226400375366,1.4394941329956055
0.09456642717123032,0.19843518733978271,1.262686014175415
-0.6915174722671509,-0.1421695053577423,1.186914086341858
-0.03242090716958046,-0.6281885504722595,1.2121555805206299
-0.6238994598388672,0.3176588714122772,1.3115185499191284
-0.6197924017906189,0.3683668375015259,0.7536095976829529
0.3714531660079956,-0.11397448927164078,1.285368800163269
0.2780189514160156,0.2857285141944885,1.132771611213684
-0.35534751415252686,0.02029823139309883,1.5680774450302124
-0.15263748168945312,0.5568572282791138,1.2680566310882568
0.506355345249176,-0.21544569730758667,0.7584528923034668
0.014061518013477325,0.3586275577545166,0.7648060321807861
-0.6059727668762207,0.29680347442626953,0.37085628509521484
-0.48322850465774536,0.7193804383277893,0.7305895090103149
0.07000142335891724,0.18932729959487915,1.12298583984375
0.03204058110713959,-0.39242660999298096,1.0132414102554321
-0.018256977200508118,0.4084082543849945,1.1434434652328491
-0.03359658271074295,-0.49223703145980835,1.4091060161590576
0.07165397703647614,0.4442806839942932,1.2534472942352295
-0.5319116115570068,-0.15009528398513794,1.0936278104782104
0.24777092039585114,0.15872782468795776,1.1149624586105347
-0.40273317694664,-0.12364525347948074,1.5598278045654297
-0.5830990076065063,0.35147640109062195,0.7376466989517212
-0.12077506631612778,-0.4942861795425415,1.0939949750900269
-0.2146284282207489,-0.3491002023220062,1.1713759899139404
-0.08549153059720993,-0.37568777799606323,1.3186078071594238
-0.11240401864051819,-0.4428171217441559,0.9007184505462646
-0.10668054223060608,0.5497055649757385,0.8316567540168762
-0.07387252151966095,0.19380006194114685,1.103022813796997
0.10255985707044601,-0.3001938760280609,0.8334285020828247
-0.24289801716804504,0.2639613151550293,0.8207974433898926
0.03772735595703125,0.2927095293998718,0.8836830258369446
-0.022221822291612625,-0.43017807602882385,1.3440682888031006
-0.3522329330444336,0.26948368549346924,1.5494239330291748
-0.2747632563114166,0.2928846478462219,1.334130048751831
-0.29118379950523376,-0.19449228048324585,1.41171133518219
-0.6779689192771912,-0.04321710765361786,1.3384695053100586
-0.2481866478919983,-0.22401916980743408,1.485992431640625
0.19204014539718628,-0.2706339955329895,0.9203148484230042
-0.44478774070739746,-0.7517126202583313,0.9338882565498352
-0.40120232105255127,0.020983893424272537,1.3985406160354614
-0.20745830237865448,0.42337316274642944,1.263458013534546
0.07154317945241928,-0.3526274263858795,1.3981966972351074
-0.10124367475509644,-0.09293967485427856,1.4984289407730103
0.22529542446136475,0.3560763895511627,1.1652063131332397
0.11527560651302338,-0.2668086290359497,1.4298409223556519
-0.1380184292793274,-0.45141616463661194,0.9094188213348389
-0.05191626399755478,-0.15717558562755585,1.1979012489318848
0.2010703980922699,-0.32301726937294006,1.1230374574661255
-0.7465524077415466,-0.05934978276491165,1.3789522647857666
-0.12256616353988647,0.3550006151199341,1.4977962970733643
-0.48365283012390137,-0.6008772850036621,0.9627439379692078
0.4052807688713074,-0.07493163645267487,1.251037836074829
-0.8119360208511353,0.019066303968429565,1.235719919204712
-0.1143188551068306,0.4005924463272095,1.3078432083129883
-0.38833725452423096,-0.27762967348098755,0.8230119347572327
0.23269765079021454,-0.2831839919090271,1.08009934425354
-0.05518517643213272,0.22387352585792542,0.8326654434204102
-0.7112277746200562,-0.08785408735275269,1.433332920074463
0.3018835186958313,-0.27420711517333984,1.099989652633667
-0.44749030470848083,-0.16552825272083282,1.3983304500579834
0.13458293676376343,-0.17234718799591064,1.080885410308838
-0.13987156748771667,-0.17732951045036316,1.4444936513900757
0.3681187033653259,0.13278064131736755,1.2349581718444824
0.19192878901958466,0.20903119444847107,0.9824626445770264
-0.8724610805511475,-0.10531824082136154,1.0691663026809692
-0.12542280554771423,0.1069251000881195,1.5736594200134277
0.013288605958223343,-0.692287802696228,1.062552809715271
-0.5450369119644165,-0.4769962430000305,1.3271214962005615
0.12589159607887268,0.03261379897594452,1.308251976966858
-0.6936894655227661,-0.21826177835464478,1.1498005390167236
-0.5419952869415283,0.3910847306251526,1.3711529970169067
-0.45531418919563293,0.19191256165504456,1.5552842617034912
0.33867335319519043,-0.2578279972076416,0.9485849142074585
-0.4242624044418335,-0.5429505109786987,1.2438265085220337
-0.08870937675237656,-0.24273523688316345,1.393010139465332
0.1643712818622589,-0.5370751023292542,1.212869644165039
0.12899336218833923,-0.5807639360427856,1.2026642560958862
0.28440630435943604,-0.06218145042657852,0.7835468649864197
0.07051356136798859,0.3036576509475708,1.1470972299575806
-0.35796329379081726,-0.25482186675071716,0.8299508094787598
0.5497558116912842,-0.04995756223797798,0.9231157302856445
0.14697594940662384,-0.10313470661640167,1.2419896125793457
-0.06434616446495056,0.3201788663864136,1.4888514280319214
-0.1707964688539505,0.02452974021434784,1.492891550064087
0.37893274426460266,-0.3273513913154602,1.1575521230697632
-0.25534650683403015,-0.2589077651500702,0.7847303748130798
-0.20868206024169922,-0.37791746854782104,0.9314395189285278
-0.7300745248794556,-0.02844986319541931,1.3955386877059937
-0.052711792290210724,0.4475307762622833,1.046640396118164
-0.6061108112335205,-0.48546457290649414,1.1031208038330078
-0.430777907371521,0.610607385635376,1.0812208652496338
-0.784460186958313,-0.013495966792106628,0.6539766192436218
-0.3718312382698059,0.7184386849403381,0.911414384841919
-0.1479410082101822,0.16207458078861237,1.5636225938796997
-0.028072796761989594,-0.2600099742412567,0.8218778967857361
0.4106234312057495,0.10273566097021103,0.7969405651092529
-0.06335140019655228,-0.05212178826332092,1.4907423257827759
0.09978489577770233,-0.2146613597869873,1.3127528429031372
-0.5157860517501831,0.47540974617004395,1.2406220436096191
-0.1576242446899414,-0.13104453682899475,1.4292362928390503
0.11805442720651627,0.2183324098587036,1.1644930839538574
-0.20111632347106934,-0.3051111698150635,0.8424389362335205
-0.3182871341705322,-0.3665003180503845,0.9956305623054504
-0.5196958184242249,0.08381792902946472,1.2864713668823242
-0.07620921730995178,-0.24860143661499023,1.0333839654922485
-0.12760522961616516,0.3464900255203247,1.2819517850875854
-0.4919899106025696,0.30057716369628906,1.2532382011413574
-0.09778161346912384,0.571064829826355,1.0385119915008545
0.12653562426567078,0.18638819456100464,1.45599365234375
-0.7960906028747559,-0.06787695735692978,1.3571288585662842
-0.8173902034759521,0.3178875148296356,0.9108132719993591
0.09512057900428772,0.3878253698348999,1.1152182817459106
0.1966361105442047,0.4309535026550293,1.347320556640625
-0.043126605451107025,-0.30455583333969116,0.8270794749259949
0.4036499857902527,-0.07478873431682587,1.2520134449005127
-0.15325012803077698,0.3716975748538971,0.950177788734436
0.20746855437755585,0.0614413321018219,0.8388821482658386
-0.17787595093250275,-0.12891057133674622,1.5748544931411743
0.5277004241943359,-0.16403931379318237,0.8135392665863037
0.141874760389328,0.17483127117156982,1.13885498046875
0.11133159697055817,-0.3038024604320526,1.4314016103744507
-0.5614219307899475,-0.3288688063621521,1.437038779258728
-0.10987628996372223,-0.24934113025665283,1.0264736413955688
-0.9048944711685181,0.09494180232286453,1.0071711540222168
-0.29420149326324463,0.722990095615387,0.606346607208252
0.1579974740743637,0.06560377776622772,1.0821775197982788
-0.04526813328266144,-0.233791321516037,1.0812385082244873
0.14249613881111145,-0.34025153517723083,1.2127035856246948
0.05734235793352127,-0.2984135150909424,0.9271164536476135
-0.4892275035381317,-0.1427440494298935,1.55401611328125
-0.6661620736122131,0.05843926966190338,0.6880010366439819
0.20961281657218933,0.04250481724739075,1.2998169660568237
-0.0966658741235733,-0.2928696870803833,1.5174349546432495
0.3351385295391083,0.3705119788646698,1.1823561191558838
-0.25437086820602417,0.33785974979400635,0.8009774684906006
0.09784307330846786,-0.5838153958320618,0.9233536720275879
0.23695902526378632,0.28732913732528687,0.9401600360870361
0.08853411674499512,0.039316218346357346,0.8486000299453735
-0.38969677686691284,-0.34191039204597473,1.4722481966018677
-0.0756012499332428,0.1111253947019577,1.4895029067993164
-0.14068351686000824,0.2018064558506012,1.1658371686935425
-0.10105245560407639,0.38314372301101685,1.0930211544036865
0.06301411241292953,0.18115442991256714,1.4300636053085327
-0.13869023323059082,0.44689416885375977,0.8183718323707581
-0.04161612316966057,0.21991890668869019,1.2885549068450928
-0.8222021460533142,0.544701099395752,0.91286301612854
0.1934797465801239,0.1592429280281067,0.8915583491325378
-0.3359794020652771,0.3645116686820984,1.4068576097488403
-0.8089438080787659,-0.23129868507385254,0.9348047971725464
-0.09948893636465073,-0.35700929164886475,0.9044086933135986
-0.11119446903467178,-0.16507765650749207,1.0678696632385254
-0.808109700679779,-0.2680363655090332,1.2056560516357422
0.007182508707046509,0.4891905188560486,1.4011958837509155
0.1160573810338974,-0.05344522371888161,0.8028016090393066
-0.27652859687805176,0.21403761208057404,1.296090841293335
-0.10915739834308624,0.06678985059261322,1.1924726963043213
-0.37675607204437256,0.5377956628799438,1.4257701635360718
0.03370656818151474,-0.24088738858699799,1.0909502506256104
-0.030533932149410248,0.1309647262096405,0.7768040895462036
-0.5056157112121582,-0.22702105343341827,0.900201141834259
0.1936866044998169,0.05665912106633186,1.2473092079162598
-0.0003288686275482178,0.7745546102523804,0.8012170791625977
-0.40405628085136414,-0.38515836000442505,1.0648245811462402
-0.1367815136909485,-0.7716110944747925,0.8093841075897217
-0.7178639769554138,0.17148132622241974,0.40716344118118286
-0.5401336550712585,-0.08525115996599197,1.234994649887085
0.35956257581710815,-0.4933489263057709,0.8639485239982605
-0.21087844669818878,-0.16997894644737244,1.3504860401153564
-0.7805013656616211,0.1023605614900589,0.5248240828514099
0.462469220161438,-0.3406590223312378,0.8703272938728333
0.12122497707605362,0.48355913162231445,1.1133923530578613
-0.22272071242332458,-0.21802707016468048,1.0196375846862793
0.05431739240884781,0.13103580474853516,1.4017972946166992
-0.011541344225406647,0.015524595975875854,1.219462275505066
-0.4882139265537262,0.4475231170654297,1.2145951986312866
-0.58823162317276,0.35398104786872864,0.8713018894195557
-0.9195685982704163,-0.28201496601104736,0.7184451222419739
-0.09182755649089813,0.46898025274276733,0.8596428632736206
0.12173314392566681,-0.30101051926612854,1.116895079612732
0.4738617241382599,0.10782939195632935,1.0269079208374023
-0.1634322851896286,0.3274407982826233,0.7785466313362122
0.2440694272518158,-0.022260043770074844,1.3337141275405884
0.1052592545747757,0.34030604362487793,1.026900053024292
-0.4157123267650604,-0.07657802104949951,0.7511266469955444
0.23036672174930573,0.2685219943523407,1.2252496480941772
-0.7949520945549011,0.10919837653636932,1.2596830129623413
0.14304275810718536,-0.414704829454422,0.7625367641448975
-1.0014621019363403,0.19068697094917297,0.7378729581832886
-0.6436455845832825,-0.15727372467517853,1.2802473306655884
0.1495404988527298,-0.22863711416721344,0.9881145358085632
0.4214322566986084,-0.3503907024860382,1.062490701675415
-0.3944731056690216,-0.16951635479927063,1.3661253452301025
-0.5574743747711182,-0.30608758330345154,1.2027361392974854
0.10390681028366089,0.042402736842632294,0.8282637596130371
-0.32240360975265503,0.31888628005981445,1.1932780742645264
0.3055174648761749,-0.4413156509399414,0.9956302642822266
-0.09631377458572388,0.2690586447715759,1.4969005584716797
-0.7945419549942017,-0.0756300687789917,1.0293282270431519
-0.550475001335144,0.3621911406517029,1.4273028373718262
-0.09914915263652802,0.41649436950683594,1.4815022945404053
-0.5123531818389893,0.16763833165168762,0.7820596694946289
0.14848551154136658,0.30900394916534424,0.9128208160400391
-0.30891120433807373,0.7818108797073364,1.0441385507583618
0.01638410985469818,0.34371161460876465,0.9501375555992126
-0.5736644268035889,0.1212635412812233,1.275801420211792
-0.03887239843606949,0.4989536702632904,0.9199117422103882
-0.4388616383075714,0.10129162669181824,1.0637913942337036
0.030974131077528,-0.02585463784635067,1.5502839088439941
-0.5382651090621948,0.2808958888053894,0.8423123359680176
-0.05160149559378624,0.42736130952835083,0.9370881915092468
-0.5457324981689453,-0.27564534544944763,1.4357209205627441
0.2365066558122635,0.2575678527355194,1.054442048072815
-0.17662036418914795,-0.32436633110046387,1.503341555595398
0.018985148519277573,0.20023024082183838,1.4023362398147583
0.20862117409706116,0.49813055992126465,1.0549854040145874
-0.7098835706710815,-0.22292420268058777,1.3897360563278198
-0.5948795676231384,-0.3745911121368408,1.3210660219192505
-0.30205053091049194,-0.2734633982181549,1.2676808834075928
-0.5925509929656982,0.42526811361312866,0.6688544750213623
-0.10031676292419434,-0.28310468792915344,1.3140819072723389
-0.8053218722343445,-0.33472940325737,0.6931098699569702
-0.3101390302181244,-0.22590667009353638,1.326149582862854
-0.9731204509735107,-0.11484602093696594,1.071224570274353
0.3058696389198303,-0.28079915046691895,0.8191150426864624
-0.31773000955581665,0.1594497710466385,1.5812819004058838
-0.212893545627594,-0.6777011156082153,1.195419430732727
0.15286099910736084,0.01895439624786377,1.149717926979065
0.23897360265254974,0.045261312276124954,1.4345868825912476
0.11403138935565948,0.36044037342071533,1.3539849519729614
0.00455019436776638,0.34518301486968994,0.9814366102218628
-0.48379215598106384,-0.2640461325645447,0.8595231771469116
0.47178545594215393,-0.31362876296043396,0.7546957731246948
0.019030757248401642,0.34535691142082214,0.8344582319259644
-0.7098285555839539,-0.4818781614303589,0.8650891780853271
0.04868244379758835,-0.11033391207456589,1.5366148948669434
-0.07605690509080887,0.2449100911617279,0.7956593036651611
0.002680312842130661,0.32265371084213257,1.2935168743133545
-0.0017020069062709808,0.2934405505657196,0.8112781047821045
-0.42272108793258667,0.07132790237665176,1.3886172771453857
-0.04435045272111893,-0.5028661489486694,1.020012617111206
-0.5954322814941406,-0.30238085985183716,0.9798544645309448
-0.5650579929351807,0.3841627538204193,0.6329888105392456
-0.5212018489837646,-0.12691470980644226,0.7429845333099365
-0.13241158425807953,0.25839608907699585,1.3386014699935913
0.20326519012451172,0.3305460810661316,0.8480576276779175
-0.20141857862472534,0.7378058433532715,0.7944172024726868
-0.09683847427368164,0.09352903068065643,1.2842693328857422
-0.5146030187606812,-0.4361562430858612,1.4195340871810913
-0.037082284688949585,-0.31853991746902466,0.8400499820709229
0.04350537061691284,0.35796061158180237,1.320628046989441
-0.6873923540115356,0.594099223613739,0.6676938533782959
-0.06789054721593857,-0.26340264081954956,1.3637349605560303
-0.6784297227859497,0.6702240109443665,0.7667852640151978
-0.3106825351715088,-0.695953369140625,0.609889566898346
-0.02081073820590973,-0.2512917220592499,1.2362862825393677
0.1711902767419815,-0.3783360421657562,1.3835500478744507
-0.026396997272968292,-0.24779219925403595,1.4436233043670654
-0.7708495855331421,-0.21411806344985962,1.1726884841918945
-0.08919139951467514,0.358033150434494,1.4078776836395264
-0.5239055156707764,-0.0646234005689621,1.137890100479126
0.07136774063110352,-0.11711326241493225,1.2728253602981567
-0.31331419944763184,0.31604304909706116,0.8190125226974487
-0.36885470151901245,0.37433922290802,0.9851126074790955
0.241848424077034,-0.04488702118396759,1.2012898921966553
0.012265831232070923,-0.22443871200084686,1.1090114116668701
-0.017679892480373383,0.3396930992603302,0.897659182548523
-0.5968599915504456,0.5179533958435059,1.3393235206604004
0.006068624556064606,-0.2731420695781708,1.3714102506637573
-0.3535514771938324,-0.08174467086791992,1.2406443357467651
-0.8994740843772888,-0.13859358429908752,1.1427769660949707
-0.9721904993057251,-0.07204238325357437,1.0578587055206299
0.12147203832864761,0.13254912197589874,1.176984190940857
-0.617838978767395,-0.021963879466056824,0.8393748998641968
-0.6202347874641418,0.5346121191978455,1.1690869331359863
-0.13367027044296265,0.4195447564125061,0.8882815837860107
-0.5550093054771423,0.09177994728088379,1.4401737451553345
-0.31916990876197815,0.5987993478775024,1.164999008178711
0.1315649151802063,0.2540314793586731,1.3968126773834229
0.06777559220790863,0.17797715961933136,0.7674680948257446
-0.25423842668533325,-0.5617814064025879,1.3226330280303955
-0.6396498680114746,0.24597884714603424,1.2718685865402222
-0.459679514169693,0.44020822644233704,1.3495030403137207
-0.6015194654464722,0.5671001076698303,1.1821709871292114
0.02819398045539856,0.5594933032989502,0.9242423176765442
-0.32057714462280273,0.514910101890564,0.8039170503616333
-0.05950241535902023,0.39574581384658813,1.4442754983901978
-0.43842777609825134,0.4541817009449005,1.2207751274108887
0.20025238394737244,0.3603801131248474,1.3425886631011963
0.025508303195238113,0.24327732622623444,1.1514467000961304
0.21462319791316986,0.1529485434293747,1.044832468032837
-0.18583986163139343,0.35096463561058044,1.2119295597076416
0.03248072415590286,0.24591796100139618,1.2694249153137207
-0.4974731206893921,0.06703095138072968,1.5500913858413696
0.12496330589056015,-0.15143389999866486,0.9116895198822021
-0.6222062706947327,0.7029837369918823,0.8794475793838501
-0.1740623414516449,0.4109102785587311,1.3540422916412354
0.21472546458244324,0.44642966985702515,1.2925951480865479
-0.5624986886978149,-0.2978661060333252,0.7283772230148315
-0.035460855811834335,0.20430147647857666,1.5558888912200928
-0.4931013584136963,-0.6155267357826233,1.1730114221572876
-0.022264476865530014,0.470046728849411,1.2835934162139893
-0.10784474015235901,0.19840028882026672,1.2638120651245117
0.22159364819526672,0.13783086836338043,0.9976208209991455
-0.02369244396686554,0.32465794682502747,1.038331151008606
0.20826846361160278,0.29632943868637085,0.9075115919113159
-0.4608796238899231,0.015328511595726013,1.3807958364486694
-0.038666896522045135,-0.6503913998603821,0.7286337614059448
-0.6142383217811584,-0.051866061985492706,1.4832029342651367
-0.07739254087209702,0.09350118786096573,1.56967031955719
-0.6208876967430115,0.3278094232082367,0.6891958713531494
-0.3926755487918854,0.5899718999862671,1.368088722229004
-0.09823551774024963,0.20986901223659515,1.2842588424682617
-0.7297753691673279,-0.5771327018737793,0.6650987863540649
-0.20454323291778564,0.4046137034893036,1.354090929031372
0.14932706952095032,0.13154253363609314,1.0082862377166748
-0.08099274337291718,0.48442572355270386,1.2963556051254272
0.30040794610977173,0.2434474676847458,1.0787101984024048
-0.09770360589027405,-0.3223591148853302,1.302687644958496
-0.43308761715888977,0.6835618019104004,1.0149954557418823
0.2381887137889862,0.36048829555511475,1.3161144256591797
-0.8371189832687378,-0.04039674252271652,1.1513707637786865
-0.33204329013824463,0.7306326627731323,1.1990643739700317
-0.16614751517772675,0.26785027980804443,1.4826405048370361
0.13310755789279938,-0.2774377167224884,0.8607730865478516
-0.04250464588403702,-0.06753681600093842,1.507842779159546
-0.42356935143470764,0.28081628680229187,1.4153218269348145
0.18587104976177216,0.29889655113220215,0.9049468040466309
-0.6270550489425659,-0.36105877161026,1.051048994064331
-0.017612136900424957,0.016617529094219208,1.4437044858932495
-0.41898462176322937,0.005427345633506775,1.3558717966079712
-0.26838529109954834,-0.5994311571121216,1.2585570812225342
-0.31338319182395935,0.28158479928970337,1.4653522968292236
-0.3483407497406006,0.5857648849487305,0.7951477766036987
-0.42186033725738525,0.29957425594329834,1.4270315170288086
-0.9794602394104004,0.2883409261703491,0.787426233291626
-0.851817786693573,-0.0637122243642807,1.2888599634170532
0.14596642553806305,-0.06974847614765167,1.4192464351654053
-0.038027599453926086,0.7557514905929565,0.9528230428695679
0.09074435383081436,0.5803611278533936,1.3001348972320557
-0.7548558712005615,0.16112011671066284,0.5613855123519897
0.010076068341732025,-0.46518397331237793,1.2848339080810547
-0.4068654179573059,0.2927001118659973,0.819035530090332
-0.02509673684835434,-0.3656959533691406,1.4594866037368774
-0.13274428248405457,-0.2657967209815979,1.3598943948745728
-0.8263686299324036,0.48243826627731323,0.7750685811042786
0.045732006430625916,-0.4509245455265045,1.2158366441726685
0.10434779524803162,-0.04456642270088196,1.4769126176834106
-0.5712540149688721,-0.11893262714147568,1.3709065914154053
-0.3805946111679077,-0.4495255947113037,0.7881837487220764
0.06417937576770782,0.03788387030363083,0.9291303157806396
-0.061353426426649094,-0.25987428426742554,0.7659362554550171
-0.2558043301105499,-0.5292479395866394,1.1822223663330078
-0.2679579555988312,0.3996885418891907,1.159103274345398
0.2678520083427429,0.5664347410202026,0.9658455848693848
-0.06630199402570724,-0.08268807828426361,1.3464657068252563
0.23350346088409424,-0.44513070583343506,1.0007916688919067
-0.13766606152057648,-0.22373437881469727,0.7747138738632202
-0.4070972204208374,0.4858381450176239,1.1645379066467285
-0.18661049008369446,0.26605311036109924,1.261989712715149
-0.9818692207336426,0.30887269973754883,0.8121320009231567
0.12873375415802002,0.19939789175987244,0.8740848302841187
-0.6170670390129089,0.08363747596740723,1.3590704202651978
-0.2696300148963928,0.7004335522651672,1.1476939916610718
0.0299929641187191,0.7528948783874512,0.7634497880935669
-0.04508383572101593,-0.4414427876472473,0.9638071656227112
0.15420734882354736,-0.6333183646202087,1.0554536581039429
-0.22801080346107483,0.4515712857246399,1.474472165107727
-0.8223034143447876,-0.4390873312950134,1.141608476638794
-0.314276784658432,-0.15133652091026306,1.430237054824829
0.47282785177230835,0.02133999764919281,0.9090157151222229
-0.010792700573801994,-0.3398791551589966,1.088529109954834
0.13696587085723877,-0.1059989482164383,1.0424842834472656
-0.6723690032958984,-0.4470262825489044,0.7082017660140991
-0.43240413069725037,-0.08824105560779572,1.5359877347946167
-0.44187861680984497,-0.113332599401474,0.7754974365234375
-0.2894439697265625,-0.4264993965625763,1.4875354766845703
0.043967969715595245,0.09658423066139221,1.0780692100524902
-0.18886303901672363,0.12733472883701324,1.581717610359192
-0.2921724319458008,0.1596786379814148,1.1573480367660522
-0.1600770503282547,-0.15827977657318115,1.1477138996124268
0.12407627701759338,-0.043756961822509766,1.3264691829681396
-0.5621541142463684,0.03876876085996628,0.4631058871746063
0.22045865654945374,-0.3598732352256775,1.166668176651001
0.4509883522987366,-0.024169161915779114,1.2481873035430908
-0.6114895343780518,0.5068457126617432,0.8644205331802368
-0.3622766137123108,-0.14530545473098755,1.247534990310669
-0.5839909315109253,0.06911467760801315,0.869043231010437
0.5207552909851074,-0.19491225481033325,0.8165277242660522
-0.1523599922657013,-0.07934045046567917,1.5678911209106445
-0.5276755094528198,-0.4074537754058838,1.362497091293335
-0.20077455043792725,-0.6378702521324158,0.8436412215232849
0.539341926574707,-0.06732209771871567,0.7721705436706543
-0.5167685747146606,8.579343557357788e-05,0.7240955233573914
-0.6134361028671265,0.5042255520820618,1.2295397520065308
-0.7357133626937866,-0.43303579092025757,0.9607123732566833
0.12596556544303894,-0.6046456098556519,1.0597115755081177
-0.37166500091552734,-0.20653443038463593,0.842340350151062
-0.10440942645072937,0.45122042298316956,1.4119014739990234
-0.025503389537334442,0.2643030881881714,1.2157751321792603
-0.406097948551178,-0.06237446889281273,0.8249505162239075
-0.3731098473072052,-0.6256153583526611,1.1250966787338257
0.4795917868614197,-0.1450725793838501,0.7862573862075806
0.4018450379371643,0.21106292307376862,1.1315975189208984
-0.16917860507965088,0.38589802384376526,1.4222683906555176
-0.4250023365020752,0.2992761731147766,0.8114241361618042
-0.11656050384044647,-0.32411688566207886,0.7950403094291687
-0.28508496284484863,-0.2590510845184326,0.7728304862976074
0.43280941247940063,0.06241735816001892,1.2200647592544556
-0.7188422083854675,0.2508188486099243,0.8781517744064331
-0.03204437717795372,-0.06947410106658936,1.5520535707473755
0.16699093580245972,0.04254596680402756,1.1667060852050781
0.003925107419490814,0.40588438510894775,0.9772558808326721
-0.7862305641174316,0.17819741368293762,1.3957390785217285
0.03460457921028137,0.13712313771247864,0.779208779335022
-0.662196159362793,-0.3187158703804016,1.0146855115890503
0.007101833820343018,0.08923517167568207,0.7744964957237244
0.10768328607082367,-0.19132916629314423,0.92357337474823
-0.4992346465587616,0.44194790720939636,1.4463224411010742
0.20676730573177338,0.3821408748626709,0.978647768497467
-0.43069571256637573,0.25051814317703247,1.3406367301940918
0.007423698902130127,-0.20193713903427124,1.203480839729309
0.28249213099479675,0.2628501057624817,1.263856291770935
-0.5578742027282715,-0.32813143730163574,0.6546789407730103
-0.6474007368087769,0.5043854117393494,1.0099774599075317
-0.3815383315086365,0.2736039161682129,1.3614407777786255
-0.47184690833091736,0.4075950086116791,1.3598028421401978
0.018267929553985596,-0.05351782590150833,1.4452934265136719
0.5254563689231873,-0.019867900758981705,0.769181489944458
-0.4574139416217804,0.28669628500938416,0.9743822813034058
0.13540340960025787,-0.16547459363937378,1.2784479856491089
0.06742985546588898,-0.3413356840610504,1.0563619136810303
-0.27045199275016785,-0.5861000418663025,1.1884241104125977
-0.2831891179084778,0.11010172218084335,1.5757057666778564
-0.28630053997039795,0.5601238012313843,1.281941294670105
-0.2499001920223236,-0.5551556348800659,1.2778854370117188
-0.2423168122768402,0.2060188353061676,1.0918359756469727
-0.11112535744905472,-0.7499042749404907,0.7585321664810181
0.0336952731013298,0.2619361877441406,0.7546284198760986
-0.6550235748291016,-0.0893545001745224,1.0085945129394531
0.25592827796936035,0.03422659635543823,1.2521445751190186
-0.26686716079711914,0.5977563858032227,0.9020057916641235
0.12295003980398178,0.4316461682319641,1.1175254583358765
0.3448247015476227,0.1248333677649498,0.8938890099525452
-0.10001415014266968,-0.24548514187335968,1.2867538928985596
0.2988549470901489,-0.2659047842025757,1.1144026517868042
0.18710719048976898,-0.6273907423019409,0.9338812232017517
-0.12725363671779633,0.4616372585296631,1.1995477676391602
-0.06145862489938736,0.7084676027297974,1.0388095378875732
-0.8666146397590637,0.03230965882539749,1.1337788105010986
-0.4437676668167114,-0.46003925800323486,1.0690371990203857
-0.5874999761581421,0.14837054908275604,1.3396186828613281
0.08923757821321487,0.17986184358596802,0.9958553314208984
-0.16161516308784485,-0.22786036133766174,1.2993468046188354
-0.23252175748348236,0.5168176889419556,1.2266838550567627
-0.003037039190530777,0.2157062292098999,0.863642692565918
0.01790577545762062,0.1937078833580017,1.068038821220398
-0.5059796571731567,0.37470585107803345,1.0623536109924316
-0.19400298595428467,-0.724814236164093,0.9208517074584961
0.225119486451149,0.09905178844928741,1.2300676107406616
0.0928879901766777,-0.24896621704101562,1.1009793281555176
0.025640670210123062,-0.13241463899612427,1.445959210395813
0.031817726790905,0.2025527060031891,0.8796249032020569
0.3189074695110321,0.49244827032089233,1.152729868888855
-0.7870916128158569,-0.032739780843257904,0.4075471758842468
-0.03364323824644089,0.5094097852706909,1.1003624200820923
0.04933390021324158,0.24516573548316956,0.9131131172180176
0.21293266117572784,-0.03657899796962738,1.4043720960617065
0.24408715963363647,0.21014583110809326,1.2966773509979248
-0.5627528429031372,-0.34108981490135193,1.0859445333480835
-0.5500004887580872,-0.22549696266651154,1.2213391065597534
-0.2693922519683838,-0.6855623722076416,1.1562166213989258
-0.30216333270072937,-0.022366851568222046,1.5820541381835938
-0.17500685155391693,0.6271064281463623,1.3359638452529907
-0.15888038277626038,0.09884069859981537,1.0919156074523926
-0.562119722366333,-0.08625229448080063,1.3030425310134888
-0.13974756002426147,-0.49557656049728394,1.3274532556533813
-0.6818588972091675,0.477543443441391,1.2417947053909302
-0.6274020671844482,0.2227156162261963,1.480798602104187
-0.4051418602466583,-0.13087674975395203,1.4256312847137451
0.049170613288879395,0.2294594645500183,1.026279091835022
-0.08953072130680084,-0.49210408329963684,0.8766158819198608
-0.9754491448402405,0.29840055108070374,0.7956116199493408
-0.16249898076057434,-0.28928104043006897,1.0531501770019531
-0.6380147337913513,0.23486395180225372,0.6830670833587646
-0.6309314966201782,0.5603818893432617,1.2332193851470947
0.26541584730148315,0.09569640457630157,1.3986494541168213
-0.6140366792678833,-0.025847911834716797,0.9271653294563293
-0.2533785104751587,0.41373303532600403,1.1604890823364258
-0.15774188935756683,-0.30735787749290466,1.1752619743347168
-0.2796497344970703,0.3036530613899231,1.1766146421432495
-0.38956302404403687,0.32533568143844604,0.8304314613342285
-0.20788471400737762,0.0585731565952301,1.196372389793396
-0.20038191974163055,-0.6420389413833618,1.2928647994995117
0.02342453971505165,0.2689284384250641,0.7715216279029846
-0.21297410130500793,-0.5588864684104919,1.3793467283248901
-0.38774847984313965,0.520152747631073,1.1453361511230469
-0.710963785648346,-0.40293875336647034,1.282541036605835
-0.12913453578948975,0.22260093688964844,1.44691002368927
0.17573405802249908,0.01406199112534523,1.362838625907898
-0.5930914282798767,-0.3277231454849243,0.9356397986412048
-0.030045419931411743,-0.4508495032787323,1.3953375816345215
0.027136169373989105,-0.6571272015571594,1.0952714681625366
-0.6758136749267578,0.01988770067691803,1.4743794202804565
-0.7304743528366089,-0.18624553084373474,0.5691078305244446
-0.6955474615097046,0.5729465484619141,1.2040321826934814
-0.09480089694261551,-0.45764851570129395,1.012834072113037
0.02793775498867035,0.10928604006767273,0.7786340713500977
0.0940285325050354,-0.1288919448852539,0.8072623014450073
-0.12093055248260498,0.3378024399280548,0.849029541015625
0.3584176301956177,-0.17145268619060516,0.966380774974823
-0.16690568625926971,0.21474014222621918,1.2152972221374512
0.2538756728172302,0.3403511047363281,1.3012185096740723
-0.044317975640296936,0.24187850952148438,0.8218415379524231
0.16683003306388855,-0.06629101186990738,0.9743613004684448
0.1757792830467224,0.0968102514743805,1.2076458930969238
-0.28393957018852234,0.40124574303627014,1.496000051498413
-0.2631531357765198,0.6344352960586548,0.721626877784729
-0.5629085898399353,-0.2768515348434448,0.6400474905967712
-0.04345671832561493,-0.2358507663011551,0.9421765804290771
-0.6547824740409851,-0.00842365249991417,0.7934076189994812
0.12201769649982452,-0.4988589882850647,0.8246227502822876
-0.7100327014923096,0.22386367619037628,1.1466361284255981
-0.7710267901420593,0.13615939021110535,0.8936784863471985
0.38242557644844055,-0.17128735780715942,0.8288830518722534
-0.6889964938163757,0.1891283243894577,1.441136121749878
0.002072680741548538,0.24483850598335266,1.5030955076217651
-0.1496495008468628,-0.33460792899131775,1.3080017566680908
-0.3693724572658539,0.22660619020462036,1.3767869472503662
0.16042251884937286,-0.3840387463569641,0.9814138412475586
-0.4424402713775635,0.6946046352386475,1.071588158607483
0.22533047199249268,-0.5998033285140991,1.0029343366622925
-0.23289844393730164,0.6891286373138428,0.6218595504760742
0.44572651386260986,0.03259185701608658,1.1160366535186768
-0.6230476498603821,0.11458583176136017,0.3827763497829437
-0.7235935926437378,0.38446244597435,0.8159322142601013
0.17569537460803986,0.20688886940479279,1.323851466178894
0.4039498567581177,0.028461068868637085,1.0737031698226929
-0.5366823077201843,0.3274751901626587,1.4894152879714966
-0.19886235892772675,0.47975489497184753,0.9084780216217041
0.012215152382850647,0.26592695713043213,0.8447659015655518
0.3874375522136688,0.012895286083221436,0.8289570212364197
-0.16481922566890717,0.447211354970932,1.4746118783950806
-0.59342360496521,0.18285119533538818,1.1410870552062988
-0.6165046095848083,0.13777971267700195,0.5475207567214966
0.35755154490470886,0.15768229961395264,1.0261561870574951
-0.6568671464920044,0.3892769515514374,0.45208704471588135
-0.7853075861930847,0.060974232852458954,0.8383899927139282
0.20429378747940063,0.4285520017147064,1.345671534538269
-0.7046003937721252,-0.05439267307519913,1.1596767902374268
-0.26437193155288696,0.35600972175598145,0.9825583696365356
-0.7251219749450684,0.0698450356721878,1.4117144346237183
-0.5209380388259888,0.31036025285720825,0.4226227402687073
-0.09107568860054016,-0.37931591272354126,1.0913453102111816
-0.2854953408241272,-0.49059343338012695,1.0134365558624268
0.1835869550704956,-0.5499155521392822,0.8777472972869873
-0.5676246285438538,-0.2444172203540802,0.7612044811248779
-0.41434597969055176,0.7313553094863892,1.1198687553405762
-0.20693275332450867,0.21443092823028564,1.2241547107696533
-0.09489931166172028,0.41341763734817505,1.3946986198425293
0.2955336272716522,0.3434683382511139,1.1507833003997803
-0.33317995071411133,0.3802722990512848,1.3293697834014893
0.4508078694343567,-0.2624446153640747,1.127590298652649
-0.394493043422699,0.24735984206199646,1.1597753763198853
-0.045790694653987885,-0.2929741442203522,1.1430490016937256
-0.693905770778656,-0.23746314644813538,1.1092863082885742
-0.7468873858451843,0.15804623067378998,1.2878355979919434
-0.37122634053230286,-0.29251474142074585,0.8264930248260498
-0.47226059436798096,-0.4495956301689148,1.4320274591445923
-0.384289026260376,0.18104287981987,1.502907633781433
-0.29274940490722656,0.629912793636322,1.0479410886764526
-0.3189886808395386,0.6652504801750183,0.9600776433944702
0.017612939700484276,0.05794297158718109,1.4414728879928589
-0.9419786930084229,0.2977259159088135,1.092362642288208
0.30111292004585266,0.25605037808418274,0.9671473503112793
-0.7448445558547974,0.5451720356941223,0.5932883620262146
-0.7274671196937561,-0.32870131731033325,1.2363051176071167
-0.23988616466522217,-0.520616352558136,1.4105141162872314
-0.30736979842185974,0.2842255234718323,1.397552490234375
-0.5686126947402954,-0.2831135392189026,1.430114507675171
-0.6669008731842041,0.01637527346611023,1.4195265769958496
-0.5312084555625916,-0.3785210847854614,1.3690074682235718
0.01099339872598648,-0.1903599053621292,1.302441954612732
-0.572553277015686,-0.3698558807373047,1.3512275218963623
0.22610437870025635,0.07262315601110458,1.011354684829712
-0.774492084980011,0.36476555466651917,0.8506067395210266
-0.10836281627416611,0.14641855657100677,1.3987841606140137
-0.17172031104564667,-0.22457805275917053,1.388719081878662
0.16069796681404114,-0.17883457243442535,1.1130294799804688
0.340312659740448,-0.1481465846300125,1.066793441772461
-0.5075254440307617,0.37606358528137207,1.0648343563079834
-0.25809258222579956,0.6747397184371948,0.871320366859436
-0.4955565929412842,-0.21140450239181519,1.3680360317230225
0.11335505545139313,-0.015465520322322845,0.7582930326461792
-0.42993953824043274,-0.7383993268013,1.0362730026245117
-0.20516826212406158,0.6586005687713623,1.1245121955871582
-0.33189713954925537,0.4413115978240967,1.3459844589233398
-0.07933726906776428,0.22526031732559204,1.2634073495864868
-0.47721725702285767,-0.1373700052499771,1.0595453977584839
-0.10731988400220871,-0.16106651723384857,1.496517300605774
-0.6416114568710327,-0.2538606822490692,0.6475066542625427
0.1634509116411209,-0.11624183505773544,1.0873397588729858
-0.5549214482307434,-0.03137819468975067,0.5931377410888672
0.1251923143863678,-0.6000767946243286,1.005656123161316
0.09226321429014206,0.0957658588886261,1.267877459526062
-0.5827990174293518,-0.0726238563656807,0.8390277624130249
0.42565086483955383,0.30931949615478516,0.7863230109214783
0.12303359806537628,-0.1795804351568222,1.417741060256958
-0.07989673316478729,-0.09031156450510025,1.2560945749282837
0.18595163524150848,-0.02709914743900299,1.1990993022918701
0.061195194721221924,-0.5487732291221619,1.0297456979751587
-0.5842063426971436,-0.019934624433517456,1.3409326076507568
-0.6358442306518555,0.011379308998584747,1.414977788925171
-0.1814211905002594,-0.17461638152599335,1.4373805522918701
-0.19004395604133606,-0.35725313425064087,1.2942270040512085
-0.049588486552238464,0.6145161390304565,1.1976253986358643
-0.3271360993385315,-0.1476803719997406,1.567765235900879
-0.5598471760749817,0.08984788507223129,0.8040056228637695
-0.3925652801990509,-0.3828209936618805,0.8553937673568726
-0.6689578294754028,-0.46282684803009033,0.8247998356819153
-0.8846284747123718,0.037830159068107605,1.162959098815918
-0.09718291461467743,-0.03782201558351517,1.2515608072280884
0.2616058886051178,-0.10174469649791718,0.9837969541549683
-0.5969721674919128,0.4944188594818115,0.6797187924385071
-0.7613416910171509,0.42538920044898987,1.2140928506851196
-0.5216831564903259,0.29393649101257324,0.9657307863235474
-0.843796968460083,-0.022382840514183044,1.1876842975616455
-0.17253568768501282,0.19408228993415833,1.4584635496139526
-0.41808390617370605,-0.0311488788574934,1.5259841680526733
-0.47510915994644165,0.5222296714782715,1.2966206073760986
0.09459695219993591,-0.3619757890701294,1.293450117111206
-0.7439742088317871,-0.06411977857351303,1.3881536722183228
-0.5080059766769409,0.6918454766273499,1.1752097606658936
-0.6580855846405029,0.1608511060476303,0.564311146736145
0.035799540579319,-0.00031975656747817993,1.5404011011123657
-0.4630846679210663,0.1024346575140953,1.3903820514678955
-0.40595322847366333,-0.09193944931030273,1.2439348697662354
-0.3751181662082672,-0.6405245661735535,1.0836622714996338
-0.616291344165802,0.2587507963180542,0.7629785537719727
-0.09682710468769073,0.04836459830403328,1.3557013273239136
0.09665563702583313,0.10505279898643494,0.9654137492179871
-0.6870677471160889,0.3808480501174927,0.4189857840538025
-0.3331172466278076,-0.4667983949184418,1.3495707511901855
0.31660783290863037,0.0943511426448822,1.227785348892212
-0.12711961567401886,0.504951000213623,1.4394569396972656
-0.5499154329299927,0.0631730705499649,0.7817574739456177
-0.5811755657196045,-0.24455368518829346,0.8632121086120605
-0.2767407298088074,0.02438277192413807,1.3690727949142456
-0.3630545735359192,-0.6094363331794739,1.2271718978881836
0.31481820344924927,0.16607531905174255,1.0985139608383179
-0.06381291151046753,0.07819096744060516,1.3838317394256592
-0.419353723526001,-0.24430005252361298,0.8272128105163574
-0.16608378291130066,0.6695281267166138,0.9473088979721069
-0.3686945140361786,0.3685131371021271,0.9241765737533569
-0.29080551862716675,0.8045759797096252,0.7144876718521118
-0.6524811387062073,-0.25912439823150635,1.1297752857208252
0.026677891612052917,-0.2534967362880707,1.2000560760498047
-0.05989916995167732,-0.6821405291557312,0.7513587474822998
-0.31131166219711304,-0.3535538613796234,0.7860134840011597
-0.6384138464927673,0.5274977684020996,0.5323333740234375
0.07230691611766815,-0.5072144865989685,1.216801643371582
0.29640933871269226,0.21114660799503326,1.371801495552063
-0.5139831900596619,0.5753359794616699,1.1837313175201416
0.07298197597265244,0.14858278632164001,1.0086537599563599
-0.6448414325714111,0.21316862106323242,1.256334662437439
-0.8286606073379517,0.1621301919221878,1.1379189491271973
-0.383527934551239,-0.39668190479278564,1.220715045928955
-0.05097862333059311,-0.11516539007425308,1.251852035522461
0.3247334361076355,-0.22069896757602692,1.1234252452850342
-0.12422432750463486,0.12171932309865952,1.2529081106185913
0.04210425540804863,0.20347927510738373,1.3213329315185547
-0.3421039581298828,0.6611764430999756,1.296852469444275
0.17337152361869812,-0.03218729794025421,1.2802296876907349
0.46985897421836853,-0.243831604719162,1.005458116531372
0.39042428135871887,0.34907031059265137,0.752732515335083
0.03588429465889931,0.002013765275478363,0.76288241147995
-0.7397968769073486,-0.3487865924835205,1.0087348222732544
-0.16983553767204285,-0.5634764432907104,0.923252522945404
-0.6675347089767456,0.6188352704048157,0.9633182287216187
-0.525808572769165,-0.6539058089256287,0.6093067526817322
0.17907533049583435,-0.02675541490316391,0.7975945472717285
0.2615613341331482,0.19576582312583923,0.8527095317840576
0.05747559294104576,0.5117544531822205,1.383293867111206
-0.4351472556591034,-0.12719811499118805,1.150024652481079
-0.029667705297470093,0.34945836663246155,1.2153407335281372
-0.3037126958370209,0.17745989561080933,1.1462535858154297
0.23701362311840057,0.11381641775369644,1.4489262104034424
-0.023516789078712463,0.42813628911972046,1.0518192052841187
-0.2640138566493988,0.2402462363243103,1.1989301443099976
0.3570438623428345,0.12293019890785217,0.7587432861328125
0.3794483542442322,0.47276753187179565,1.0674149990081787
-0.6651277542114258,-0.10437386482954025,1.4604949951171875
0.1725972592830658,-0.1442166119813919,1.0176584720611572
-0.5642320513725281,-0.1263553947210312,1.2633492946624756
-0.6266064047813416,0.64285808801651,0.6449049115180969
-0.2247462272644043,0.3690412640571594,1.304052472114563
-0.4178623557090759,0.7561960816383362,0.9539077281951904
0.25743305683135986,0.6376582980155945,0.8523824214935303
-0.2670106887817383,0.32074645161628723,1.2843983173370361
-0.15708854794502258,0.2882722318172455,1.3058416843414307
-0.44326499104499817,0.30860647559165955,0.7576175928115845
0.10595889389514923,0.18814001977443695,1.0160939693450928
-0.03298746794462204,0.20275986194610596,1.253312110900879
0.060502052307128906,0.5390283465385437,1.3675278425216675
0.04153075069189072,-0.0525951087474823,1.500535249710083
-0.3986572325229645,0.8103175163269043,0.8390691876411438
-0.12899352610111237,0.3435824513435364,1.4888137578964233
0.4450623095035553,0.12427493929862976,1.2403227090835571
0.07396379113197327,-0.689258337020874,0.9899849891662598
0.3765715956687927,0.4300030469894409,1.1336647272109985
-0.10429450869560242,0.5829644799232483,1.1216473579406738
0.24939291179180145,-0.021397240459918976,1.024106502532959
0.1805831789970398,-0.008399419486522675,1.0151052474975586
-0.012566298246383667,0.46481838822364807,0.879805862903595
-0.056730903685092926,0.648595929145813,1.2689464092254639
0.0686325877904892,-0.11122347414493561,1.1802111864089966
-0.21439984440803528,0.4534067213535309,1.4852774143218994
-0.3525182604789734,0.006150305271148682,1.3264777660369873
0.2942243814468384,0.5176863074302673,1.1237123012542725
0.29405996203422546,-0.08974938094615936,1.3650434017181396
-0.4649134576320648,-0.09526222944259644,1.3739337921142578
-0.7803314924240112,0.3915920853614807,0.7943888902664185
-0.013460738584399223,0.08141466975212097,1.5649014711380005
-0.02234039455652237,0.47004812955856323,0.8153652548789978
0.03821327164769173,0.28620898723602295,1.3618650436401367
-0.7171832323074341,0.5527199506759644,1.1477104425430298
-0.5719531774520874,0.42365267872810364,0.712246835231781
0.2568608522415161,0.22942930459976196,1.0397623777389526
0.14195413887500763,0.1967700719833374,0.9144306182861328
0.30679231882095337,0.019557204097509384,0.8029628396034241
-0.6012535095214844,-0.3664172291755676,1.4172284603118896
-0.5012791156768799,0.6840205192565918,0.7163772583007812
-0.29836639761924744,0.4441032409667969,1.1623107194900513
-0.08745068311691284,-0.3739398121833801,1.1022347211837769
-0.6101769208908081,0.29699093103408813,0.981475293636322
-0.01413513720035553,-0.053852736949920654,1.2256412506103516
0.5164344310760498,-0.19037531316280365,0.9706305861473083
0.03267395496368408,-0.21287232637405396,0.7602008581161499
-0.1847718358039856,-0.6447476148605347,1.2302441596984863
-0.4927685856819153,-0.21697673201560974,0.8630565404891968
-0.19068677723407745,0.5518021583557129,0.8230320811271667
-0.22651174664497375,-0.4767969250679016,0.8366074562072754
-0.6846321821212769,0.26872801780700684,0.8487169742584229
0.22825706005096436,-0.3944612741470337,1.0593560934066772
-0.3646673858165741,0.4111417531967163,1.45476496219635
-0.05020197480916977,0.571840763092041,1.111958384513855
0.16574795544147491,0.5096312761306763,1.0788085460662842
-0.12714862823486328,0.32869240641593933,1.3236593008041382
-0.6504180431365967,0.18736718595027924,0.7318504452705383
0.3519010543823242,0.49297720193862915,0.859850287437439
-0.9429300427436829,-0.13863033056259155,1.10611093044281
0.4000368118286133,0.4098016619682312,1.0809284448623657
0.2939092218875885,-0.008363881148397923,1.0714921951293945
-0.3310149908065796,-0.512050449848175,1.253735065460205
0.13314782083034515,-0.04966988414525986,1.4135991334915161
0.016621708869934082,0.5425862073898315,1.1648008823394775
-0.026178576052188873,0.017171315848827362,1.568630576133728
-0.04408930987119675,-0.6571430563926697,1.1758078336715698
-0.21675442159175873,0.5777119398117065,1.3914592266082764
-0.11280815303325653,-0.023243345320224762,1.5803210735321045
-0.78400719165802,0.10983609408140182,0.5342864990234375
-0.4684735834598541,-0.12351985275745392,1.4012877941131592
0.23554205894470215,0.3273678719997406,1.1300493478775024
0.036491475999355316,0.21555235981941223,1.2344615459442139
0.2192540317773819,-0.04183968901634216,0.9917582273483276
-0.42790934443473816,-0.5777541399002075,0.7917630076408386
-0.7227361798286438,0.6602747440338135,0.8876980543136597
-0.8183730244636536,0.021222181618213654,0.817821741104126
0.1586112678050995,-0.3820367157459259,0.7845460176467896
-0.48805543780326843,0.14815187454223633,1.4563394784927368
0.15854710340499878,0.08344126492738724,0.7630146145820618
0.35947728157043457,-0.29573944211006165,1.0127308368682861
0.27570128440856934,-0.22062167525291443,1.0903626680374146
0.4077334403991699,0.038482218980789185,0.994670569896698
0.0644465759396553,0.2468656301498413,0.9908888339996338
-0.7490750551223755,-0.12261411547660828,1.3633897304534912
-0.11168283224105835,0.5312156677246094,0.9748612642288208
-0.775044322013855,0.005241703242063522,1.334587574005127
-0.12718766927719116,-0.23619435727596283,1.4178502559661865
0.019753456115722656,-0.283547580242157,1.1510741710662842
-0.24117159843444824,0.6135917901992798,0.8828679919242859
-0.02558380365371704,-0.33456337451934814,1.380323886871338
0.43787580728530884,0.07964770495891571,1.208052158355713
-0.13324317336082458,-0.6598421335220337,1.0814439058303833
0.23583227396011353,0.43474093079566956,1.1893870830535889
-0.05593571066856384,-0.25376778841018677,0.8902249932289124
-0.20478415489196777,0.6687527894973755,0.9211643934249878
-0.5742901563644409,-0.4538134038448334,0.9909758567810059
0.05679111182689667,0.003524206578731537,1.3564234972000122
0.1351410448551178,0.31338444352149963,1.2917555570602417
-0.5031077861785889,-0.103970468044281,0.8241216540336609
-0.6135441660881042,0.08777659386396408,0.6736289262771606
-0.44079703092575073,-0.19853320717811584,1.2751023769378662
-0.363476037979126,0.5933058261871338,1.380638599395752
-0.2784830331802368,-0.26259711384773254,1.5517985820770264
-0.6518228650093079,-0.6579151153564453,0.7919767498970032
-0.04145350307226181,0.33378469944000244,1.3902397155761719
0.17372432351112366,-0.24543218314647675,1.2038229703903198
0.17696070671081543,-0.06514962017536163,1.1248300075531006
0.12591513991355896,-0.6236245036125183,1.0712729692459106
-0.5537712574005127,0.03146986663341522,1.2646384239196777
0.21629400551319122,0.5138810276985168,1.0895655155181885
0.401458740234375,0.2570212781429291,1.0059103965759277
0.0062822625041007996,-0.44952476024627686,1.4100052118301392
-0.3341108560562134,-0.1223379373550415,1.2178375720977783
-0.3402334153652191,0.40200334787368774,0.7675371170043945
-0.36725082993507385,0.09275731444358826,1.2030689716339111
0.09531120955944061,0.10565745830535889,0.9400155544281006
-0.6874037981033325,0.4254806637763977,0.7393076419830322
0.19587698578834534,0.16629797220230103,1.2977571487426758
-0.2392837405204773,-0.5882055759429932,1.2498488426208496
-0.5273697376251221,0.06331217288970947,1.1765170097351074
-0.12054240703582764,0.19075985252857208,0.7639224529266357
-0.9112155437469482,-0.3871721923351288,0.7713730931282043
0.2171965092420578,0.0247381329536438,0.7967696189880371
-0.3021561801433563,0.1353169083595276,1.5709667205810547
0.11338808387517929,0.08078524470329285,0.9657419919967651
-0.6457614302635193,0.16368401050567627,1.156758189201355
-0.1866726279258728,-0.3390539884567261,1.5119171142578125
-0.858807384967804,-0.15087977051734924,0.49289920926094055
0.0462828055024147,-0.015833498910069466,1.2544225454330444
-0.08959271758794785,0.13454632461071014,1.5177199840545654
-0.1793454885482788,-0.28656521439552307,1.1292006969451904
0.19166526198387146,-0.28576207160949707,0.8233974575996399
-0.3542090356349945,0.2756623923778534,1.3551065921783447
0.22990350425243378,-0.02666618674993515,1.0608866214752197
-0.5892321467399597,-0.007994860410690308,0.42572295665740967
-0.37393224239349365,0.15260763466358185,1.2225755453109741
-0.08112401515245438,-0.2768920063972473,1.0907152891159058
-0.4486716389656067,0.2630665898323059,1.2618904113769531
-0.5878843665122986,0.16034120321273804,1.1652485132217407
-0.15602682530879974,0.3388430178165436,0.9371899962425232
-0.3554312586784363,0.1829567551612854,1.5633013248443604
0.22762009501457214,0.09400768578052521,0.7900865077972412
-0.08155184984207153,0.5431608557701111,1.2378132343292236
-0.046169161796569824,-0.04985930025577545,1.5553654432296753
-0.15140536427497864,0.3046663999557495,0.8124140501022339
0.17003783583641052,0.6101388335227966,1.1236640214920044
0.009011276066303253,-0.34950169920921326,1.303546667098999
-0.46542608737945557,-0.08680456876754761,1.2534587383270264
-0.40674567222595215,-0.02312391996383667,1.5795602798461914
-0.1356946974992752,0.2810507118701935,1.383359432220459
-0.14584505558013916,0.776984691619873,1.048322081565857
-0.036551013588905334,0.4470255672931671,1.168052315711975
-0.24176430702209473,-0.023161891847848892,1.2943187952041626
-0.36574050784111023,0.04422212392091751,1.353416085243225
-0.20331597328186035,-0.7458109259605408,0.9564507603645325
-0.4751203656196594,-0.6339869499206543,1.233940839767456
0.03244015946984291,0.14441223442554474,1.5111067295074463
-0.19027557969093323,0.5323073863983154,1.4360367059707642
-0.4499708116054535,-0.27675703167915344,0.8637108206748962
-0.19063754379749298,-0.06217300891876221,1.406185269355774
-0.13536027073860168,-0.5829516053199768,1.3479653596878052
-0.17439168691635132,0.6164186000823975,1.1732474565505981
-0.5431353449821472,0.25269991159439087,1.1673285961151123
-0.42136281728744507,-0.19670000672340393,1.3851499557495117
-0.3184804618358612,0.18179430067539215,1.5605602264404297
0.1966170072555542,0.4515617787837982,0.9344439506530762
-0.3041241765022278,-0.46344608068466187,1.345076084136963
0.01986064203083515,0.18762053549289703,0.8750827312469482
-0.051563262939453125,0.22710809111595154,1.2552473545074463
-0.09605541825294495,0.7896137833595276,0.7603334188461304
-0.054096825420856476,-0.7607572078704834,0.9295543432235718
-0.6274251341819763,-0.02170707657933235,1.433206558227539
-0.47920742630958557,0.736976683139801,0.6285370588302612
0.045215267688035965,0.25272315740585327,1.0707056522369385
0.14002132415771484,0.40715551376342773,1.0906951427459717
-0.07448031008243561,0.5458886027336121,1.1393616199493408
-0.49342483282089233,0.013563264161348343,0.8081287145614624
0.29928135871887207,-0.4203987121582031,0.9893630743026733
0.3981020152568817,0.1942722499370575,0.9549500346183777
-0.0126698799431324,-0.36990466713905334,1.409035086631775
-0.2520753741264343,-0.418572336435318,0.9073927402496338
-0.04378613084554672,-0.05847426876425743,0.822116494178772
-0.460875928401947,0.7747933864593506,0.8499371409416199
0.2211381196975708,0.3483942151069641,1.268053650856018
0.09687735885381699,0.10191943496465683,1.2687386274337769
-0.216680109500885,0.44336533546447754,1.464571475982666
-0.32661300897598267,-0.14369718730449677,1.5262748003005981
0.10761506855487823,-0.0737578272819519,1.2250697612762451
0.439502477645874,0.3858340382575989,1.0071309804916382
0.21286159753799438,0.6790193915367126,0.8925891518592834
-0.1074933409690857,0.32363998889923096,1.4287265539169312
0.012787140905857086,0.07445874810218811,0.7618839740753174
-0.01902908831834793,-0.3770824670791626,0.9372252821922302
-0.6530536413192749,-0.17577382922172546,1.1215085983276367
-0.45845115184783936,0.41913318634033203,1.054477572441101
0.22256644070148468,-0.040164098143577576,0.9423155784606934
0.08187877386808395,0.37409472465515137,0.8448086977005005
-0.5535918474197388,-0.5692710876464844,1.2878941297531128
-0.45751258730888367,-0.41530799865722656,0.9456340074539185
0.01152152568101883,-0.5365673303604126,0.8255451917648315
-0.9299281239509583,-0.32196372747421265,1.0061715841293335
-0.3870941400527954,-0.2463822215795517,1.3724991083145142
-0.03444785624742508,0.02668064832687378,1.2854506969451904
-0.9577762484550476,0.1714967042207718,0.9552806615829468
0.014342088252305984,-0.07817088812589645,1.4602372646331787
-0.0388510599732399,0.7606677412986755,0.7181962132453918
0.044204048812389374,-0.1497674286365509,0.771965503692627
-0.2462622970342636,-0.2588154971599579,0.8584246635437012
-0.1539132297039032,0.17802968621253967,1.1882274150848389
-0.31829965114593506,-0.24314498901367188,0.989687442779541
-0.5097994208335876,0.39793601632118225,1.296610713005066
0.13600154221057892,0.3680967688560486,1.1037774085998535
-0.3914611339569092,0.14162446558475494,1.2623114585876465
0.33926495909690857,-0.5023147463798523,0.9688722491264343
0.09943550825119019,-0.30945056676864624,1.343885898590088
-0.18831443786621094,0.5224888324737549,0.8436621427536011
0.2874651253223419,0.16436994075775146,0.8049113750457764
-0.26024532318115234,-0.19628329575061798,1.0921710729599
-0.22011180222034454,0.272438108921051,1.5644350051879883
-0.2944405674934387,-0.4324156939983368,1.3671283721923828
-0.6259393692016602,0.1291516125202179,1.0170403718948364
-0.11314491927623749,0.2467675507068634,1.4051518440246582
-0.3168110251426697,0.21012763679027557,1.3282570838928223
0.12256544828414917,0.37168943881988525,0.9470056295394897
-0.7371659278869629,0.3080933094024658,0.790264368057251
-0.5247840881347656,0.6786993741989136,0.9365344047546387
0.23000678420066833,-0.6048814058303833,1.0039794445037842
0.12204422801733017,-0.3492189645767212,1.2172235250473022
-0.5147006511688232,-0.36695703864097595,0.8164354562759399
-0.04364969581365585,-0.4919029474258423,1.1799861192703247
-0.929419219493866,-0.0874316543340683,1.0385710000991821
0.33356374502182007,-0.20889967679977417,1.130854845046997
0.10617044568061829,-0.13994890451431274,1.0346770286560059
-0.6054132580757141,-0.16537049412727356,1.265030860900879
0.05313652753829956,0.4939854145050049,0.9003353118896484
-0.1926508992910385,-0.05907087028026581,1.5693490505218506
-0.18935683369636536,-0.5614866614341736,1.1813660860061646
-0.22335834801197052,0.2209472358226776,1.2042515277862549
-0.8455674052238464,0.17614705860614777,0.4358373284339905
-0.38274085521698,-0.1197432205080986,1.2435929775238037
-0.8935343623161316,-0.0024278350174427032,1.1415542364120483
-0.3514278829097748,-0.19903571903705597,1.455771803855896
0.21575701236724854,0.03769712895154953,1.3958590030670166
-0.4590744972229004,-0.5752243995666504,1.1853444576263428
-0.45475172996520996,-0.6992694139480591,0.9352986216545105
-0.6926395297050476,0.22137156128883362,0.7741600275039673
0.007399655878543854,0.24021342396736145,1.502981424331665
0.10176844894886017,0.2979724705219269,1.189828634262085
-0.7574851512908936,-0.14753291010856628,1.3143599033355713
0.026794400066137314,0.14125795662403107,0.9403282403945923
0.27146217226982117,0.07065623998641968,1.1003139019012451
-0.5549898743629456,0.08718088269233704,0.930539071559906
-0.41303569078445435,-0.2793115973472595,1.3213919401168823
-0.43753039836883545,-0.07346408069133759,1.3986990451812744
0.11350563168525696,0.10970977693796158,1.2931607961654663
-0.7546267509460449,-0.18773649632930756,1.2047836780548096
-0.40998005867004395,0.3630722761154175,1.1987024545669556
0.13194327056407928,0.21863242983818054,1.0093696117401123
0.03725622966885567,-0.048819899559020996,1.303787350654602
-0.20290149748325348,-0.24817246198654175,0.7932835817337036
-0.3524799346923828,-0.18469178676605225,0.8299561738967896
-0.03331457078456879,0.3267480432987213,1.3533062934875488
-0.15072378516197205,0.3792214095592499,0.9958186149597168
-0.1704099476337433,-0.2880796790122986,1.3378756046295166
-0.19968068599700928,0.35233640670776367,0.877073347568512
0.49438151717185974,-0.1876387894153595,1.0346827507019043
-0.7492523193359375,-0.03816382586956024,1.3156427145004272
-0.515460193157196,0.48025083541870117,1.41567063331604
-0.32294708490371704,-0.13622039556503296,1.2789998054504395
-0.7791763544082642,0.13735762238502502,1.0470423698425293
0.4777924120426178,0.10640858858823776,1.184072494506836
-0.8562580347061157,0.45320120453834534,1.0440315008163452
0.49091029167175293,-0.01075662486255169,1.0392787456512451
0.1938813328742981,-0.44899365305900574,1.1743403673171997
0.2776036560535431,0.00033228471875190735,1.203853964805603
-0.5328237414360046,0.3060544729232788,1.4695589542388916
0.04592128098011017,-0.16401958465576172,1.0557572841644287
-0.21396572887897491,0.4686332941055298,1.066457748413086
-0.38108882308006287,-0.47645947337150574,0.9762343764305115
-0.03926500305533409,0.30007442831993103,1.1669456958770752
-0.2980720102787018,-0.29347744584083557,1.239820957183838
0.14960606396198273,-0.6812810301780701,0.9080660939216614
-0.041253238916397095,-0.6997411251068115,0.675871729850769
-0.7287974953651428,-0.09404051303863525,1.3915126323699951
-0.36179178953170776,0.7155485153198242,1.0512573719024658
-0.08492434024810791,-0.34089571237564087,0.8639745116233826
-0.24799282848834991,-0.23825567960739136,1.2840580940246582
-0.32531219720840454,-0.25818079710006714,1.1642560958862305
-0.4580118656158447,0.08782161772251129,1.5271265506744385
-0.1462704986333847,0.3509535789489746,0.8281639218330383
-0.549334704875946,0.7407839298248291,0.8922920227050781
-0.5008534789085388,0.354733943939209,1.3178915977478027
-0.5871213674545288,-0.39569103717803955,1.3646711111068726
-0.17846009135246277,0.18899288773536682,1.5679737329483032
-0.6960921883583069,-0.08758950233459473,0.5728362798690796
0.30531471967697144,-0.10209204256534576,1.2111732959747314
-0.7433171272277832,-0.207269087433815,1.1904826164245605
0.007397881709039211,0.029390450567007065,1.5636489391326904
-0.43623822927474976,-0.18536484241485596,1.5340864658355713
-0.38588041067123413,0.4075644910335541,1.4431796073913574
-0.03699549660086632,-0.21436700224876404,0.9171464443206787
-0.6219235062599182,0.26409345865249634,1.2123134136199951
-0.09579730033874512,-0.12026892602443695,1.4378905296325684
-0.47614219784736633,0.012151077389717102,0.7715674638748169
-1.0219228267669678,0.17970123887062073,0.744966447353363
-0.5082107782363892,-0.1018339991569519,1.5169103145599365
0.20260226726531982,-0.04334509000182152,1.292863130569458
-0.16143393516540527,0.3721422851085663,1.3277287483215332
-0.11300203204154968,0.41798219084739685,1.2458189725875854
0.21922259032726288,-0.26413843035697937,0.9992834329605103
-0.12042009085416794,0.5700618028640747,1.0285040140151978
-0.2224166840314865,-0.27002862095832825,1.4514665603637695
-0.28370386362075806,0.47740301489830017,1.2486302852630615
-0.7583744525909424,-0.0759178176522255,1.006041169166565
0.1165974959731102,0.3435249626636505,1.3726651668548584
-0.8016275763511658,-0.15412884950637817,1.0474793910980225
0.11594054847955704,0.6682065725326538,0.9840693473815918
-0.380384624004364,-0.29095175862312317,1.2693302631378174
-0.0006484612822532654,0.012133609503507614,1.3147796392440796
-0.5069820284843445,-0.06451280415058136,1.2025763988494873
-0.0759921595454216,0.06041178107261658,1.3217151165008545
-0.5041816830635071,0.4920697808265686,1.1583584547042847
-0.25850117206573486,0.6492258310317993,1.058784008026123
-0.34418585896492004,-0.008581542409956455,1.3249990940093994
-0.181782066822052,0.5310081839561462,1.3763831853866577
-0.1604522466659546,-0.23238234221935272,1.2740291357040405
-0.41970548033714294,-0.58738112449646,1.3206995725631714
-0.5831128358840942,0.1564774513244629,0.6929660439491272
0.42703893780708313,0.3566926419734955,1.1118433475494385
-0.5388744473457336,-0.14978814125061035,1.4147987365722656
-0.413104772567749,-0.38227272033691406,1.3663768768310547
-0.5907256603240967,0.16758276522159576,1.3234107494354248
-0.1635712832212448,-0.08836383372545242,1.5719512701034546
-0.430308997631073,0.7493797540664673,1.0945513248443604
-0.007067160680890083,-0.24345432221889496,1.4851340055465698
-0.6737035512924194,-0.4893525242805481,0.928807258605957
0.06486838310956955,0.6636972427368164,1.1059781312942505
-0.23482927680015564,-0.25168314576148987,1.0340098142623901
0.19245806336402893,0.5516920685768127,1.2595031261444092
-0.2558480203151703,0.151177778840065,1.2546826601028442
0.01891803741455078,0.31969064474105835,1.375605821609497
-0.7335806488990784,-0.044918738305568695,1.355155348777771
-0.5997947454452515,0.05936674773693085,1.2997584342956543
-0.3694228231906891,0.017751790583133698,1.274017572402954
0.06536981463432312,0.10945736616849899,1.5188287496566772
0.011342763900756836,0.519128143787384,1.1449105739593506
-0.20861700177192688,0.4900432229042053,1.398329257965088
-0.6053885817527771,-0.10203495621681213,0.4122052490711212
-0.04154447466135025,-0.39734840393066406,0.9769043922424316
-0.34468764066696167,0.6630565524101257,1.2116657495498657
0.08912427723407745,0.4022596478462219,1.1062037944793701
0.041773855686187744,0.12165217846632004,0.8544990420341492
0.19488713145256042,-0.523651123046875,1.1381378173828125
0.11672624200582504,-0.12897580862045288,1.3319116830825806
-0.6574967503547668,0.37363165616989136,0.4047476351261139
-0.7594625353813171,0.36818626523017883,0.45618993043899536
0.018738336861133575,0.22381336987018585,0.7996722459793091
-0.7119544744491577,0.05384122580289841,0.5350548028945923
-0.304251492023468,0.5351667404174805,1.3734979629516602
0.0075577422976493835,0.21077297627925873,1.2581920623779297
-0.1133650615811348,0.5189180970191956,1.0250120162963867
0.14308464527130127,-0.36790525913238525,1.3391108512878418
-0.61480313539505,-0.2823728322982788,0.745077908039093
-0.017227422446012497,-0.2219267189502716,1.4355789422988892
-0.5672410726547241,-0.19598624110221863,1.3524699211120605
0.41691359877586365,0.2147349864244461,1.0405478477478027
-0.3887859880924225,0.7194067239761353,0.8455551862716675
0.007782869040966034,-0.4324769079685211,0.9163441061973572
-0.6805214881896973,0.10495628416538239,1.3254045248031616
0.2071312665939331,0.6497989892959595,0.7014155387878418
0.26226675510406494,-0.043301574885845184,0.996920108795166
-0.25866401195526123,-0.4470198452472687,0.8828122615814209
0.43836432695388794,-0.40493717789649963,0.8250657320022583
-0.8218241930007935,-0.48341983556747437,1.0318535566329956
-0.4795796275138855,0.7146044969558716,1.0464619398117065
0.125980943441391,-0.2742253541946411,1.164900779724121
-0.6415866017341614,-0.27493447065353394,1.2838807106018066
0.29460328817367554,0.11259111762046814,1.3411598205566406
-0.2189674973487854,0.7189946174621582,0.9212589263916016
0.024000093340873718,0.11018870025873184,1.2798138856887817
0.22373339533805847,0.3100946247577667,0.8201972246170044
-0.2295435070991516,0.4465479850769043,0.8714757561683655
-0.0958724319934845,-0.2980837821960449,1.2778503894805908
-0.194694384932518,0.04162362217903137,1.2567423582077026
0.01638193055987358,-0.32852137088775635,1.0977458953857422
-0.23026630282402039,0.5647076368331909,0.9641003608703613
0.2002846747636795,-0.3230469226837158,0.7907559871673584
-0.30943500995635986,0.3522535562515259,0.7610436677932739
-0.14578279852867126,0.5637720823287964,0.769012451171875
-0.5522335767745972,0.3629213571548462,0.6387830972671509
-0.6091663837432861,-0.4909936487674713,1.281442403793335
0.1346464455127716,0.19759376347064972,1.1978628635406494
0.17700831592082977,0.16437628865242004,0.8362587690353394
-0.19441787898540497,0.47394126653671265,1.357657790184021
-0.07475845515727997,0.21429473161697388,1.28670072555542
-0.3925358057022095,0.4757620692253113,1.0803130865097046
-0.4785977005958557,0.5138270854949951,1.2592095136642456
-0.7947796583175659,-0.028396915644407272,1.275850534439087
-0.3611977696418762,-0.18534404039382935,1.179996371269226
-0.6195338368415833,0.2554605305194855,0.5030721426010132
0.31262630224227905,0.4839366674423218,1.159457802772522
0.1908804476261139,0.20399412512779236,1.4387383460998535
-0.7688656449317932,0.2724265158176422,0.699676513671875
0.04501243680715561,0.08753663301467896,1.4292961359024048
-0.359958291053772,-0.3549829423427582,1.4094152450561523
0.19473719596862793,-0.6034057140350342,0.9999005794525146
0.05309835076332092,0.4059661626815796,0.9877995252609253
-0.007546847686171532,-0.2821761965751648,0.993979811668396
0.03704313188791275,-0.2071259319782257,0.7827730774879456
-0.06262511014938354,-0.36730051040649414,1.1421384811401367
0.23200440406799316,0.258226215839386,1.327012538909912
-0.2640068233013153,0.577123761177063,1.1342946290969849
0.39676886796951294,0.3489440083503723,1.20627760887146
0.13765840232372284,-0.03504210710525513,1.098753809928894
-0.2472958266735077,-0.33725622296333313,1.4282987117767334
-0.341861367225647,-0.009610204957425594,1.5683364868164062
-0.24215690791606903,-0.5761652588844299,0.9334942102432251
-0.4453590214252472,0.6493580937385559,1.0833377838134766
0.13323044776916504,-0.12400707602500916,1.4541689157485962
-0.22345998883247375,-0.5058850646018982,0.8490214347839355
-0.2701863944530487,-0.05940185487270355,1.5671101808547974
0.10633976757526398,0.40431416034698486,1.421576976776123
-0.5611051917076111,-0.41657328605651855,1.2274428606033325
-0.23815347254276276,-0.7211621999740601,0.938286542892456
0.248685821890831,-0.3360918164253235,1.0355966091156006
-0.12139524519443512,0.47866183519363403,1.1541733741760254
-0.05232034623622894,0.2959761619567871,1.3835375308990479
-0.03228618949651718,0.26797258853912354,1.1260535717010498
-0.13202834129333496,0.6748260855674744,1.270043134689331
-0.5708377957344055,-0.6251205205917358,1.1786478757858276
-0.09402485936880112,0.22657908499240875,1.4317094087600708
0.04311762750148773,0.15908557176589966,0.7762002944946289
-0.3959949314594269,0.30272307991981506,1.4389195442199707
-0.1510191559791565,-0.28120481967926025,0.8984691500663757
-0.23444539308547974,-0.6406181454658508,1.191110372543335
-0.3121693730354309,0.23831719160079956,1.0937780141830444
-0.20076262950897217,-0.09882719814777374,1.1133228540420532
-0.7499167919158936,0.32475990056991577,1.293252944946289
-0.3648161292076111,-0.5739350318908691,1.082565188407898
-0.2588883638381958,-0.2504095435142517,1.5517579317092896
-0.6913044452667236,0.17364855110645294,0.9926798343658447
-0.6948597431182861,0.06853150576353073,0.5599135160446167
-0.3839585483074188,-0.3078019618988037,1.2186769247055054
-0.3942834734916687,-0.26442742347717285,1.3432469367980957
0.4726397395133972,0.12063053995370865,0.9711960554122925
-0.11661670356988907,0.32429513335227966,0.8215737342834473
0.20174527168273926,0.4777393341064453,1.3094842433929443
0.0812889039516449,0.28683698177337646,1.3115757703781128
0.18148019909858704,-0.19034287333488464,0.9548824429512024
-0.006883823312819004,-0.21452486515045166,0.9473431706428528
-0.7196584343910217,-0.09786254167556763,0.9328958988189697
-0.05749831348657608,-0.1539531797170639,1.5580719709396362
-0.6927635669708252,-0.13512742519378662,1.2582688331604004
-0.30445054173469543,0.3404390811920166,1.0641003847122192
0.24843618273735046,0.5877078771591187,0.926716148853302
-0.5693738460540771,-0.4729805886745453,1.235517978668213
0.4649384915828705,-0.09710760414600372,0.8004966974258423
0.05381940305233002,-0.038878217339515686,1.219176173210144
-0.19238436222076416,-0.18059679865837097,1.4821350574493408
-0.6985964179039001,0.11621809005737305,1.460220217704773
0.07378751039505005,0.5275733470916748,1.242020606994629
0.28521913290023804,0.1469530314207077,0.8557581305503845
-0.1810086965560913,-0.4168088138103485,0.9081332683563232
0.018472883850336075,0.3395898640155792,1.288510799407959
-0.35299625992774963,0.19806666672229767,1.494734525680542
-0.03589162975549698,-0.24598601460456848,1.4335275888442993
0.18437941372394562,0.4836604595184326,0.9278198480606079
-0.16960011422634125,0.5676705241203308,1.3941675424575806
-0.09416256844997406,0.4743648171424866,0.9269357919692993
-0.14823918044567108,-0.6449958682060242,1.028177261352539
-0.12563715875148773,-0.15112432837486267,1.5707145929336548
0.3246614336967468,0.581985354423523,0.7644867897033691
-0.17594799399375916,0.2323053628206253,1.5533583164215088
-0.09789875149726868,0.25264936685562134,1.556584358215332
0.13189247250556946,0.3546132743358612,0.8512450456619263
-0.022976452484726906,0.2496384233236313,1.5194389820098877
-0.1840006709098816,-0.051804475486278534,1.5600886344909668
-0.6338347792625427,0.08279334753751755,0.3993009924888611
0.20162346959114075,-0.4252597391605377,0.8000984191894531
-0.7562544345855713,-0.06287218630313873,0.8251888155937195
-0.06201957166194916,0.4812173545360565,0.8091059923171997
-0.06237178295850754,0.5895269513130188,1.2586249113082886
0.3613468110561371,0.1006653755903244,0.8576865196228027
0.341697633266449,0.48842108249664307,1.002671241760254
-0.10885198414325714,0.28574851155281067,1.11181640625
-0.7062501311302185,-0.23741477727890015,0.7164215445518494
0.04543682187795639,0.053707342594861984,1.1081225872039795
-0.07288691401481628,-0.18202754855155945,1.5473310947418213
-0.5659216046333313,0.19160956144332886,1.1984728574752808
0.28785479068756104,0.2661924660205841,1.1928915977478027
-0.010872118175029755,0.6783278584480286,1.2025103569030762
-0.32942289113998413,-0.5247821807861328,0.942147970199585
-0.4373417794704437,-0.36422231793403625,0.9209693670272827
0.49935102462768555,-0.024077700451016426,0.9883500933647156
0.15708203613758087,0.6454330682754517,1.0201778411865234
-0.5613008141517639,0.10309737175703049,0.9612298607826233
0.1187649816274643,0.16697347164154053,1.2098928689956665
-0.37225401401519775,-0.517703652381897,1.2687432765960693
-0.19570139050483704,0.286069393157959,0.7644952535629272
0.2158011943101883,0.36214882135391235,0.8862715363502502
0.16485875844955444,-0.3280103802680969,1.3682879209518433
-0.024295799434185028,-0.18650680780410767,1.4422500133514404
0.21348346769809723,0.31965047121047974,1.253292441368103
-0.10491489619016647,0.7596266269683838,0.7107383012771606
-0.34468305110931396,-0.11254893243312836,1.2176579236984253
0.20459209382534027,0.07085923105478287,1.0288411378860474
-0.19341841340065002,-0.6880409121513367,1.0011085271835327
-0.04835451394319534,-0.010818839073181152,1.098681092262268
0.31036484241485596,0.10752508044242859,1.297642469406128
-0.7639262676239014,0.39221271872520447,0.5157904624938965
-0.16951122879981995,-0.3744482100009918,1.2938066720962524
-0.016428498551249504,0.17132358253002167,1.0388001203536987
0.1673407405614853,-0.3856782913208008,0.9891299605369568
0.03643949329853058,0.1251077651977539,1.1148300170898438
-0.6777932643890381,-0.06538346409797668,0.8120144009590149
-0.15439514815807343,-0.19837194681167603,1.2720210552215576
-0.25642430782318115,0.6733236312866211,1.2634212970733643
-0.5014024376869202,-0.3254022002220154,1.1226900815963745
-0.4058893024921417,-0.3037388324737549,0.9624856114387512
0.04068596661090851,-0.008092314004898071,1.5474865436553955
-0.540259838104248,-0.07644441723823547,0.8104017376899719
-0.504967451095581,-0.06148138642311096,0.8314547538757324
0.2716008424758911,-0.3082689642906189,1.1707347631454468
-0.14626996219158173,0.6027805805206299,0.8137114644050598
-0.2808725833892822,-0.1182662844657898,1.2866390943527222
-0.5870274305343628,-0.004898175597190857,0.7288458347320557
0.24383188784122467,0.2568715810775757,1.0252134799957275
-0.5935903787612915,0.12058215588331223,0.6175546050071716
-0.3047294616699219,0.47326457500457764,1.0162216424942017
-0.5168331265449524,-0.46200108528137207,1.2100774049758911
-0.6694824695587158,-0.012771740555763245,0.599318265914917
-0.37026989459991455,-0.13607372343540192,1.3387327194213867
0.18978318572044373,-0.43880391120910645,1.189116358757019
-0.27484339475631714,0.4488324224948883,1.0992686748504639
0.1847168207168579,-0.2677620053291321,1.228901743888855
-0.4825977683067322,-0.4349556565284729,1.031670093536377
0.3092470169067383,-0.041331492364406586,1.0781376361846924
-0.7488309144973755,0.137408047914505,1.252722978591919
-0.473621129989624,0.0367715060710907,1.0333256721496582
-0.5006014108657837,-0.27504628896713257,1.2972760200500488
0.2365250438451767,0.2218761295080185,1.0390573740005493
-0.017861559987068176,-0.5107758045196533,1.3289148807525635
-0.01571798324584961,-0.27341341972351074,1.0970730781555176
0.03510899469256401,0.03927569463849068,1.4293612241744995
0.15800237655639648,-0.32997164130210876,1.3688349723815918
0.269081175327301,0.06816376745700836,0.9873368144035339
-0.49770021438598633,0.5316357016563416,1.2655508518218994
0.3945213854312897,-0.06068544089794159,1.1751126050949097
0.05869218707084656,0.2423255741596222,0.7735977172851562
-0.05957014858722687,0.47053098678588867,1.3729444742202759
0.15305934846401215,-0.32425999641418457,0.8480492234230042
-0.3975974917411804,-0.10246868431568146,1.2265174388885498
0.15486247837543488,0.44820502400398254,0.9466872811317444
-0.008126329630613327,0.23814570903778076,1.3435665369033813
-0.07852347195148468,0.3148963153362274,1.0404636859893799
-0.11904137581586838,0.6878108382225037,0.9936602115631104
-0.470879465341568,0.7151691913604736,0.9678621888160706
-0.3239247798919678,-0.48340243101119995,1.2842137813568115
-0.2755010724067688,-0.42581355571746826,1.0538554191589355
-0.2865909934043884,0.010047994554042816,1.2788008451461792
-0.13119935989379883,-0.5759508609771729,1.250694751739502
-0.02496839314699173,-0.5182455778121948,1.0902142524719238
-0.11310820281505585,-0.18961814045906067,1.373546838760376
0.07918120920658112,0.02342524379491806,1.0653294324874878
-0.025287378579378128,0.4807891845703125,1.090513825416565
-0.6616425514221191,0.6192964911460876,1.13852858543396
-0.20790812373161316,-0.44716665148735046,1.0922229290008545
-0.5912466049194336,0.08372613042593002,0.5940870642662048
-0.04260105639696121,-0.2331356704235077,0.8516383171081543
0.1293039321899414,0.27926427125930786,1.2832225561141968
0.05633935332298279,-0.52122962474823,1.0545895099639893
0.11360151320695877,0.24250157177448273,1.2874970436096191
0.03692511096596718,-0.29655027389526367,0.8178520202636719
0.1524108350276947,-0.00435473769903183,1.2538942098617554
0.09834025800228119,0.2345181107521057,1.3147255182266235
-0.9712609052658081,0.324585497379303,0.8612104654312134
-0.20111200213432312,0.2775416672229767,1.3651070594787598
-0.36592724919319153,-0.08765488117933273,1.3077492713928223
-0.6907610893249512,0.07902626693248749,0.6150535941123962
-0.22669605910778046,0.02719489485025406,1.5735242366790771
-0.0370161309838295,0.3652810752391815,0.8998225331306458
-0.22241055965423584,0.28434330224990845,1.4538443088531494
-0.35979127883911133,0.6558558940887451,0.9499017000198364
-0.22043484449386597,0.4376760721206665,0.8704376816749573
-0.6609952449798584,0.18134434521198273,1.288199543952942
-0.3810220956802368,0.2554800510406494,0.850826621055603
0.0001361258327960968,0.28926941752433777,1.249753713607788
-0.9569647312164307,0.35973668098449707,0.9204072952270508
0.4949305057525635,0.009727798402309418,1.0338691473007202
0.2131509780883789,0.3211061954498291,1.0748008489608765
-0.06346491724252701,-0.5608481764793396,0.9831690192222595
-0.6670842170715332,-0.13342124223709106,1.184948444366455
-0.4172576069831848,-0.3220025300979614,1.0237940549850464
-0.09403875470161438,-0.29420822858810425,1.0255495309829712
-0.651400089263916,0.47835904359817505,0.5015950798988342
0.052643273025751114,-0.33971408009529114,1.0471551418304443
0.2653471529483795,0.11169194430112839,1.3260955810546875
-0.8536543250083923,0.25960272550582886,1.2746641635894775
0.014285240322351456,-0.4645405411720276,1.090476393699646
-0.006601609289646149,0.17103548347949982,1.3517754077911377
-0.5378924012184143,-0.49202531576156616,1.3726974725723267
-0.3354300260543823,-0.4162106513977051,1.3879749774932861
-0.3547690510749817,-0.07976838946342468,0.9085878133773804
-0.33751818537712097,0.340343713760376,1.5247993469238281
-0.005243077874183655,0.31947851181030273,0.877912700176239
0.0854717269539833,-0.015666194260120392,1.4145394563674927
-0.802198052406311,0.005843937397003174,1.1714420318603516
0.31130415201187134,0.3089296221733093,1.2695798873901367
0.024038709700107574,0.41406959295272827,1.038682222366333
0.12795571982860565,-0.3058476448059082,1.4271243810653687
-0.8145061135292053,0.17086061835289001,0.7807219624519348
0.3834782540798187,-0.1601077914237976,1.2138434648513794
-0.1582157015800476,-0.059560589492321014,1.565313458442688
-0.18688854575157166,0.8198679089546204,0.8305570483207703
-0.1895734667778015,0.015439137816429138,1.4998679161071777
0.07485180348157883,0.2569164037704468,1.102327585220337
-0.47731563448905945,-0.25209760665893555,1.4028775691986084
-0.5888791084289551,-0.5395770072937012,1.2918977737426758
-0.2394818663597107,-0.3392051160335541,1.1841784715652466
-0.5440759062767029,0.11579540371894836,1.0042015314102173
-0.07787637412548065,0.38039231300354004,0.7583740949630737
0.08319446444511414,0.17248710989952087,0.7669528126716614
-0.2406844198703766,0.42719516158103943,1.3864102363586426
-0.12390054017305374,0.41773104667663574,1.4832209348678589
-0.25974494218826294,-0.0892530158162117,1.5715409517288208
-0.2970975637435913,-0.5345072746276855,1.0624656677246094
-0.4419230818748474,-0.6510149836540222,1.0215115547180176
-0.1567465215921402,0.3924303650856018,1.240078330039978
-0.4431072473526001,0.6991173028945923,0.9021041989326477
-0.458186537027359,0.05237653851509094,0.7997207641601562
-1.0027275085449219,0.2353406697511673,0.7564800977706909
0.05446799471974373,0.11735744029283524,0.8792306184768677
-0.22076991200447083,0.1156100332736969,1.3520983457565308
-0.32550740242004395,-0.6950217485427856,1.1777321100234985
-0.5316985845565796,-0.3831053674221039,0.6840759515762329
-0.7417985200881958,-0.09210491180419922,0.7446984052658081
-0.4375711679458618,-0.23530788719654083,1.1260795593261719
-0.38171011209487915,-0.7485212683677673,0.735480010509491
0.2238379418849945,0.01580798625946045,1.3069926500320435
0.04697222262620926,-0.46333467960357666,1.2373179197311401
-0.14594680070877075,0.2713544964790344,1.2027641534805298
-0.357388436794281,-0.3183310925960541,1.5178215503692627
-0.7715827822685242,0.17969970405101776,1.1225467920303345
-0.7994076609611511,-0.1947687417268753,1.2016167640686035
0.38166654109954834,-0.3054391145706177,1.2088820934295654
-0.7636057138442993,-0.011849194765090942,0.7162331342697144
-0.17022846639156342,0.5949876308441162,1.3439644575119019
-0.577987551689148,-0.2963423728942871,1.1641852855682373
-0.7681707739830017,-0.3178456723690033,0.8575129508972168
-0.17214426398277283,-0.341016948223114,1.5227981805801392
-0.07344432920217514,-0.24429109692573547,1.08954656124115
0.36497196555137634,-0.4954659044742584,0.8448699712753296
-0.03150928020477295,-0.011294379830360413,1.203720211982727
-0.06081718951463699,0.3128235340118408,1.5317045450210571
-0.08862119168043137,-0.557845413684845,0.9083594083786011
-0.269648015499115,-0.38828808069229126,1.2656793594360352
-0.14830449223518372,0.27692049741744995,1.4190924167633057
0.008440721780061722,-0.31504806876182556,1.1120623350143433
-0.9132953882217407,0.39090436697006226,1.0937559604644775
-0.6166421175003052,0.2156831920146942,1.4260778427124023
-0.1861080378293991,-0.3082592189311981,0.7774239182472229
-0.24225491285324097,0.0751255452632904,1.1737037897109985
-0.11982712149620056,-0.04182816296815872,1.5770912170410156
-0.05475102365016937,0.3357394337654114,1.3979222774505615
0.013745822012424469,0.3826621472835541,1.121448040008545
