X,Y,Z
0.5952886939048767,-0.1240764930844307,1.0716958045959473
0.6026847958564758,-0.9662410020828247,1.0675442218780518
0.821527361869812,-0.2754283845424652,1.3374561071395874
0.676734209060669,-0.3914860188961029,1.4764822721481323
0.39441147446632385,-0.26691576838493347,1.3957687616348267
0.4167313873767853,-0.324806272983551,1.4997326135635376
0.38215115666389465,-0.2680341899394989,1.2423518896102905
0.6543254852294922,0.24154111742973328,1.1108224391937256
0.7800647020339966,-0.905563235282898,0.8297234773635864
0.7228756546974182,-0.6252664923667908,1.2970117330551147
0.9780403971672058,-0.5021395087242126,0.9516572952270508
0.9309201240539551,-0.4318962097167969,1.519103765487671
0.6049306392669678,-0.6117847561836243,0.886224091053009
0.051203638315200806,-0.24692413210868835,0.8399484157562256
0.5479791164398193,-0.7878101468086243,1.3445812463760376
1.440578818321228,0.23104169964790344,0.8335767388343811
0.7832586765289307,-0.569004237651825,0.9053579568862915
0.6594066619873047,-0.09667500108480453,1.5668349266052246
0.505158007144928,-0.8963216543197632,1.077915906906128
0.7557586431503296,0.040554508566856384,1.2076733112335205
0.3755098879337311,-0.13987770676612854,1.1412935256958008
0.9245796799659729,-0.6892069578170776,0.693169116973877
0.7763291001319885,-0.8214341998100281,1.345070719718933
0.5723191499710083,-0.26868459582328796,1.4416097402572632
0.4847224950790405,-0.1662585586309433,1.0750349760055542
1.1386526823043823,-0.12572568655014038,0.3990391492843628
0.35095924139022827,-0.28034502267837524,0.8780262470245361
0.32085883617401123,-0.5332529544830322,0.7570763826370239
0.5813289880752563,0.1811663657426834,1.2474428415298462
1.2126522064208984,-0.2307279109954834,1.4198291301727295
0.38414233922958374,-0.41107773780822754,1.229986310005188
0.5250099897384644,0.004351325333118439,0.8098071217536926
0.5342569351196289,-0.7106395959854126,1.0739713907241821
0.7163337469100952,0.02458888664841652,0.8502243757247925
0.5957485437393188,-0.3367130756378174,1.1764609813690186
0.5981451272964478,-0.7370668649673462,0.8543450832366943
0.6136464476585388,-0.005911443382501602,1.1849818229675293
0.475313663482666,-0.4165828227996826,1.2334120273590088
0.7592569589614868,-0.6311405301094055,0.5453169345855713
0.42177656292915344,-0.2781449556350708,1.0122145414352417
1.0188992023468018,-0.014487501233816147,0.8195586800575256
1.0739134550094604,-0.030381709337234497,0.9369086623191833
0.591705858707428,0.09751055389642715,1.296549916267395
0.5533007979393005,-0.1786772906780243,1.034497618675232
0.43067196011543274,0.010353699326515198,1.0537607669830322
0.5701183080673218,-0.44934138655662537,1.3680760860443115
0.5293554663658142,0.27195072174072266,1.2570016384124756
0.7066380977630615,-0.6762201189994812,1.2629356384277344
1.3666579723358154,-0.5256913304328918,1.1723802089691162
1.290213704109192,-0.15677274763584137,1.2976239919662476
0.923917829990387,0.0054816268384456635,1.3346428871154785
0.9667836427688599,-0.4481522738933563,1.4123584032058716
0.8009344339370728,-0.37626466155052185,1.5713157653808594
0.572597861289978,-0.022555358707904816,0.9027887582778931
0.2826386094093323,-0.4906730055809021,0.8508845567703247
1.1457055807113647,0.06584398448467255,1.3513903617858887
1.0676518678665161,-0.7804101705551147,1.0207194089889526
0.3931870460510254,-0.6514847874641418,0.6688233613967896
0.6224194169044495,-0.11389587074518204,1.5601030588150024
1.0124669075012207,-0.04070849344134331,1.1996283531188965
0.5445285439491272,0.2883172035217285,1.3013460636138916
0.8381175994873047,-0.629310131072998,0.438467800617218
0.8192729353904724,0.3943027853965759,1.0501378774642944
0.4814043939113617,-0.37724825739860535,1.4400970935821533
0.929061233997345,0.22053007781505585,1.2547987699508667
0.5821835398674011,0.07625335454940796,1.1579554080963135
1.2269245386123657,-0.3060344457626343,1.131873369216919
1.1867555379867554,-0.9072446227073669,0.6648399233818054
1.1237623691558838,-0.9305264353752136,0.6887722611427307
0.7555104494094849,-0.706171989440918,0.870175302028656
1.4640069007873535,-0.28864428400993347,1.261114478111267
0.432253360748291,0.2437465339899063,1.1495622396469116
0.8762970566749573,-0.6762224435806274,0.8244674205780029
0.43395373225212097,0.12977980077266693,1.1166746616363525
0.521021842956543,-0.4006783664226532,1.062666416168213
0.7073754668235779,0.0022939741611480713,1.453896403312683
1.1035834550857544,-0.16065745055675507,1.3296087980270386
0.895316481590271,-0.6347590684890747,0.9645251035690308
1.5176737308502197,-0.5294374227523804,0.7575241327285767
0.7165533900260925,-0.8038051724433899,1.3178457021713257
0.19154587388038635,-0.4351170063018799,1.1897680759429932
0.7875410318374634,0.2571253776550293,0.8154054880142212
1.2496376037597656,-0.06050132215023041,1.4487888813018799
0.7332683801651001,-0.0973806381225586,1.5660440921783447
1.0380617380142212,0.006581105291843414,1.5243054628372192
0.7386924624443054,0.26999008655548096,1.3010222911834717
1.0736596584320068,-0.3757934868335724,1.5107743740081787
0.9182274341583252,-0.15053780376911163,1.3672150373458862
0.5593380928039551,-0.8081294298171997,0.7802082896232605
0.7308458089828491,0.005276188254356384,0.9960228204727173
0.1586359441280365,0.05736081302165985,0.7646196484565735
0.6993405222892761,-0.6832742691040039,0.65312260389328
1.205683708190918,-0.4213216304779053,1.3218287229537964
0.7611536383628845,-0.27747097611427307,1.2437838315963745
0.701194167137146,-0.27855271100997925,1.5678868293762207
0.8927454948425293,-0.2101818472146988,1.4359056949615479
1.054492712020874,-0.6280701160430908,0.9576705098152161
0.8527231216430664,-0.7417186498641968,0.6409270763397217
0.8757435083389282,-0.06950314342975616,1.2158253192901611
0.7168335914611816,-0.08217748999595642,1.2331961393356323
1.0661059617996216,-0.36284518241882324,1.3601096868515015
0.28109732270240784,-0.6580566763877869,1.1925910711288452
0.3918549418449402,0.3057480752468109,1.2434978485107422
0.7266337871551514,-0.016085825860500336,1.20294189453125
0.7801738977432251,0.07460891455411911,1.4749844074249268
0.5371177196502686,-0.2659953832626343,1.5629419088363647
0.6161966919898987,-0.1655064970254898,1.1779351234436035
0.6609340906143188,0.1538407951593399,0.7841264009475708
0.48759740591049194,0.29951196908950806,1.2812379598617554
0.792526125907898,0.14936615526676178,1.3475074768066406
0.7755347490310669,-0.5342825651168823,1.2763352394104004
0.43439781665802,-0.17555652558803558,1.014611005783081
0.6716487407684326,0.2108342945575714,1.3260748386383057
0.5190511345863342,-0.39283478260040283,1.280344009399414
1.5212955474853516,-0.2604701519012451,1.1186668872833252
0.8192020058631897,-0.10437077283859253,1.291491150856018
0.4116228222846985,-0.1097107082605362,1.2259318828582764
0.9680700898170471,-0.6988649368286133,0.531758189201355
0.4086264669895172,-0.041665442287921906,1.2849302291870117
0.5361953973770142,-0.7530977725982666,1.0715000629425049
0.5829648375511169,0.4198741912841797,0.8647311329841614
0.40045666694641113,-0.4851893484592438,1.0727888345718384
0.521286129951477,-0.38929957151412964,0.7990506291389465
0.25547677278518677,-0.31926077604293823,1.0746756792068481
0.3458106219768524,0.22530300915241241,1.013580322265625
1.0166754722595215,-0.433933287858963,0.758345365524292
0.5390503406524658,-0.46928101778030396,0.8534531593322754
1.02643883228302,-0.9892653822898865,0.7336295247077942
0.5396193861961365,0.3306179642677307,1.3289344310760498
0.6050221920013428,-0.6364343762397766,0.5444675087928772
1.1357020139694214,-0.04755237698554993,1.4370415210723877
0.5393075346946716,-0.5916587114334106,1.119964599609375
0.7030203938484192,-0.4729391932487488,1.5527161359786987
0.41727566719055176,0.07102110981941223,1.4378516674041748
1.0597854852676392,-0.2704445421695709,1.4243824481964111
0.5790338516235352,-0.4194512367248535,1.4343810081481934
0.21084903180599213,-0.7051979899406433,1.1323180198669434
0.702040433883667,0.22400133311748505,0.9891107678413391
1.1589586734771729,0.143804669380188,1.0486334562301636
0.6947751641273499,-0.45303234457969666,1.0444605350494385
0.9055090546607971,-0.4894596040248871,0.976703941822052
0.37053433060646057,-0.0553925558924675,0.9396337270736694
0.3603905439376831,-0.6964767575263977,1.038816213607788
0.6542679071426392,-0.7684085369110107,1.3081467151641846
0.9104527235031128,-0.6849766373634338,1.3307164907455444
1.1498337984085083,-0.7423566579818726,0.6355782747268677
0.9368156790733337,-0.5280603170394897,1.5366344451904297
1.0013031959533691,0.1586526483297348,1.3392438888549805
0.8423494100570679,-0.4910910129547119,0.7778524160385132
1.1839773654937744,-0.0465683713555336,0.8602069616317749
1.168330192565918,-0.39181727170944214,0.386420875787735
0.8523283004760742,-0.9231811761856079,0.9214625358581543
1.4413237571716309,-0.1192023828625679,0.8530400991439819
1.1719192266464233,0.021649256348609924,1.3411885499954224
0.6806827783584595,-0.48346906900405884,0.8389543294906616
1.0925782918930054,-0.4595012664794922,1.4170981645584106
0.36802414059638977,0.14177758991718292,1.1796698570251465
1.0148487091064453,-0.6331397294998169,1.3331658840179443
0.44558531045913696,-0.45142683386802673,1.4868217706680298
0.6067311763763428,0.0028486251831054688,1.0972622632980347
1.4711456298828125,0.017448395490646362,0.9075243473052979
0.7875182628631592,-1.030369758605957,0.8480345010757446
0.7831950783729553,-0.6336216926574707,1.5022368431091309
0.6355733275413513,-0.071565181016922,1.4061901569366455
0.9620561599731445,0.06620413064956665,1.1372559070587158
0.4736945331096649,-0.5621533989906311,1.1997458934783936
1.0740808248519897,0.22987446188926697,0.911650538444519
0.4552231431007385,-0.8761517405509949,0.7932018637657166
0.5292092561721802,-0.6116148829460144,0.8173335790634155
0.4691724181175232,-0.5536264181137085,1.4599586725234985
0.017897557467222214,-0.43066272139549255,0.7915054559707642
1.2345328330993652,0.41179463267326355,0.7677350044250488
0.9875364303588867,-0.8058566451072693,0.6174366474151611
0.8758573532104492,0.34822964668273926,0.9406014680862427
0.9208500385284424,-0.15972690284252167,1.1735715866088867
0.7719732522964478,-0.7930896282196045,1.0607600212097168
1.3146140575408936,-0.4893624186515808,0.8610399961471558
1.1283237934112549,-0.2559632658958435,1.4976930618286133
0.7475444078445435,-0.4713576138019562,1.3226113319396973
0.3020644783973694,-0.4313022792339325,1.2723710536956787
0.9975265264511108,-0.030110836029052734,0.7765761017799377
1.178269386291504,-0.47046154737472534,0.4221968352794647
1.082074761390686,-0.3785783052444458,1.1250100135803223
0.6892400979995728,-0.597814679145813,1.4355900287628174
0.3537648022174835,-0.3378387987613678,1.4694684743881226
0.9508967995643616,-0.7775191068649292,1.2719711065292358
0.26269441843032837,-0.4803307354450226,1.1809868812561035
0.55460524559021,0.1646263152360916,0.9919535517692566
0.13916316628456116,-0.5669981837272644,0.7644797563552856
0.9468146562576294,-0.6355531215667725,0.9824070930480957
0.7346707582473755,0.02260371297597885,1.3174700736999512
1.1563656330108643,-0.48374098539352417,0.6807519197463989
0.7870373725891113,-0.160385400056839,1.5478981733322144
0.6259908676147461,-0.3049825429916382,1.230201005935669
1.108193039894104,-0.9198064804077148,0.781545877456665
1.0437960624694824,-0.4399823546409607,1.1640257835388184
0.8758412599563599,-0.4860488176345825,1.3954676389694214
0.5535324811935425,-0.5013545751571655,1.341115951538086
0.8774328827857971,-0.7121232748031616,1.3724929094314575
1.1976295709609985,-0.00512058287858963,1.4164838790893555
1.5700857639312744,-0.215553879737854,1.0193125009536743
0.44047534465789795,-0.24332618713378906,1.046860933303833
1.5207180976867676,-0.23221248388290405,1.08975350856781
1.3715139627456665,-0.27196788787841797,1.118518590927124
0.6476776599884033,-0.587692141532898,1.0622576475143433
0.6945357322692871,-0.03908635675907135,1.4322617053985596
0.5668415427207947,-0.37504327297210693,1.2910765409469604
1.2768287658691406,-0.5105284452438354,1.2897090911865234
1.23659086227417,-0.029033072292804718,1.27237069606781
0.6324878931045532,-0.5664214491844177,1.459808111190796
0.17638391256332397,-0.6222020983695984,0.7120304107666016
1.2876821756362915,-0.18021129071712494,1.0688848495483398
0.18345992267131805,-0.23030200600624084,1.1372331380844116
1.1167291402816772,-0.4750404953956604,0.9827878475189209
0.8917152285575867,-0.9787691831588745,0.8647379875183105
0.5220397710800171,0.10899493843317032,1.4561010599136353
1.1558887958526611,0.27659550309181213,1.28257155418396
0.49988505244255066,0.21958139538764954,1.2772941589355469
0.7615549564361572,0.5365825891494751,0.9957027435302734
0.2831081449985504,-0.27134644985198975,1.3493683338165283
1.2403734922409058,-0.30218836665153503,1.2699975967407227
1.3439747095108032,-0.40169113874435425,1.06602942943573
0.7567327618598938,0.10096529126167297,0.7903881072998047
0.5719495415687561,0.2525714337825775,0.86644446849823
1.5174202919006348,-0.07663700729608536,1.0456039905548096
0.9554823637008667,-0.14102992415428162,1.4450114965438843
0.6032529473304749,0.2763151228427887,1.3386855125427246
0.28387030959129333,-0.5321306586265564,1.293689489364624
0.5699636936187744,-0.08810773491859436,1.2769980430603027
1.1058001518249512,-0.7376210689544678,1.2847363948822021
1.109107494354248,-0.09028175473213196,1.0961735248565674
0.6612557172775269,-0.4164139926433563,1.3381023406982422
0.9071521759033203,-0.41129356622695923,0.7559368014335632
1.1254501342773438,-0.25094330310821533,1.512123942375183
0.5684821605682373,-0.5324609279632568,1.3855657577514648
0.9416306614875793,-0.7074460387229919,1.1971197128295898
0.662545919418335,-0.7360870242118835,0.7350118160247803
0.5293101072311401,-0.5553666353225708,0.9331021308898926
0.5379393100738525,-0.49598953127861023,1.2855186462402344
0.6911501884460449,-0.7348305583000183,0.5599428415298462
1.2914217710494995,0.07546302676200867,1.2991271018981934
0.728625476360321,-0.8991342782974243,1.118667721748352
0.5219625234603882,-0.026780016720294952,1.4909089803695679
0.629449188709259,0.07580412179231644,1.4703783988952637
0.22126758098602295,0.1034693792462349,0.782910943031311
0.9131214022636414,-0.4444552958011627,1.0099802017211914
0.8303215503692627,-0.3879266381263733,1.2205010652542114
0.555135190486908,0.10659977793693542,0.9513204097747803
0.7168859243392944,-0.7510021328926086,0.7206698656082153
0.8017440438270569,-0.5163612365722656,1.3995450735092163
0.6329585313796997,-0.009337037801742554,1.418684959411621
0.2191723883152008,-0.5917884707450867,1.1634056568145752
0.5951724052429199,-0.3390553593635559,1.5288692712783813
0.8295573592185974,-0.17974814772605896,1.545147180557251
1.0623799562454224,-0.9109742045402527,0.5699180960655212
0.6685534119606018,-0.4054539203643799,1.1261885166168213
0.8228179216384888,-0.6207486987113953,1.0984294414520264
0.4558435082435608,0.03337153047323227,1.4143726825714111
0.6178123950958252,-1.025498628616333,0.8158448338508606
1.0614008903503418,-0.44334089756011963,1.4794148206710815
0.4717521369457245,-0.5220666527748108,0.9744046330451965
0.8633164167404175,0.3763333559036255,1.2117936611175537
0.5374201536178589,-0.2347155660390854,1.0255649089813232
0.7406962513923645,-0.21239149570465088,1.1772435903549194
1.1014058589935303,-0.664124608039856,0.41651833057403564
1.3797721862792969,0.291470468044281,0.7568321228027344
0.9634948968887329,-0.11391354352235794,1.573026418685913
0.4699157774448395,0.18118709325790405,1.3508771657943726
0.45917633175849915,0.08313505351543427,1.3438258171081543
0.7755509614944458,0.14023005962371826,1.4694234132766724
0.7678090929985046,0.1476759910583496,0.9009178280830383
0.5713908672332764,0.12098798155784607,1.434110164642334
0.8815081715583801,0.23705807328224182,1.1785264015197754
1.3363289833068848,-0.5292794704437256,1.2351831197738647
0.5630087852478027,-0.03251119703054428,1.515647530555725
0.8603427410125732,-0.7585071325302124,1.213719129562378
0.5200245976448059,-0.6013512015342712,0.7642977833747864
0.709813117980957,-0.7681598663330078,0.7633762359619141
0.4117587208747864,-0.3177081048488617,1.3737461566925049
0.2351013422012329,-0.5321946740150452,0.9478791952133179
0.5377874374389648,-0.6736048460006714,1.20632004737854
0.7285417914390564,-0.03505799174308777,1.4279918670654297
0.5331287980079651,-0.11042752861976624,1.4338321685791016
0.27194449305534363,-0.02765505760908127,1.3922069072723389
0.8745427131652832,-0.8498843908309937,1.012247920036316
1.1772680282592773,-0.35223060846328735,1.0123345851898193
0.5867677330970764,-0.5497310161590576,1.3342527151107788
0.6814543008804321,0.12321878969669342,1.3198726177215576
0.5952538847923279,-0.15180236101150513,1.2004163265228271
1.1055878400802612,0.02964017167687416,0.8280596733093262
0.8364946842193604,0.11676459014415741,1.3438527584075928
0.4272216260433197,-0.41945549845695496,1.209384560585022
0.3963652551174164,-0.05406883358955383,1.4207024574279785
0.7133771181106567,-0.7733222246170044,1.253567099571228
0.6307585835456848,-0.4419594705104828,1.3318455219268799
0.8013431429862976,0.3968575596809387,1.0358973741531372
0.6097574234008789,-0.37406110763549805,1.1047604084014893
0.640241265296936,0.43813538551330566,1.2024590969085693
0.9292892217636108,-0.02528095245361328,1.2438278198242188
0.3692795932292938,-0.22471120953559875,1.4143872261047363
0.808010458946228,-0.48201727867126465,1.2553701400756836
1.1939977407455444,-0.598071277141571,0.9095823764801025
0.3705854117870331,-0.10009995102882385,1.039890170097351
0.8743760585784912,-0.6858128309249878,1.3512959480285645
1.3852691650390625,-0.10774867236614227,1.0208467245101929
0.5688333511352539,0.20131492614746094,0.8821401596069336
0.7534558773040771,-0.04760214686393738,1.3171873092651367
0.7243859767913818,-0.860270619392395,0.9868255853652954
1.0701463222503662,-0.12040355801582336,1.3305134773254395
1.152539849281311,-0.6063150763511658,0.8071059584617615
0.7135622501373291,0.15120069682598114,1.2819280624389648
1.5373477935791016,-0.18806518614292145,1.0481412410736084
0.7251514792442322,-0.6219642162322998,1.493755578994751
0.8846789002418518,0.35187798738479614,0.872522234916687
0.8844682574272156,-0.791706919670105,0.5392914414405823
0.7166485786437988,-0.12399434298276901,1.4461101293563843
1.2983622550964355,-0.12145125865936279,1.0622279644012451
0.3783687949180603,-0.04353264719247818,1.2709767818450928
0.8806145191192627,-0.6966836452484131,1.4654430150985718
0.41376668214797974,-0.31246572732925415,0.8931368589401245
0.7292829155921936,0.13815711438655853,1.194888710975647
0.7528160214424133,-0.7839431166648865,0.8424489498138428
0.37603670358657837,-0.21326157450675964,0.8566603660583496
0.6493462920188904,0.022010160610079765,1.3311203718185425
1.1276408433914185,-0.03829280287027359,0.6585047245025635
0.3328070044517517,0.14525969326496124,0.836806058883667
0.9241611361503601,-0.593010663986206,0.8578599095344543
1.1974843740463257,-0.2765931189060211,0.8178039789199829
0.5408868789672852,-0.2728179097175598,1.5394338369369507
0.9477212429046631,-0.6642273664474487,0.6579630970954895
0.505069375038147,-0.6623860001564026,1.057922124862671
0.23293709754943848,-0.32434597611427307,1.1632100343704224
0.3093973994255066,-0.04156993329524994,0.9595261812210083
1.2957992553710938,-0.48460325598716736,0.801659107208252
0.632948637008667,-0.007136845029890537,1.450793743133545
1.0020036697387695,-0.24443736672401428,1.4132919311523438
1.4140039682388306,-0.21901735663414001,0.7215850353240967
0.5993067026138306,-0.5801272392272949,1.3318045139312744
0.4685150384902954,-0.5821857452392578,0.8246468901634216
0.5722507834434509,-0.4281346797943115,1.5374951362609863
0.6853868365287781,-0.6821355223655701,0.5842182636260986
1.383882761001587,-0.3211677074432373,1.1957788467407227
0.4556073844432831,-0.26381662487983704,1.2787878513336182
0.6030696630477905,-0.5004597902297974,1.4220856428146362
1.0519893169403076,0.14738479256629944,1.3638864755630493
1.0898373126983643,-0.49090421199798584,1.2694741487503052
1.0325114727020264,-0.19812186062335968,1.2724052667617798
0.9761137962341309,-0.05396560952067375,1.1419751644134521
1.3653558492660522,0.2336592674255371,0.8768471479415894
0.7980603575706482,0.014927014708518982,1.3549028635025024
1.2715106010437012,-0.12438395619392395,1.3407256603240967
0.586065411567688,0.056602440774440765,1.0253026485443115
0.9255712628364563,0.015516810119152069,0.9797806739807129
0.7067885398864746,-0.30735379457473755,1.4193646907806396
0.5839335918426514,-0.381533145904541,0.772956371307373
0.6266123056411743,-0.8231940269470215,1.3139910697937012
0.26695165038108826,-0.21462416648864746,1.0406365394592285
0.6028599739074707,-0.27299007773399353,1.352302074432373
1.0566749572753906,0.10512451827526093,0.785592794418335
0.39189064502716064,0.3512488305568695,1.199806571006775
0.42475056648254395,-0.45809680223464966,1.495948076248169
0.5132870078086853,-0.4851556718349457,1.4149513244628906
1.083069086074829,-0.6100896596908569,1.3417381048202515
0.9590846300125122,-0.033711619675159454,1.4542042016983032
0.7532628774642944,0.0791531577706337,1.4638564586639404
0.09733019769191742,-0.5290078520774841,1.1046143770217896
1.2985422611236572,-0.2579745352268219,1.3413968086242676
1.2436134815216064,-0.25791263580322266,0.6365236043930054
0.541948676109314,-0.5567467212677002,1.1596598625183105
0.6864647269248962,-0.6478145122528076,1.0057506561279297
0.24337640404701233,-0.1274237334728241,0.9760768413543701
0.3237723708152771,-0.08330382406711578,1.1950350999832153
0.6687804460525513,-0.42674002051353455,1.2162322998046875
0.7093047499656677,0.037180863320827484,1.4597641229629517
1.2069047689437866,-0.45258012413978577,0.9009274244308472
1.0170361995697021,-0.3696468472480774,0.8043396472930908
0.5365384817123413,-0.3736937344074249,1.5291846990585327
1.187378168106079,-0.055277884006500244,1.4392688274383545
0.5306877493858337,0.4222502112388611,1.2155392169952393
0.6129582524299622,-0.1213446855545044,1.3618391752243042
0.6080133318901062,-0.4850655496120453,1.3725162744522095
0.4288719594478607,-0.7636961340904236,0.7152580618858337
0.6072237491607666,-0.7761482000350952,1.0131511688232422
0.7488495111465454,0.030582234263420105,1.370019793510437
1.009528398513794,-0.9769560694694519,1.0531679391860962
0.4573700726032257,-0.6178559064865112,1.0352541208267212
0.5835044384002686,-0.45321765542030334,1.294160008430481
0.6838778257369995,0.1610211730003357,1.4070501327514648
0.6193905472755432,-0.7727872133255005,1.2196440696716309
1.1488512754440308,-0.06746713072061539,0.7897544503211975
0.40010401606559753,-0.49181145429611206,1.1000299453735352
1.142682671546936,-0.3862629532814026,0.4073658287525177
1.0266971588134766,-0.7539109587669373,0.6111370921134949
0.24467144906520844,-0.7040160894393921,1.1381114721298218
0.546152651309967,-0.9079021215438843,1.1145617961883545
0.9191991686820984,-0.7027881145477295,1.0839369297027588
0.480598509311676,-0.463189035654068,0.7526088953018188
0.4931321442127228,0.1897502839565277,1.0063811540603638
0.23133957386016846,-0.17313015460968018,1.381900668144226
0.5294471979141235,-0.44028881192207336,1.2178699970245361
0.6625974774360657,-0.659370481967926,0.7357657551765442
1.0202873945236206,-0.031977929174900055,1.1370246410369873
0.5274660587310791,0.07192858308553696,1.437309741973877
0.6582118272781372,0.028914466500282288,0.9999933242797852
0.30719608068466187,-0.3461982011795044,1.3608777523040771
0.9368129372596741,0.35836946964263916,0.7620792388916016
0.8187485337257385,0.09905335307121277,1.3116728067398071
0.7327104210853577,-0.7396581172943115,0.9166408181190491
0.8624492883682251,0.046779364347457886,1.3757976293563843
0.552168607711792,-0.3497002124786377,1.4043800830841064
0.621458113193512,0.19725610315799713,0.9274275898933411
0.8775281310081482,0.17857521772384644,1.1568039655685425
0.9546999335289001,-0.4001392722129822,1.450769305229187
0.6350054144859314,-0.7377955913543701,1.189134120941162
0.7767103910446167,-0.8034588694572449,0.834755539894104
0.9797241687774658,-0.4650038778781891,1.4895168542861938
0.3154921531677246,-0.42398208379745483,1.384224772453308
0.8908702731132507,0.11934025585651398,1.1795343160629272
0.7641640305519104,-0.5079504251480103,1.344590425491333
0.8128237128257751,0.011451054364442825,0.7970306873321533
0.9552837610244751,-0.14429688453674316,1.3100250959396362
1.136875867843628,-0.36973315477371216,0.6561076641082764
1.2432284355163574,0.22999697923660278,0.6291553974151611
0.38563039898872375,-0.7988955974578857,1.1817266941070557
0.2803671956062317,0.15394847095012665,0.995581865310669
0.9019304513931274,-0.2820869982242584,1.5690045356750488
0.6375963687896729,-0.5862971544265747,1.2602424621582031
1.1729038953781128,-0.4164274334907532,0.9851696491241455
0.7086120843887329,0.028901293873786926,1.2702394723892212
0.46089181303977966,-0.03144825994968414,1.246488094329834
0.6804034113883972,0.044692616909742355,1.3419362306594849
1.107144832611084,-0.7673313617706299,1.2946834564208984
0.5374695062637329,-0.38850846886634827,1.351514458656311
0.6077604293823242,-0.3156910538673401,1.5699846744537354
1.0501354932785034,0.06936092674732208,0.8365719318389893
0.7138223648071289,-0.40511685609817505,1.4311208724975586
0.4979825019836426,0.3105296790599823,0.9516388177871704
0.35849669575691223,-0.08560679852962494,1.242390513420105
0.8378138542175293,0.38864588737487793,1.2509154081344604
0.8248846530914307,-0.14359547197818756,1.278029203414917
1.2936310768127441,-0.3174172639846802,1.147491455078125
0.5628295540809631,-0.6622041463851929,1.0082495212554932
0.4968924820423126,-0.20078757405281067,0.9435905814170837
0.31610018014907837,0.12404389679431915,1.2330490350723267
1.527511477470398,-0.04012416675686836,0.7155710458755493
0.6037744283676147,-0.7112064957618713,0.5990952849388123
0.33349093794822693,0.02204248309135437,1.350772738456726
0.5639263391494751,0.15019215643405914,1.47922945022583
0.5535258054733276,-0.04194573312997818,1.4443893432617188
0.7304368615150452,0.23556433618068695,1.3542518615722656
0.71877121925354,-0.526921272277832,1.5513060092926025
0.7903763651847839,-0.5541756749153137,1.5311962366104126
0.37453576922416687,0.09576476365327835,1.2572705745697021
1.196563482284546,-0.10362540930509567,0.7671324014663696
0.6982969641685486,-0.07164609432220459,1.394424319267273
0.41061317920684814,-0.1404661238193512,1.205751895904541
0.755203127861023,-0.6417347192764282,0.7564250230789185
0.22969785332679749,-0.1714560091495514,1.176159143447876
0.36787149310112,0.2653577923774719,1.2350353002548218
0.49824297428131104,0.1353749781847,1.1101268529891968
0.40608876943588257,0.26278388500213623,0.9442848563194275
0.9634547829627991,-0.7276580929756165,1.1434032917022705
1.0081181526184082,-0.6058756113052368,1.255651831626892
0.33060067892074585,0.19859415292739868,1.0671697854995728
0.8458796143531799,0.2861272990703583,1.2082130908966064
0.7001807689666748,-0.7577176094055176,0.7558754682540894
0.604028582572937,-0.6649045944213867,1.450392723083496
0.5394829511642456,-0.758577823638916,1.0965795516967773
0.9218672513961792,-0.693116307258606,0.7382952570915222
0.8388873934745789,-0.8422269821166992,1.1337908506393433
1.3464500904083252,-0.564813494682312,1.1049175262451172
1.3290889263153076,-0.34271109104156494,0.9813936948776245
0.36595746874809265,-0.030824024230241776,0.8995068669319153
0.36283907294273376,-0.30580899119377136,1.4842923879623413
0.8211576342582703,-0.01123831421136856,1.3165688514709473
1.0939184427261353,-0.7253462076187134,0.6383674740791321
1.3348981142044067,0.017461583018302917,0.9565426111221313
0.30136600136756897,-0.4135635495185852,0.9641050696372986
0.22745156288146973,0.12725217640399933,1.2269504070281982
1.3549846410751343,-0.17979203164577484,1.336474895477295
1.0825138092041016,-0.25790250301361084,0.7830951809883118
0.9536294937133789,-0.3496176302433014,0.8293094038963318
0.3832780420780182,-0.30644893646240234,1.1373196840286255
0.830420970916748,-1.0320274829864502,0.9857744574546814
0.9533288478851318,0.1679888367652893,0.8371145725250244
0.6849486231803894,-0.5682887434959412,0.8145312070846558
1.3419601917266846,-0.5545175075531006,1.305788278579712
0.7895481586456299,-0.4849244952201843,1.4680728912353516
1.4791176319122314,0.15234829485416412,0.8896827697753906
1.3940790891647339,0.2775301933288574,0.8469936847686768
0.2367699146270752,-0.4047228693962097,1.3455843925476074
0.40007689595222473,-0.14815953373908997,1.336976408958435
0.6241214871406555,-0.4790741801261902,1.0492233037948608
0.6704925298690796,-0.3966546654701233,1.5233490467071533
0.532642126083374,-0.6227921843528748,1.442624568939209
0.9941185712814331,0.0175183042883873,1.5274826288223267
0.8449608683586121,0.3293294310569763,0.9807179570198059
0.18940487504005432,0.02675914764404297,1.1048976182937622
0.6737776398658752,-0.25162363052368164,1.1771670579910278
1.0041377544403076,-0.5633116364479065,1.5147459506988525
0.6457982659339905,-0.08246336877346039,1.2422751188278198
0.8397040963172913,-0.198807954788208,1.2915942668914795
0.6316883563995361,-0.009794676676392555,1.4416849613189697
0.8587918281555176,-0.21195809543132782,1.5730360746383667
0.5858832001686096,-0.11364468932151794,1.4404677152633667
0.47802507877349854,-0.25527891516685486,0.9309272766113281
0.7489559054374695,-0.420809268951416,1.5607733726501465
1.0455976724624634,-0.09714295715093613,1.5268399715423584
0.9221307039260864,-0.40649139881134033,1.3479379415512085
0.5066998600959778,0.283103346824646,1.3709145784378052
0.1565081775188446,-0.3072587847709656,1.2263429164886475
0.22090665996074677,0.14512714743614197,1.2327592372894287
0.25358593463897705,-0.13615627586841583,1.0353341102600098
0.5211036801338196,-0.40933817625045776,1.4831140041351318
1.0352860689163208,-0.358792781829834,1.454330325126648
1.256269097328186,-0.056535087525844574,1.3310914039611816
0.5973057746887207,-0.7747843265533447,0.8013397455215454
0.844109833240509,-0.6586853265762329,1.126903772354126
0.6740931868553162,0.3224433958530426,1.2944520711898804
0.3212977647781372,0.0883636549115181,1.0861186981201172
0.5164403915405273,-0.42386794090270996,1.0890110731124878
0.6571650505065918,-0.14435815811157227,1.296818494796753
0.49436068534851074,-0.03890451788902283,1.2997723817825317
0.21980877220630646,-0.39007139205932617,1.0418164730072021
0.3714022934436798,0.13388502597808838,1.3861448764801025
1.2154912948608398,-0.28146982192993164,0.6214033365249634
0.6937650442123413,0.1668023318052292,1.158786654472351
0.3816903531551361,-0.184867724776268,1.261918067932129
1.2380107641220093,-0.5917009115219116,1.1185429096221924
1.1624610424041748,-0.4933929443359375,1.2853574752807617
0.9997825622558594,-0.026794061064720154,1.4193600416183472
0.3782326579093933,0.04963991791009903,1.3833776712417603
0.3879755139350891,-0.35764217376708984,0.9230864644050598
1.0175515413284302,0.19926129281520844,1.3063664436340332
0.5156591534614563,-0.07555478066205978,1.4678246974945068
1.3470677137374878,-0.15995024144649506,1.0100106000900269
0.6392831206321716,-0.9276904463768005,0.7756622433662415
0.7567300200462341,0.1603463888168335,1.5043455362319946
0.318572998046875,-0.19066433608531952,1.100571870803833
1.0360971689224243,-0.08039698749780655,0.9502294063568115
1.0048774480819702,-0.6971160173416138,1.4482285976409912
0.7205585241317749,-0.8223745226860046,0.7157358527183533
0.4383719861507416,-0.08865562081336975,1.2758461236953735
0.6263937950134277,-0.2085980772972107,0.8048822283744812
0.5766632556915283,-0.07529798150062561,1.0739996433258057
0.4509233236312866,-0.7518622279167175,1.303311824798584
0.830467700958252,-0.30906912684440613,1.1368509531021118
1.4498437643051147,0.03917127102613449,0.8437209725379944
0.7028617858886719,0.062213584780693054,1.4251437187194824
1.0636534690856934,-0.9899595975875854,0.9241368174552917
0.9036669731140137,-0.028907017782330513,1.329655408859253
1.0179295539855957,0.17496086657047272,1.0455565452575684
0.11476407945156097,-0.41993677616119385,1.0745304822921753
1.2072334289550781,0.11900638043880463,1.3977539539337158
0.36257266998291016,-0.01926514506340027,1.4644222259521484
0.6209250688552856,-0.5741925239562988,0.7931504249572754
0.4661780595779419,-0.19492663443088531,1.036268949508667
0.32415157556533813,0.24703358113765717,1.0063683986663818
0.5919579267501831,-0.5449723601341248,1.053537130355835
0.44440892338752747,-0.08087171614170074,1.4110256433486938
0.661933958530426,-0.6846088767051697,0.9843095541000366
1.2293483018875122,0.27613264322280884,0.8741989135742188
0.6487615704536438,-0.4622842073440552,1.2576727867126465
0.9053347110748291,-0.4868875741958618,0.8079073429107666
1.5109955072402954,-0.31970900297164917,1.13616943359375
0.29150155186653137,-0.3231125771999359,0.8100278377532959
0.13744477927684784,-0.12752829492092133,0.9330184459686279
0.006825130432844162,-0.35912442207336426,0.8902120590209961
0.9066795706748962,-0.39696478843688965,0.7546921968460083
0.9363229274749756,-0.3418637812137604,0.8189175724983215
0.8725208044052124,-0.5820524096488953,0.8517164587974548
1.040055513381958,0.11147831380367279,0.8205658197402954
0.9432168006896973,-0.14823439717292786,0.8493260145187378
1.2273012399673462,-0.7035297155380249,0.48920944333076477
1.2199643850326538,-0.23007968068122864,1.3454374074935913
1.1128085851669312,-0.5797776579856873,1.3766288757324219
1.5078188180923462,-0.0035434048622846603,0.7807371020317078
1.191664457321167,-0.41522037982940674,0.616096019744873
1.547349452972412,-0.14138653874397278,0.6752440333366394
0.934575080871582,0.17488446831703186,1.4628822803497314
0.8057156801223755,-0.5339714884757996,1.4687857627868652
0.5294850468635559,0.2931811511516571,1.315359115600586
0.5426301956176758,-0.4321260452270508,1.4687495231628418
1.182790756225586,-0.4611378610134125,1.1817573308944702
0.9006221294403076,0.3580079674720764,1.232746958732605
0.316786527633667,-0.7490207552909851,1.1026300191879272
0.6668979525566101,-0.7199110388755798,0.924020528793335
1.1490246057510376,-0.04889602214097977,0.7623029947280884
0.6777458786964417,-0.6041694283485413,0.469891756772995
0.899198591709137,-0.018702447414398193,1.1896939277648926
1.197533130645752,-0.047609325498342514,0.5961859226226807
0.3858112394809723,-0.3101500868797302,1.5007603168487549
0.5817602276802063,-0.7572994828224182,0.4767356216907501
1.1204686164855957,0.22215859591960907,0.9300127625465393
0.7490503787994385,-0.41018444299697876,1.3268061876296997
0.290137380361557,-0.15664108097553253,1.3705964088439941
0.295165479183197,-0.48738259077072144,1.1393656730651855
1.22466242313385,-0.7431859374046326,0.7838362455368042
0.7413746118545532,-0.08707530796527863,1.3081493377685547
0.7505804896354675,-0.7162994742393494,1.3522619009017944
0.5975244045257568,-0.9146901369094849,1.071568250656128
0.8775321245193481,-0.014024388045072556,1.2259310483932495
0.7566526532173157,0.18700158596038818,0.9724061489105225
1.1341195106506348,0.14322473108768463,1.4042096138000488
0.5687731504440308,0.19246605038642883,1.3778083324432373
0.9241141676902771,-0.492143452167511,1.556887149810791
1.0855822563171387,-0.9572744369506836,0.7265528440475464
1.0031189918518066,0.0019872263073921204,1.3490296602249146
0.44270849227905273,-0.8042329549789429,0.764962375164032
0.4061768054962158,-0.690253496170044,0.9555171728134155
1.1222162246704102,0.4772498607635498,0.767784595489502
1.0826160907745361,0.08406870067119598,1.2341358661651611
0.6459975242614746,-0.7196309566497803,1.0112659931182861
0.5088295936584473,-0.20519205927848816,1.239180564880371
1.1482675075531006,-0.44901424646377563,0.7055171132087708
0.6074857115745544,0.15358127653598785,1.4004371166229248
0.9956169724464417,0.4248954653739929,1.1925455331802368
0.47559210658073425,0.11310040950775146,1.1935768127441406
1.0310897827148438,-0.8837606906890869,1.1059434413909912
0.8251315355300903,-0.6758714914321899,1.3460283279418945
0.1550755798816681,-0.6138954162597656,1.0127471685409546
1.0815114974975586,0.05329255759716034,1.2683377265930176
0.5409076809883118,-0.23947130143642426,1.2180137634277344
1.0318819284439087,-0.6995178461074829,1.0165120363235474
0.2647826671600342,-0.2539263665676117,1.0399671792984009
0.32498759031295776,0.08802658319473267,1.3437609672546387
1.306811809539795,-0.6821513175964355,0.7778583765029907
1.1967964172363281,-0.2465122938156128,0.7042570114135742
0.44507184624671936,0.32920581102371216,0.7967243194580078
0.9953577518463135,0.4898361563682556,1.0439798831939697
0.7696011066436768,0.045955806970596313,0.7765466570854187
0.41220492124557495,-0.4602789282798767,1.1549248695373535
0.7844240665435791,0.24906668066978455,0.9383870959281921
0.7392529845237732,0.003121148096397519,1.0226293802261353
1.1839642524719238,-0.7323721051216125,1.0758976936340332
0.26885122060775757,-0.3574965000152588,1.265993356704712
0.349077433347702,0.3555060625076294,0.8492212295532227
0.603674054145813,-0.5343252420425415,1.2415385246276855
0.7416421175003052,-0.6347982883453369,1.4183990955352783
0.723602294921875,-0.5203248262405396,1.2306016683578491
0.4057602882385254,-0.8361438512802124,1.225110411643982
1.494227409362793,-0.30613088607788086,1.115907073020935
0.6525221467018127,-0.19950087368488312,1.3992704153060913
-0.00789659470319748,-0.2185859978199005,0.9258023500442505
0.5018286108970642,0.06358429044485092,1.4144951105117798
0.7084993720054626,-0.6295771598815918,0.5490386486053467
0.531194806098938,0.27539128065109253,0.8838415145874023
0.3752751052379608,-0.06756755709648132,1.4656083583831787
0.2619667649269104,0.16761361062526703,0.9945294857025146
0.41380730271339417,0.15346470475196838,1.2299199104309082
0.7862889170646667,-0.4225744605064392,1.5709097385406494
1.1027344465255737,-0.5070820450782776,0.9881033897399902
1.3488720655441284,-0.48905080556869507,1.3437726497650146
0.9189962148666382,-0.6864317059516907,1.1130306720733643
0.76826012134552,0.06527471542358398,1.2111939191818237
1.187777042388916,-0.11493469774723053,1.1072007417678833
0.7582988142967224,-0.09250493347644806,1.2643975019454956
0.9002617001533508,-0.1879885494709015,1.4915757179260254
0.8432181477546692,-0.739597737789154,1.3070141077041626
1.074631929397583,-0.06749611347913742,1.4182453155517578
0.6904881000518799,0.16102874279022217,1.2290701866149902
0.8847590088844299,-0.5715792775154114,1.3723647594451904
1.0292192697525024,0.18513324856758118,1.1281450986862183
0.264018714427948,-0.1482633650302887,1.2540470361709595
1.4538049697875977,-0.1735363006591797,1.2631635665893555
0.6368695497512817,-0.5734286308288574,0.7741288542747498
0.8567808270454407,0.035866908729076385,1.1241397857666016
1.0973951816558838,-0.06742741167545319,1.4534685611724854
1.2282570600509644,-0.4659399092197418,1.1131840944290161
0.8783301711082458,0.01856185495853424,1.1668627262115479
1.0772404670715332,-0.6958261132240295,1.3406459093093872
0.5104529857635498,0.05304206162691116,1.4372040033340454
1.144734501838684,-0.34222373366355896,0.46124187111854553
0.8106391429901123,-0.6882988810539246,1.2454601526260376
0.36841458082199097,-0.5487357378005981,0.8485312461853027
1.2487679719924927,-0.4433096647262573,0.6714538931846619
1.444037675857544,-0.34491288661956787,1.174778938293457
0.6206740140914917,-0.05145491659641266,1.5550718307495117
0.5931485891342163,0.17745015025138855,1.3496352434158325
0.9735356569290161,-0.47038304805755615,1.194419503211975
0.7577882409095764,-0.5767982006072998,0.8163394927978516
0.8407449126243591,-0.3136517405509949,1.5307843685150146
0.5565956830978394,0.30211687088012695,1.0723707675933838
0.6361392736434937,-0.5162150859832764,0.8095403909683228
0.6001746654510498,-0.6813172698020935,1.401226282119751
1.4840011596679688,-0.039927683770656586,1.1348285675048828
0.7323664426803589,-0.6847802400588989,1.0416613817214966
0.6520388722419739,-0.5677853226661682,0.9369436502456665
0.5220992565155029,-0.25606897473335266,1.5538272857666016
0.5235230326652527,-0.3643933832645416,1.1177536249160767
1.2834926843643188,-0.849553108215332,0.9845645427703857
0.7962461709976196,0.2349880337715149,1.0761620998382568
0.6799870729446411,-0.7904492616653442,1.2182092666625977
0.6023500561714172,0.11353399604558945,0.958314061164856
0.6656399965286255,0.08369529247283936,0.8641541600227356
0.43801605701446533,-0.039571866393089294,1.3691856861114502
0.8017126321792603,0.20767444372177124,1.4534677267074585
1.0600758790969849,0.2863266170024872,1.2578202486038208
0.7118756771087646,0.287998765707016,1.2014291286468506
1.2177486419677734,0.16457918286323547,0.6656745076179504
1.1396747827529907,-0.26835116744041443,1.414522409439087
0.8995348215103149,0.02945166826248169,1.3369073867797852
1.2986685037612915,-0.8560986518859863,0.788934051990509
0.43435603380203247,-0.7956737279891968,0.950875461101532
1.3888553380966187,-0.15544942021369934,1.3156085014343262
1.0943268537521362,0.12168368697166443,1.2890597581863403
0.8175215125083923,-0.7399739623069763,1.1768956184387207
0.44963935017585754,0.01746402494609356,0.8108102083206177
0.5197150707244873,-0.6484939455986023,0.9137678742408752
0.5184365510940552,-0.9690539240837097,0.7676402926445007
1.0858161449432373,-0.67180997133255,1.0953922271728516
0.3132217228412628,-0.36676815152168274,1.1335731744766235
0.8535099029541016,0.12141399830579758,1.51686692237854
1.094502329826355,-0.24263995885849,1.5320138931274414
1.3221802711486816,-0.5302603840827942,1.251756191253662
0.5983308553695679,0.10025398433208466,1.110897183418274
0.9832426309585571,0.2498922348022461,1.0827072858810425
1.1961908340454102,-0.368527352809906,1.3906176090240479
0.9026877880096436,-0.7419285774230957,1.4380714893341064
0.3762257993221283,0.19572913646697998,0.8822211027145386
0.5454884767532349,0.3322133421897888,0.8062822222709656
0.9348691701889038,0.3449695110321045,0.910405695438385
0.3745364546775818,-0.3241472542285919,1.494706392288208
0.40907353162765503,-0.3727717399597168,1.1966482400894165
0.708538830280304,-0.0873851329088211,1.57017183303833
0.912549614906311,-0.5579123497009277,1.4311939477920532
0.10911378264427185,-0.33498528599739075,1.1529344320297241
0.5855627655982971,-0.02825339138507843,1.5479096174240112
1.2488584518432617,-0.32710227370262146,1.315597653388977
0.2929403781890869,-0.1594005674123764,1.382567286491394
1.2094892263412476,-0.7506839632987976,0.5059911012649536
1.0651483535766602,0.06099274009466171,1.1308021545410156
1.3365224599838257,-0.6067053079605103,1.1625454425811768
0.49336469173431396,-0.5404413938522339,0.9328736066818237
0.7940874099731445,-0.6134706735610962,1.0930535793304443
1.0858564376831055,-0.09378226101398468,0.9831112623214722
0.6844496726989746,-0.39597025513648987,1.4772710800170898
0.5906573534011841,-0.37501856684684753,1.4893293380737305
0.8927095532417297,-0.9112792015075684,0.9279389381408691
0.6529460549354553,0.26660510897636414,0.8163790106773376
0.5433274507522583,-0.7007058262825012,1.0731732845306396
1.040130376815796,-0.049392279237508774,1.1866824626922607
0.3342631161212921,-0.1649547517299652,1.3423771858215332
1.0960930585861206,-0.49425429105758667,1.0973795652389526
0.7277118563652039,-1.0403354167938232,0.906997561454773
1.2115795612335205,0.2125963270664215,0.8523887395858765
0.5444967746734619,-0.011700551956892014,1.361965298652649
0.7005100250244141,-0.598322868347168,1.3652607202529907
0.42360320687294006,0.3596577048301697,1.1634057760238647
0.7212517857551575,0.3993411362171173,1.004010796546936
0.9770246744155884,-0.5075196027755737,0.9332964420318604
0.5500686168670654,0.15027876198291779,1.1039650440216064
0.3190198540687561,-0.03847303241491318,1.1050145626068115
1.1593215465545654,-0.3690394163131714,0.7441015243530273
0.5734468698501587,-0.2174556702375412,1.4102116823196411
1.192035436630249,-0.306566059589386,1.1254338026046753
0.3236531913280487,-0.0544174462556839,1.410387396812439
0.3709869384765625,-0.6633288860321045,1.1211215257644653
0.6144850254058838,-0.13762414455413818,1.3143401145935059
0.47970134019851685,0.09469582140445709,1.4607594013214111
0.6197764277458191,-0.03182341530919075,1.4489970207214355
0.5199575424194336,-0.3191729784011841,1.3338444232940674
1.257628321647644,-0.43850162625312805,1.412398099899292
0.39003580808639526,0.17337405681610107,1.2257068157196045
0.6104956865310669,-0.1455281376838684,1.3183892965316772
0.4203881323337555,-0.47658857703208923,0.8712564706802368
0.579177737236023,-0.134531170129776,1.1453955173492432
0.6801429390907288,-0.7872770428657532,1.1895418167114258
1.0674481391906738,-0.3217989504337311,0.8220720887184143
0.8250348567962646,-0.6234904527664185,1.5188368558883667
0.48757150769233704,-0.5854007005691528,1.3925440311431885
0.8405660390853882,-0.8927662968635559,0.6310757398605347
1.0713229179382324,-0.32183414697647095,0.9014992713928223
0.7445778846740723,-0.6414569616317749,1.1597387790679932
0.5180801153182983,-0.5047866702079773,1.3939361572265625
1.1198021173477173,-0.04295407235622406,1.0165412425994873
0.3733257055282593,-0.4940464198589325,0.9600658416748047
0.25772613286972046,-0.4293893575668335,0.9409772157669067
0.9130115509033203,-0.13376247882843018,1.34359610080719
0.35316944122314453,-0.4775615334510803,1.4266226291656494
0.5802658796310425,-0.6766634583473206,0.8297345638275146
0.20913052558898926,-0.4277542531490326,1.1021003723144531
0.5242582559585571,0.04458292946219444,1.513266682624817
0.42566150426864624,-0.6364585757255554,1.0942572355270386
1.4274721145629883,-0.44223788380622864,0.9881212115287781
0.9736366868019104,0.22062736749649048,0.8283884525299072
0.8327260613441467,0.08562258630990982,0.8053767681121826
0.8947205543518066,-0.06985566020011902,1.055246114730835
1.0403680801391602,0.20467832684516907,1.08357572555542
1.0788415670394897,0.027523938566446304,1.2882708311080933
1.096531629562378,-0.9288074970245361,0.9941403865814209
0.5415731072425842,0.0670844167470932,1.4678871631622314
0.5313097238540649,0.08485840260982513,0.7646965384483337
0.27116072177886963,-0.5207403898239136,1.373304009437561
0.6758857369422913,0.01116558164358139,1.2808728218078613
0.14767688512802124,-0.37818875908851624,1.0324294567108154
1.3779603242874146,-0.3756202459335327,1.232033610343933
0.9206218719482422,-0.6122632026672363,1.4475584030151367
0.4305950999259949,0.187973290681839,1.0647807121276855
0.5893194675445557,-0.6495614051818848,0.9506217837333679
1.1423888206481934,-0.34769207239151,0.7745422720909119
0.9691034555435181,-0.4298390746116638,1.330162525177002
1.2113600969314575,-0.18580344319343567,1.355602741241455
0.5952568054199219,-0.33833062648773193,0.8738008141517639
0.20130211114883423,-0.19624444842338562,0.9044806957244873
1.0044515132904053,-0.38048189878463745,1.3842157125473022
0.7654774785041809,-0.7415778636932373,1.3481947183609009
0.6125375032424927,-0.33964329957962036,1.032708764076233
0.8614199161529541,0.3031877875328064,0.8762286901473999
0.7226446270942688,-0.33872541785240173,1.5754939317703247
0.9303504228591919,-0.04114607721567154,0.755879282951355
1.0709761381149292,-0.3572472631931305,1.4769247770309448
0.24394503235816956,0.0017059780657291412,1.0752100944519043
1.5432729721069336,-0.27258729934692383,1.1197171211242676
0.840221107006073,0.06004533916711807,0.9104053974151611
0.7699242830276489,-0.010677549988031387,1.5192283391952515
0.9001445174217224,-0.8773036599159241,0.6525704860687256
1.0195780992507935,0.1842975914478302,1.0875662565231323
0.9765455722808838,-0.42544591426849365,1.550297737121582
0.9005540609359741,-0.009665902704000473,1.2617576122283936
0.08834795653820038,-0.4656257629394531,1.0126243829727173
0.7235974073410034,-0.8249364495277405,0.8782933950424194
1.166942834854126,-0.580337643623352,0.9501889944076538
0.5568901300430298,-0.7078633308410645,0.791560709476471
0.7943283915519714,-0.10638635605573654,1.4709973335266113
0.24799960851669312,-0.3058968484401703,1.0812159776687622
0.7298521399497986,-0.6373418569564819,0.5923218727111816
0.8816291689872742,0.05665210634469986,0.8193849325180054
0.5468902587890625,-0.09724664688110352,1.1098484992980957
0.11982131004333496,-0.22652706503868103,0.8881123661994934
0.9233514070510864,-0.5376611351966858,1.5193840265274048
0.3958096504211426,-0.6264194250106812,0.9553588032722473
0.31231489777565,-0.6442503333091736,0.9889378547668457
0.7206019163131714,-0.8758663535118103,0.7451705932617188
0.9782510995864868,-0.6803194880485535,0.724902868270874
1.3405519723892212,-0.2695968449115753,1.2422630786895752
0.6939742565155029,0.30752426385879517,0.8642604351043701
0.7316474914550781,-0.5950064659118652,0.34533751010894775
0.6438555121421814,-0.15321189165115356,1.4216865301132202
0.6073530316352844,0.2701704502105713,1.1382066011428833
0.3424516022205353,-0.12358741462230682,1.0475127696990967
0.7871430516242981,0.22472789883613586,0.8355580568313599
0.8856064677238464,0.2351037859916687,1.120947003364563
1.1994800567626953,0.2560524046421051,1.2692939043045044
1.0877280235290527,-0.16828352212905884,1.522876262664795
1.5711866617202759,-0.304351270198822,0.918536901473999
0.16719993948936462,-0.23082712292671204,1.3064302206039429
1.2277954816818237,-0.08723296970129013,0.9349907636642456
0.9860407114028931,-0.6811838746070862,0.8695420026779175
0.8103818893432617,0.028202645480632782,0.8732684254646301
0.4790075421333313,0.3777795732021332,1.0811158418655396
0.7465604543685913,-0.5619246363639832,0.9386833906173706
1.1287952661514282,-0.6295445561408997,1.3988356590270996
0.6375640630722046,0.4011288583278656,1.0928579568862915
0.7116877436637878,-0.44779032468795776,1.2320774793624878
0.5607960224151611,0.012814909219741821,1.0233938694000244
0.37109726667404175,0.052251704037189484,1.4361116886138916
0.8711072206497192,-0.6154966950416565,0.8448342680931091
1.2313495874404907,-0.11599936336278915,1.222807765007019
1.2113704681396484,-0.659906268119812,1.2970715761184692
0.5921829342842102,-0.22170892357826233,1.2277119159698486
0.5245466232299805,-0.9122228026390076,1.1690073013305664
1.1000511646270752,0.04539230465888977,1.4109184741973877
1.0843565464019775,0.12085747718811035,0.802699625492096
0.4456348419189453,0.23594704270362854,1.135725736618042
0.9380502700805664,0.08801599591970444,1.2086507081985474
1.1027061939239502,-0.13485418260097504,0.8826717138290405
1.001682996749878,-0.15529578924179077,1.5694416761398315
0.43342772126197815,-0.05916906148195267,1.4722718000411987
0.6994475722312927,-0.09691744297742844,1.5625584125518799
0.5603286623954773,-0.1694537103176117,1.2943824529647827
0.36170944571495056,0.2634583115577698,1.0953612327575684
0.24352814257144928,-0.2542639970779419,1.2692255973815918
0.351713091135025,-0.311361163854599,1.3881292343139648
0.5792971849441528,-0.26850399374961853,1.1355435848236084
0.9934172034263611,-0.6804721355438232,1.0525771379470825
0.31873592734336853,-0.7074064016342163,1.031514048576355
1.0171434879302979,-0.28219518065452576,1.203935146331787
0.2130260169506073,0.034074701368808746,1.3182213306427002
0.7492400407791138,-0.13616782426834106,1.393894076347351
0.35898417234420776,-0.19552722573280334,1.2073898315429688
0.8698607683181763,-0.08616846799850464,1.1457382440567017
0.37756019830703735,-0.047168124467134476,1.4802883863449097
0.7607195973396301,0.07846317440271378,1.4749627113342285
0.5923442840576172,-0.003109399229288101,1.2090167999267578
0.9983996152877808,-0.5493809580802917,1.449129581451416
1.102862000465393,-0.17062817513942719,1.3362079858779907
0.5234922766685486,-0.42716851830482483,0.9710357189178467
0.31564927101135254,-0.10073897987604141,1.1161457300186157
0.26762548089027405,0.09455718100070953,1.0433855056762695
1.0639599561691284,-0.31928354501724243,1.5086922645568848
0.9315529465675354,-0.5934492349624634,1.4562764167785645
1.278499960899353,-0.261837363243103,0.566660463809967
0.5850253701210022,0.07981973886489868,1.4689624309539795
1.374351978302002,-0.13641320168972015,1.2271584272384644
0.6097459197044373,-0.8569272756576538,0.8354257941246033
0.6373539566993713,-0.6831851005554199,0.6153863072395325
1.1118004322052002,0.01037934422492981,0.8045511245727539
0.4924914240837097,-0.6230369210243225,0.9574824571609497
0.18040718138217926,0.2518874406814575,1.0120203495025635
1.2263370752334595,0.078888900578022,1.391380786895752
0.47583290934562683,-0.29513564705848694,1.4533803462982178
1.0779744386672974,0.2527271807193756,1.1512954235076904
0.5377742648124695,0.15339599549770355,1.4064021110534668
0.8678311705589294,0.034634754061698914,1.2976081371307373
0.9210523962974548,-0.8420219421386719,1.089095115661621
1.3701308965682983,0.029425404965877533,0.5186219215393066
0.7320840358734131,-0.2929372489452362,1.1692514419555664
0.6427869200706482,-0.898276150226593,0.7912279963493347
1.1934188604354858,0.4397486448287964,0.8972775936126709
1.1782760620117188,-0.9065122604370117,0.9152640104293823
1.1448534727096558,0.11900421231985092,0.9119080901145935
0.8838590383529663,-0.5599834322929382,1.526833176612854
0.9313420057296753,0.47098368406295776,1.044229507446289
0.7028864622116089,0.22693245112895966,1.355017900466919
0.5935518741607666,-0.7664107084274292,1.203662395477295
0.2903539538383484,-0.3967926800251007,1.3663122653961182
0.629913330078125,-1.0272291898727417,0.797135591506958
0.6717074513435364,0.21444876492023468,1.4441174268722534
1.3635774850845337,-0.2530907392501831,1.2337158918380737
0.3731303811073303,-0.14827509224414825,0.7826123833656311
0.179043710231781,-0.1291942596435547,0.831643283367157
0.5483593344688416,0.15585331618785858,1.3621563911437988
0.9941422343254089,0.22294865548610687,1.327800989151001
0.8788694739341736,0.030143529176712036,1.2734060287475586
0.8880969285964966,-0.7626680135726929,0.6165050268173218
0.4203804135322571,-0.858572244644165,1.154260277748108
1.2089085578918457,-0.49554118514060974,1.293470859527588
0.5204558968544006,-0.8028934001922607,1.0247595310211182
0.3121999502182007,-0.8690369129180908,0.9310322999954224
0.7755967378616333,-0.4847390353679657,1.2057411670684814
0.49564337730407715,-0.6975221633911133,1.4106539487838745
0.9188596606254578,-0.1699531227350235,1.2093522548675537
1.0775611400604248,0.18642136454582214,0.7881801724433899
0.9537916779518127,-0.30873385071754456,1.5620265007019043
0.6972786784172058,-0.03401792049407959,1.0762003660202026
0.8293288946151733,-0.7282902002334595,0.7443616986274719
0.9268379211425781,0.377049058675766,1.034362554550171
1.1921517848968506,0.01592216081917286,1.3100512027740479
0.8796601891517639,-0.7978870272636414,1.400588870048523
1.3700082302093506,-0.33916983008384705,0.9904935359954834
0.4466470181941986,-0.19530954957008362,1.0898412466049194
1.2615500688552856,-0.09989018738269806,1.2599526643753052
0.8550295829772949,-0.680740475654602,1.2652667760849
1.0331699848175049,-0.06967787444591522,1.2173855304718018
0.44383901357650757,-0.502228856086731,1.4268155097961426
1.2099738121032715,0.10053464770317078,0.6583998203277588
0.5913355350494385,-0.17431865632534027,1.5615184307098389
0.6485713124275208,-0.7358742952346802,1.3157908916473389
0.4481092393398285,0.05817965045571327,1.4790791273117065
0.3702894151210785,0.0742989107966423,1.0172743797302246
1.3029725551605225,0.09474560618400574,1.313483715057373
0.7059218883514404,-0.4278263449668884,1.5289592742919922
1.051367998123169,-0.41772913932800293,0.8106605410575867
0.5846991539001465,-0.7971301078796387,0.6251208782196045
0.3751848340034485,-0.52798992395401,1.0483163595199585
0.21699199080467224,0.04982541874051094,1.2329293489456177
0.732171356678009,0.40968048572540283,1.2807188034057617
0.6756579875946045,0.30336302518844604,1.2333667278289795
0.6264687776565552,-0.4302833080291748,1.3605891466140747
0.3949204981327057,0.4123935103416443,0.8503810167312622
0.69497150182724,-0.6951301097869873,0.6643460988998413
0.4236956536769867,0.45471808314323425,0.8321272134780884
1.0504214763641357,-0.35203817486763,1.3503527641296387
0.438288152217865,-0.6608267426490784,1.0455174446105957
0.3317471742630005,0.02649889886379242,0.7657966613769531
0.22004717588424683,0.13883516192436218,1.1935064792633057
0.505000650882721,-0.780812680721283,1.275205135345459
0.26311492919921875,-0.07651099562644958,0.9538285732269287
1.037501573562622,0.10567153990268707,1.0367546081542969
0.8119485974311829,0.4950880706310272,0.9768514633178711
0.6629752516746521,-0.9587676525115967,1.0852959156036377
0.9216513633728027,-0.03536120057106018,1.3158659934997559
1.0541077852249146,-0.3869883418083191,0.8365495800971985
0.9016938805580139,0.28944432735443115,1.3820602893829346
0.1979069858789444,0.2186935693025589,1.0626564025878906
0.2894012928009033,-0.16148416697978973,1.3317581415176392
1.1425186395645142,-0.8472849130630493,1.1277391910552979
1.156162142753601,-0.15653201937675476,1.4685343503952026
0.8008431196212769,-0.6704132556915283,1.4640965461730957
1.020936369895935,-0.7689821720123291,0.9532291293144226
1.113079309463501,-0.2524043917655945,1.4450151920318604
0.510077714920044,0.06779036670923233,1.0150842666625977
0.4801274240016937,-0.6658561825752258,0.7862781286239624
0.7388644218444824,-0.7077953219413757,1.0502568483352661
0.9846473336219788,-0.2866268754005432,0.8193906545639038
0.7312895655632019,-0.28956466913223267,1.3490970134735107
0.34053537249565125,0.16744787991046906,0.899913489818573
0.775742769241333,-0.6662065386772156,0.8223978281021118
0.35775861144065857,0.008837226778268814,1.302658200263977
0.5043002367019653,-0.2565667927265167,1.4168869256973267
0.751850962638855,-0.6022886037826538,1.3596214056015015
0.7149320244789124,-0.35180217027664185,1.2474786043167114
0.9199632406234741,0.02444509044289589,1.3434250354766846
1.3948081731796265,-0.15554280579090118,1.1343328952789307
0.43312162160873413,-0.04643478989601135,1.051225185394287
0.8833721876144409,-0.562698245048523,1.5216387510299683
0.642021656036377,0.1727825105190277,1.4124984741210938
1.1492139101028442,-0.11849372833967209,0.8409227132797241
0.39573150873184204,-0.25762230157852173,1.256948471069336
0.8769482374191284,-0.8158541321754456,0.9284589290618896
0.6583690047264099,-0.07099888473749161,1.5681428909301758
1.0579214096069336,-0.934158980846405,0.9984526634216309
0.7179885506629944,0.3826870620250702,1.1707719564437866
1.1434245109558105,-0.8329344987869263,0.6969823837280273
0.6943473219871521,0.1128017008304596,0.9427207708358765
0.2702837586402893,-0.3695141077041626,1.0898613929748535
1.1072967052459717,-0.34740933775901794,1.500181794166565
0.7587969899177551,-0.6599851846694946,0.9571167230606079
0.3061862885951996,-0.208269864320755,1.219920039176941
0.8073828816413879,-0.3200172185897827,1.1733615398406982
0.17601558566093445,-0.260373592376709,0.8297358751296997
1.2886462211608887,-0.05955376476049423,1.11530601978302
0.7451430559158325,0.045286308974027634,1.0103148221969604
0.8497642278671265,-0.8254343271255493,0.9469161629676819
1.1615513563156128,-0.34820836782455444,0.6131792068481445
0.9027590155601501,0.025279998779296875,1.5268198251724243
0.582170307636261,-0.318132221698761,0.7569278478622437
0.6218751072883606,-0.9439041018486023,1.1193196773529053
1.2898247241973877,-0.3982849717140198,1.284153938293457
0.402609258890152,-0.24631831049919128,0.9451644420623779
0.16420641541481018,-0.10973035544157028,1.2813175916671753
0.737389326095581,0.1485208421945572,1.1713587045669556
0.605015754699707,-0.4517984986305237,1.0179400444030762
0.43729156255722046,-0.6275318264961243,1.0718101263046265
0.4736524820327759,-0.7381333708763123,1.2807302474975586
0.519184410572052,-0.5106186866760254,1.1519551277160645
0.34978947043418884,-0.429206907749176,1.0991005897521973
0.7313311696052551,0.13832370936870575,1.2539414167404175
1.1815792322158813,-0.14084786176681519,1.5047905445098877
0.04744250327348709,0.05942687764763832,0.8451199531555176
1.0089941024780273,-0.7012537717819214,1.4246197938919067
0.6038404107093811,-0.7507975697517395,1.0568463802337646
0.42423734068870544,-0.6976509094238281,1.354344129562378
0.28743621706962585,-0.11263773590326309,1.4282557964324951
0.9812555909156799,-0.09197507798671722,0.7611260414123535
0.5928975939750671,-0.4364822804927826,1.5141127109527588
0.3899161219596863,-0.49824097752571106,1.3771134614944458
0.9244096875190735,0.0047203898429870605,0.7666993737220764
0.5600165724754333,-0.7483612298965454,0.5616255402565002
0.7860828042030334,-0.7997469305992126,1.2287837266921997
0.36429688334465027,-0.6573445796966553,1.3156791925430298
0.39256253838539124,-0.6510394215583801,0.8397518396377563
1.3797036409378052,0.009205621667206287,0.5728364586830139
0.7799926996231079,-0.9400278925895691,0.956859827041626
0.697737455368042,-0.791681170463562,0.7877625226974487
0.6337927579879761,-0.11599869281053543,1.2286748886108398
0.5416377782821655,-0.7382073402404785,1.2241950035095215
0.3298555612564087,0.09775005280971527,1.1293976306915283
0.44539782404899597,0.07461299002170563,1.0757761001586914
0.9006667733192444,-0.40423834323883057,1.5040817260742188
1.229285717010498,-0.804831326007843,1.1687217950820923
0.752420961856842,-0.6359989047050476,1.4312469959259033
1.1430244445800781,-0.07926984131336212,1.1376378536224365
1.0664933919906616,0.18783418834209442,1.329836368560791
0.5549091100692749,-0.3300389349460602,1.481591820716858
0.572053074836731,-0.2418663501739502,1.2228050231933594
1.1178616285324097,-0.8219608068466187,1.0014561414718628
0.5053311586380005,-0.40773704648017883,0.8673738837242126
0.8478466272354126,0.22493812441825867,1.4372704029083252
0.9643672704696655,-0.5711354613304138,1.5199310779571533
0.5269536972045898,0.34238240122795105,1.2295186519622803
1.3162575960159302,0.3067070543766022,1.0748049020767212
0.13598574697971344,-0.7057491540908813,0.8971576690673828
0.45899999141693115,-0.27450424432754517,0.9008179903030396
0.6568081974983215,-0.03556142747402191,1.5119812488555908
1.0522596836090088,0.009452879428863525,1.1164774894714355
0.49846309423446655,0.2553812265396118,1.3381445407867432
0.9785360097885132,-0.13022233545780182,1.334524393081665
0.9538730978965759,-0.7356376647949219,1.0409940481185913
0.9278011322021484,0.1418496072292328,0.7906894087791443
1.3237167596817017,-0.4620938301086426,1.0760202407836914
0.2912828028202057,-0.4033854007720947,1.3595657348632812
0.8564635515213013,-0.6565110087394714,1.254601001739502
0.9480485916137695,-0.6648758053779602,1.3493210077285767
1.1507225036621094,-0.3057369887828827,1.1072670221328735
0.42278164625167847,-0.7918598055839539,1.283569097518921
0.9113470911979675,-0.7303017377853394,0.6104193925857544
0.5194021463394165,-0.3088764548301697,1.553691029548645
0.7673275470733643,-0.7760469317436218,0.5570165514945984
0.5073214769363403,0.10319922864437103,1.2576061487197876
0.6732211709022522,0.3120240569114685,0.917220413684845
0.7750532627105713,0.11454015970230103,1.157355546951294
1.2564482688903809,-0.25460392236709595,0.8796799778938293
1.4296977519989014,-0.062378399074077606,0.9941965341567993
0.9378888607025146,-0.030440961942076683,1.5525685548782349
0.20001685619354248,-0.315203458070755,1.3706979751586914
1.0444238185882568,-0.3502753674983978,1.0640697479248047
0.6611344218254089,-0.8126494288444519,0.6456305980682373
0.6479769945144653,-0.2774517238140106,1.1006767749786377
0.5405339598655701,-0.6657369136810303,1.4578616619110107
0.6410394906997681,0.13846413791179657,1.4849857091903687
0.3494408130645752,-0.5133147835731506,1.2890056371688843
0.9071534872055054,-0.6908237934112549,1.3983019590377808
1.0571165084838867,-0.6670246124267578,0.6006158590316772
0.5072567462921143,-0.19202396273612976,1.2471935749053955
0.46647799015045166,-0.586579442024231,1.3735477924346924
0.7780945897102356,0.11898481100797653,1.500566840171814
0.34183305501937866,-0.602830171585083,0.8594372272491455
1.0662257671356201,-0.7687640190124512,1.1263948678970337
0.9955739974975586,0.16354745626449585,1.0016199350357056
0.45306915044784546,0.00801094714552164,1.4528430700302124
0.5615475177764893,-0.2417324036359787,1.2202965021133423
1.0764877796173096,-0.4770306944847107,1.4505853652954102
1.0362036228179932,-0.4298321008682251,1.5464401245117188
1.0546438694000244,-0.3243095278739929,1.191495656967163
0.26148802042007446,-0.4597339630126953,1.2200584411621094
0.6219077110290527,0.49304139614105225,0.8869012594223022
0.9068291187286377,-0.7951335906982422,0.5743710994720459
0.603171169757843,-0.17102593183517456,1.5607632398605347
0.06148119270801544,-0.32697924971580505,0.8933944702148438
0.21981661021709442,-0.2917640209197998,1.3562315702438354
1.2498112916946411,-0.13084295392036438,0.9988510608673096
0.4224732518196106,-0.557958722114563,1.4451979398727417
0.6357654333114624,-0.047668322920799255,1.25839102268219
1.3577868938446045,-0.4543359875679016,1.1772675514221191
0.7641728520393372,0.03269799053668976,1.3495349884033203
1.0203301906585693,-0.8048619031906128,1.2645540237426758
0.2949844002723694,-0.33250489830970764,0.9269405007362366
0.9262776374816895,-0.46802693605422974,1.5004322528839111
1.0566202402114868,-0.17183318734169006,1.4104825258255005
0.515449583530426,-0.28319087624549866,1.0941202640533447
0.6785816550254822,0.05617295950651169,0.7821258306503296
0.37283098697662354,-0.40329962968826294,1.0782134532928467
0.5353515148162842,-0.37487244606018066,1.0534660816192627
0.7925204634666443,-0.8322824835777283,1.256186604499817
1.3359029293060303,-0.5423030853271484,0.8693193793296814
1.1159378290176392,0.046471673995256424,0.9517032504081726
1.2073910236358643,-0.46383264660835266,0.6338509917259216
0.6025839447975159,0.10199500620365143,0.8396105766296387
0.46837419271469116,-0.9618682861328125,1.008427381515503
0.7249423265457153,0.10742677003145218,1.2790417671203613
0.43350210785865784,-0.7951313257217407,1.282812476158142
1.2399322986602783,-0.6060419678688049,0.7723044753074646
0.6279553174972534,-0.7769579887390137,1.2330350875854492
1.198671817779541,-0.124906986951828,1.1290225982666016
1.1361206769943237,-0.13219189643859863,0.7991927862167358
0.2667499780654907,0.02621498703956604,1.1784049272537231
1.176802396774292,-0.8649513125419617,0.6274373531341553
0.3285064995288849,-0.2847755551338196,1.2662259340286255
0.5976265668869019,-0.514634370803833,0.9254786968231201
1.1734235286712646,-0.3072187900543213,0.6285471320152283
0.4993484318256378,-0.7587039470672607,0.5123208165168762
0.7451646327972412,0.3118950426578522,1.402326226234436
0.4614068865776062,0.1280704289674759,1.3662891387939453
0.3369101285934448,-0.13822203874588013,1.4695532321929932
0.8078003525733948,-0.0762556716799736,1.233438491821289
0.7262601852416992,0.4738616347312927,1.165664553642273
0.6243902444839478,-0.4525899589061737,1.1146395206451416
1.356172800064087,0.09869959950447083,0.9781131148338318
0.4041929244995117,-0.2209383249282837,1.4330331087112427
1.2375688552856445,0.02293197065591812,0.9181467294692993
0.7888175845146179,0.12716428935527802,1.5074785947799683
0.5076045989990234,-0.3738035261631012,1.2866175174713135
0.9566358327865601,-0.9495940208435059,1.007304310798645
0.6448426842689514,0.28287750482559204,1.2145711183547974
0.45997354388237,-0.3393127918243408,1.1447495222091675
0.9862227439880371,-0.4393995404243469,1.4442572593688965
1.1720893383026123,-0.3848644495010376,0.6672011017799377
0.30477163195610046,-0.8099386692047119,1.1362063884735107
1.223928451538086,-0.20938855409622192,0.5267806649208069
0.7343299984931946,-0.7469062805175781,0.9305067658424377
1.2950944900512695,-0.3882039785385132,0.6233302354812622
1.1848759651184082,-0.684306800365448,1.3073911666870117
0.8794375658035278,-0.049960363656282425,1.3340216875076294
0.5670796036720276,9.752810001373291e-05,1.312090277671814
0.32594943046569824,-0.16633230447769165,1.3154430389404297
0.5922869443893433,-0.7043687701225281,0.726226806640625
1.257445216178894,-0.0043225958943367004,1.2439457178115845
0.4439718425273895,-0.06865798681974411,1.1708773374557495
1.0834357738494873,-0.22867059707641602,1.207076907157898
1.3686697483062744,0.15073063969612122,0.9291022419929504
0.41294312477111816,0.4000086188316345,0.9847069382667542
1.128194808959961,-0.2574412226676941,0.9196757078170776
0.3653993010520935,0.05418417975306511,1.4217647314071655
0.40290406346321106,-0.3316088318824768,1.2067722082138062
0.646332859992981,0.22440063953399658,1.1292170286178589
0.8602105379104614,-0.5748820900917053,1.4018526077270508
1.0060858726501465,-0.9062276482582092,0.4999935030937195
0.3269665241241455,0.048114776611328125,1.0475009679794312
0.4506393373012543,-0.2443104088306427,1.432375192642212
1.2310696840286255,-0.12033260613679886,1.104893684387207
0.4682289958000183,-0.7804248929023743,1.0866994857788086
1.2650560140609741,-0.20676502585411072,1.381664752960205
0.6987690329551697,-0.7866169214248657,0.705081045627594
0.6016036868095398,-0.19161278009414673,1.164175271987915
0.10442732274532318,-0.017100591212511063,0.7730446457862854
0.6564415097236633,-0.5099219679832458,1.490957498550415
0.7010324597358704,-0.7539294958114624,1.290176510810852
1.200157642364502,-0.28175801038742065,0.9241770505905151
0.42506682872772217,-0.8778088092803955,0.8673727512359619
0.34750327467918396,-0.10947375744581223,1.0011510848999023
0.3581118583679199,0.11173451691865921,1.2736859321594238
0.5429505109786987,-0.36863285303115845,1.140006422996521
0.4177713990211487,-0.6664137840270996,1.3445935249328613
0.4985750913619995,-0.3974846601486206,1.2506377696990967
0.36076831817626953,0.09115587919950485,1.093453049659729
0.7854242324829102,-0.6654804348945618,0.3650280833244324
0.16028501093387604,0.21029135584831238,0.8750613927841187
0.9399435520172119,-0.55528724193573,0.8026214838027954
1.036743402481079,-0.35804688930511475,1.0892142057418823
1.3145051002502441,-0.038034889847040176,0.8967089056968689
0.7388481497764587,-0.5771137475967407,1.261317491531372
1.0554968118667603,-0.19014546275138855,1.270908236503601
0.3605058491230011,-0.17717789113521576,1.2858765125274658
0.6675232648849487,-0.9981501698493958,0.8218719363212585
0.4405955672264099,0.24360808730125427,0.7545278072357178
0.5290916562080383,-0.651242733001709,0.6380733251571655
1.2852394580841064,0.20053371787071228,0.6688836216926575
1.055897831916809,-0.20384889841079712,1.3465454578399658
0.7830004096031189,0.3662521243095398,1.3084807395935059
0.22652417421340942,-0.6827528476715088,1.0244766473770142
0.6112024784088135,-0.44137293100357056,1.4363007545471191
0.7171758413314819,0.025767236948013306,1.2336395978927612
0.9695408940315247,-6.0403719544410706e-05,1.5511302947998047
1.3638612031936646,-0.13561929762363434,1.3344544172286987
1.110539197921753,-0.3141572177410126,0.8857117891311646
1.0058996677398682,-0.058522779494524,1.5399789810180664
0.7975257635116577,0.23013421893119812,0.9687839150428772
0.8806144595146179,-0.8781703114509583,1.0412497520446777
0.18054518103599548,-0.2806122899055481,1.253547191619873
0.378827840089798,-0.2061130553483963,1.2030322551727295
0.5510844588279724,-0.12231151759624481,1.4606373310089111
0.6684383749961853,-0.47774606943130493,1.1538816690444946
1.3104881048202515,-0.7136992812156677,0.8025000691413879
1.4432752132415771,-0.31162357330322266,0.6002247333526611
0.42447495460510254,0.017658308148384094,1.0194878578186035
0.9423797130584717,0.11471811681985855,1.4034717082977295
0.502167820930481,-0.23484739661216736,1.1523895263671875
1.2879573106765747,-0.09546852111816406,0.7924785614013672
0.4093513488769531,-0.23451507091522217,1.4197425842285156
0.45878320932388306,-0.3862617015838623,1.269923210144043
0.4505651593208313,-0.035758405923843384,1.4700525999069214
1.4463897943496704,-0.5295265316963196,1.1501967906951904
0.7872921824455261,-0.28093311190605164,1.5758211612701416
1.033008098602295,-0.1476416289806366,1.3828368186950684
0.9401529431343079,-0.4285588264465332,1.5318692922592163
0.6076237559318542,-0.3773902654647827,1.4424313306808472
1.361031174659729,-0.3264530897140503,1.1468671560287476
0.9789899587631226,0.20296701788902283,1.4629440307617188
0.9767132997512817,-0.010535035282373428,1.5500370264053345
0.8035899996757507,-0.7067964673042297,1.4689313173294067
0.5748869180679321,-0.6956884264945984,1.00033700466156
0.6259967088699341,0.1564696729183197,0.8961181640625
0.7943110466003418,0.26749128103256226,1.1722943782806396
0.3396313488483429,-0.23613937199115753,1.0247474908828735
0.954992949962616,-0.14946243166923523,1.4363609552383423
0.5524980425834656,-0.12493696808815002,1.5493364334106445
0.7398219108581543,0.1730903685092926,1.2772973775863647
0.9039617776870728,-0.6264724731445312,0.9823356866836548
0.20380882918834686,-0.42498645186424255,0.9792176485061646
1.2495018243789673,-0.05164341628551483,0.4490385949611664
0.2672266960144043,0.1948200762271881,0.9214930534362793
0.21102215349674225,-0.29347968101501465,1.3617403507232666
0.8395484685897827,-0.0406375527381897,1.3486409187316895
1.1008353233337402,-0.0952853113412857,1.3178362846374512
1.14394211769104,-0.5528497695922852,1.0501395463943481
0.8105579614639282,-0.3819873631000519,1.1978343725204468
0.4969245195388794,-0.5969527363777161,1.1939697265625
0.6960650086402893,-0.798380970954895,0.3987455368041992
0.8607093691825867,-0.4429760277271271,1.4143011569976807
0.7703971862792969,-0.4408073425292969,1.5633814334869385
0.6162165403366089,-0.6760725975036621,0.44957488775253296
0.7340928316116333,-0.8314292430877686,0.7193026542663574
0.9973080158233643,-0.12258781492710114,1.4347302913665771
0.9544065594673157,0.12241242825984955,1.5120890140533447
0.4488105773925781,0.17501218616962433,1.321163535118103
0.48468631505966187,-0.8250651359558105,0.5410757064819336
0.6400356292724609,0.30796703696250916,1.2389105558395386
1.5064795017242432,-0.5240001678466797,1.0632057189941406
0.6283097267150879,-0.7214505076408386,0.9824488162994385
0.43498289585113525,-0.09221595525741577,1.4724630117416382
1.0498028993606567,0.06071600317955017,1.401585340499878
0.4888741970062256,0.14756357669830322,1.4106321334838867
0.7964275479316711,-0.06388132274150848,1.0898628234863281
0.3739575743675232,0.03151626139879227,1.342915654182434
0.3389816880226135,-0.6030272245407104,1.370837688446045
0.7220723032951355,-0.2178511619567871,1.521812081336975
0.8117334246635437,-0.12042643129825592,1.4376579523086548
1.2951222658157349,-0.33572229743003845,1.438077449798584
0.6928885579109192,0.34421491622924805,1.2623710632324219
1.0259957313537598,0.23554442822933197,1.423994779586792
0.289903461933136,-0.16000030934810638,0.8531444072723389
0.981059193611145,-0.05943933129310608,1.1257927417755127
0.5477924346923828,-0.36229997873306274,1.5121253728866577
0.6272050142288208,-0.4619550108909607,1.2641469240188599
1.185278058052063,-0.40167757868766785,1.2768529653549194
0.8521682024002075,0.010188931599259377,0.7578810453414917
0.8893049955368042,0.1528090536594391,0.8612493872642517
1.0560851097106934,-0.5037017464637756,0.7808077335357666
0.4452156722545624,0.36162108182907104,1.0076696872711182
0.6481441259384155,0.10838010162115097,1.39592444896698
0.7364497184753418,-0.08405674993991852,1.190081000328064
1.002206563949585,-0.32595205307006836,1.3165702819824219
1.01787531375885,0.09669211506843567,1.3244978189468384
0.44755449891090393,-0.23502154648303986,1.446787714958191
0.7291424870491028,-0.8260951638221741,1.0714480876922607
0.5703129768371582,0.2966043949127197,1.1748628616333008
0.7601267099380493,-0.7574270963668823,0.6457827687263489
1.0413885116577148,0.09869363903999329,1.2854156494140625
0.4416919946670532,-0.7179466485977173,1.250320553779602
0.4408779442310333,-0.14349129796028137,1.052735686302185
0.7843073606491089,-0.7535415887832642,1.4126652479171753
1.4020378589630127,-0.11762556433677673,0.6571816205978394
1.4556877613067627,-0.24830248951911926,1.1966230869293213
0.14167413115501404,-0.3002054691314697,1.1183408498764038
1.2009292840957642,-0.5286735892295837,0.8390554785728455
0.8057540059089661,0.4247172474861145,1.1103416681289673
1.0355465412139893,-0.9583675265312195,1.0006749629974365
0.2967705726623535,-0.5381990671157837,0.9548447728157043
1.003796100616455,-0.9189887642860413,1.133376121520996
1.0210273265838623,-0.3521527349948883,0.8223284482955933
0.8769820332527161,-0.45693519711494446,1.0404295921325684
0.6047389507293701,-0.18841542303562164,1.1117000579833984
0.45184326171875,-0.794182538986206,1.2590203285217285
0.8230485320091248,-0.7811146378517151,1.2109394073486328
0.4612613320350647,-0.32405227422714233,1.4867587089538574
1.1814837455749512,-0.7750495672225952,0.9542864561080933
0.8235706090927124,0.2825019657611847,0.9867971539497375
0.5608932971954346,-0.6085864305496216,1.27799654006958
0.45895063877105713,-0.4359903931617737,0.9155064821243286
0.8330608606338501,0.15080605447292328,1.1367155313491821
0.9711532592773438,0.20873481035232544,1.4357552528381348
0.8402109146118164,0.41809719800949097,1.2549110651016235
0.5467995405197144,0.029418189078569412,1.4405649900436401
1.394928216934204,-0.060067061334848404,1.112307071685791
0.97525954246521,0.08018721640110016,1.2880280017852783
1.5393755435943604,-0.19751840829849243,1.1310392618179321
0.8329400420188904,0.24907918274402618,1.2882686853408813
1.0709346532821655,0.2229255735874176,1.2613731622695923
0.5702691674232483,0.14337903261184692,1.3952354192733765
0.5930850505828857,0.21346288919448853,1.2005655765533447
0.4237494170665741,-0.04362712427973747,1.2464028596878052
0.6368979215621948,-0.9006532430648804,0.981157660484314
1.0341517925262451,-0.010328426957130432,1.4923869371414185
0.6185733079910278,-0.625993549823761,1.394142985343933
0.7458360195159912,0.21586979925632477,0.9770443439483643
0.5176004767417908,-0.250266432762146,1.2364788055419922
1.4996914863586426,-0.023561988025903702,0.7844208478927612
0.4815187454223633,0.29477202892303467,1.2700613737106323
0.6952577829360962,-0.19649799168109894,1.5719363689422607
0.3834078907966614,-0.23838907480239868,1.0014495849609375
0.39743298292160034,-0.41627490520477295,1.0570188760757446
1.2954105138778687,-0.8452280163764954,0.8685078620910645
0.5252153873443604,-0.46902257204055786,1.2609485387802124
0.9703730344772339,0.07414118945598602,1.4151906967163086
0.34064972400665283,0.07624562829732895,1.1187103986740112
1.260772705078125,-0.43553972244262695,1.4074018001556396
1.3518041372299194,-0.0774858146905899,1.0280277729034424
0.8531187772750854,-0.05431641638278961,1.2878373861312866
0.7752008438110352,-0.004238918423652649,1.3587465286254883
0.3503537178039551,-0.4946300685405731,1.1697421073913574
0.9643884897232056,-0.36383238434791565,1.3933883905410767
0.4342467486858368,-0.11287213861942291,1.2928639650344849
0.9094595909118652,-0.612267017364502,1.4513448476791382
0.6163479685783386,-0.6423922777175903,0.9429879188537598
0.4406242370605469,-0.6407642364501953,0.8839263916015625
0.8087559938430786,0.2585504651069641,0.9426447153091431
0.5652114748954773,0.5219511985778809,0.8039209246635437
0.7316864728927612,-0.6784862875938416,0.751960277557373
0.6468013525009155,-0.16258177161216736,1.489300012588501
0.6956089735031128,0.3064524531364441,1.3012619018554688
0.18785834312438965,-0.2512325644493103,1.257956624031067
0.502747118473053,0.3431870937347412,1.2988344430923462
0.4650591313838959,-0.5222811102867126,1.0957823991775513
1.0179002285003662,0.34797564148902893,0.7526750564575195
1.053633451461792,-0.21782541275024414,1.2855172157287598
0.34374746680259705,-0.46860724687576294,1.2626639604568481
0.6969789266586304,0.2349414825439453,1.1397358179092407
0.5454532504081726,-0.7405051589012146,1.1883115768432617
0.813504159450531,0.07329526543617249,0.9108479022979736
1.1369750499725342,-0.30806970596313477,1.4016889333724976
1.2355353832244873,-0.8726575374603271,1.0003668069839478
0.22968101501464844,-0.39982476830482483,1.2744288444519043
0.4995249807834625,0.4534008502960205,1.033686637878418
0.7959774732589722,-0.05301973223686218,1.1331911087036133
0.5328092575073242,-0.6622057557106018,0.9830066561698914
0.877341628074646,0.0063462406396865845,1.3492867946624756
1.0426028966903687,0.07897190749645233,1.1033155918121338
0.7274446487426758,-0.3807640075683594,1.0808124542236328
0.496005117893219,0.08023305237293243,1.4265341758728027
0.72600257396698,-0.5060520172119141,1.2187018394470215
0.6382290124893188,-0.14105239510536194,1.2722206115722656
1.2243659496307373,-0.27333545684814453,0.7758577466011047
1.28944730758667,-0.09880298376083374,1.380526065826416
0.6350780129432678,-0.31580308079719543,1.4314731359481812
0.8341375589370728,-0.08875934779644012,1.4529330730438232
0.8791881203651428,-0.13551905751228333,1.3813860416412354
1.2351399660110474,-0.8336426019668579,1.08255934715271
0.7250893712043762,-0.5134801864624023,1.550165057182312
0.324871689081192,-0.744040846824646,1.2570877075195312
1.0949666500091553,-0.5887578725814819,1.3180460929870605
1.0666630268096924,-0.5099098682403564,0.7976046800613403
0.41849368810653687,-0.6422213315963745,1.0753720998764038
0.7239515781402588,-0.007596202194690704,1.1813057661056519
0.933489203453064,-0.6702523231506348,0.8066197037696838
0.22912105917930603,-0.5276267528533936,0.9351291656494141
0.4888527989387512,-0.17133475840091705,1.1727803945541382
0.9784794449806213,0.04524952918291092,1.0528031587600708
0.6543550491333008,-0.6166157722473145,1.2731660604476929
0.8373185396194458,-0.9748539924621582,0.6499670743942261
0.560536801815033,0.1564832329750061,1.4623239040374756
1.5151970386505127,-0.5694356560707092,0.8568547964096069
0.5629291534423828,-0.24196605384349823,1.555498719215393
1.4066132307052612,-0.2875620722770691,1.190565586090088
1.273751139640808,-0.30135247111320496,0.9002414345741272
0.5985428094863892,-0.3754016160964966,1.2090957164764404
0.8172193765640259,-0.5131956934928894,1.4947781562805176
0.4709284007549286,-0.4403546452522278,1.497936487197876
0.8488879799842834,-0.8820472955703735,0.9888738393783569
0.6482495069503784,-0.6721491813659668,1.1716402769088745
0.8038299083709717,-0.7218193411827087,0.7510992288589478
-0.0004797670990228653,-0.1683080792427063,0.7577185034751892
0.7187379598617554,0.4488481283187866,1.0867409706115723
1.3539254665374756,-0.15187349915504456,1.168347954750061
0.7756639122962952,0.047042086720466614,1.1159541606903076
1.4286597967147827,-0.0518680214881897,0.7411507964134216
0.7229391932487488,-0.4537607431411743,1.3011428117752075
0.4472983479499817,-0.44227907061576843,1.284333348274231
1.0565708875656128,-0.27520233392715454,1.5234991312026978
0.3109086751937866,-0.006141427904367447,1.3347740173339844
1.2779842615127563,0.1044548749923706,1.256981611251831
1.2803300619125366,0.015915442258119583,1.2589081525802612
0.4799496531486511,-0.3723912835121155,0.8724056482315063
0.38451674580574036,-0.5508304238319397,0.8237091302871704
0.6435418725013733,0.026681501418352127,1.5394426584243774
0.6671308279037476,-0.6428207159042358,1.3517343997955322
0.5255423188209534,0.12006677687168121,1.1777501106262207
0.6907667517662048,-0.8729673027992249,0.9520723819732666
0.9661718606948853,-0.6867615580558777,0.5580378174781799
1.2651162147521973,-0.08347396552562714,0.9856580495834351
0.6251912117004395,-0.707827091217041,0.7031761407852173
0.8337593078613281,0.3840849995613098,0.8319826126098633
0.34552472829818726,-0.05396626889705658,1.1217982769012451
0.44348233938217163,-0.06680823862552643,1.3690054416656494
0.5443440079689026,-0.7931297421455383,1.110751748085022
0.839074969291687,-0.7654076218605042,1.215099573135376
0.9888004660606384,-0.9580858945846558,0.7421022653579712
1.5650023221969604,-0.3844970464706421,0.7018229365348816
0.8120464086532593,-0.6663556098937988,1.4153419733047485
0.38676756620407104,0.025471534579992294,1.3654694557189941
1.0990601778030396,-0.6127895712852478,1.3902229070663452
0.805810809135437,0.2562027871608734,0.9866987466812134
0.9460367560386658,0.10156786441802979,1.0253517627716064
0.8139456510543823,-0.7151356339454651,0.7024315595626831
1.149410367012024,-0.7480546832084656,0.8630930781364441
1.4578049182891846,-0.4355897307395935,1.1878466606140137
0.3602042496204376,-0.0057808756828308105,1.1623212099075317
0.6107054352760315,-0.48732876777648926,1.3770991563796997
0.6467064023017883,-0.6949827671051025,0.7717127799987793
0.7123420238494873,-0.6169431209564209,1.1609328985214233
1.1793304681777954,-0.4142102599143982,1.4012360572814941
1.0443298816680908,-0.4634641408920288,1.256995677947998
0.3285976052284241,-0.22364205121994019,0.9242062568664551
0.35328909754753113,-0.6870129704475403,1.2461704015731812
0.8835702538490295,-0.1589355617761612,1.5764672756195068
0.40667057037353516,-0.41519492864608765,1.085983395576477
0.5636149048805237,-0.27010154724121094,1.5634257793426514
1.2578942775726318,0.15993691980838776,1.241791844367981
0.49426916241645813,-0.3951871991157532,1.4608149528503418
1.1445746421813965,-0.5642960071563721,1.3820018768310547
0.4949902892112732,-0.900181233882904,0.9041363000869751
0.5042254328727722,-0.24482974410057068,1.2921243906021118
0.650222897529602,-0.6192742586135864,1.3115979433059692
0.7316232323646545,0.416807621717453,1.2880929708480835
0.44929760694503784,0.07672737538814545,0.8717578053474426
1.1723612546920776,-0.01477067917585373,1.085809350013733
1.2443008422851562,-0.09698522090911865,1.4548500776290894
1.4252777099609375,0.15171341598033905,0.6416287422180176
0.2394919991493225,-0.2757428288459778,1.1389741897583008
0.8989235758781433,-0.11570043861865997,1.579052209854126
0.9372697472572327,-0.4481915235519409,0.833538830280304
0.4895561635494232,-0.4424624741077423,0.7863969206809998
0.3648937940597534,-0.5531740784645081,1.1972954273223877
0.565343976020813,-0.6721605062484741,1.2438899278640747
1.2039904594421387,-0.23329220712184906,1.489383339881897
0.9218732714653015,-0.7704690098762512,1.276226282119751
0.5395233631134033,0.3429214656352997,1.0324605703353882
0.35521525144577026,-0.06732812523841858,1.0713791847229004
0.6696924567222595,-0.01567009463906288,1.0227484703063965
0.33697521686553955,-0.13576406240463257,1.4595897197723389
0.49131345748901367,0.09144850820302963,1.1298930644989014
0.5429075956344604,-0.34937453269958496,1.3181657791137695
0.7476367950439453,0.05770837515592575,1.3073840141296387
0.7397860288619995,0.026082564145326614,1.1652289628982544
1.1322994232177734,-0.7182109951972961,1.3406835794448853
0.8407712578773499,0.04162251204252243,1.3162996768951416
0.6180264353752136,-0.2478700876235962,1.4341681003570557
0.8981677889823914,-0.860999345779419,1.1700047254562378
0.8897289037704468,0.07601961493492126,0.8220185041427612
1.1452244520187378,-0.29003432393074036,1.4429867267608643
0.5223380327224731,-0.5887830853462219,1.454288125038147
0.5512146949768066,-0.0013259053230285645,1.5336277484893799
0.7350010275840759,0.19800087809562683,1.1786757707595825
0.896886944770813,0.030683018267154694,1.37629234790802
0.4609856903553009,0.0332377552986145,1.4796757698059082
0.44899776577949524,-0.6074967384338379,1.3057879209518433
1.2491481304168701,-0.36394843459129333,1.2506656646728516
0.36635512113571167,-0.24050718545913696,1.3069697618484497
1.1718508005142212,-0.6975061893463135,1.1503467559814453
0.5477312803268433,-0.6554897427558899,0.8392304182052612
0.2840648889541626,0.0507119745016098,1.0551000833511353
0.3059835135936737,-0.2702181339263916,0.9738035202026367
0.6223902702331543,-0.40112069249153137,1.3698862791061401
1.4183564186096191,-0.23871135711669922,1.1046268939971924
0.7944925427436829,-0.042752981185913086,1.297116756439209
0.31282055377960205,-0.26489508152008057,1.3590819835662842
0.8029237389564514,-0.22149018943309784,1.3188542127609253
0.4440937340259552,-0.9557739496231079,0.8259075880050659
0.9827184081077576,0.3768625855445862,1.0911009311676025
0.3209356963634491,-0.04559347406029701,1.2125931978225708
0.20661084353923798,-0.005219966173171997,1.3260877132415771
1.3950589895248413,-0.31612950563430786,1.1556284427642822
0.7464404702186584,-0.39794275164604187,1.565260410308838
1.0703442096710205,-0.6013100743293762,1.199151873588562
0.7804580330848694,-0.914821207523346,0.9095261096954346
0.5473406910896301,-0.29601573944091797,1.1424264907836914
0.5711169242858887,0.11940661072731018,0.7895102500915527
0.9262385368347168,0.2960072457790375,1.0440207719802856
0.7917378544807434,0.07327011227607727,0.9181749820709229
1.266333818435669,0.2631637752056122,0.6042691469192505
1.1850039958953857,-0.6389973163604736,1.0456058979034424
0.843585193157196,0.4539697468280792,1.1834269762039185
0.2743387818336487,-0.6940463781356812,1.247687578201294
0.8692639470100403,-0.6577525734901428,1.0022858381271362
1.1680294275283813,-0.2913155257701874,0.7534489631652832
0.27390891313552856,0.1121458113193512,1.267815113067627
0.2693018317222595,-0.29664963483810425,1.189005970954895
1.007332444190979,-0.7114927768707275,0.9713529348373413
0.37198182940483093,0.4029287099838257,1.0815927982330322
0.5129181742668152,0.11793170124292374,0.9175970554351807
0.19011008739471436,-0.2940899431705475,1.3059254884719849
0.6553882956504822,-0.40048688650131226,1.5179625749588013
0.819936215877533,0.04084138944745064,1.1934174299240112
0.35292181372642517,-0.1667243242263794,0.8141135573387146
1.053821086883545,-0.12491205334663391,1.3042669296264648
0.7571916580200195,-0.39573147892951965,0.812659740447998
0.4855160713195801,-0.7492976188659668,0.9936596751213074
0.46530842781066895,-0.5373002290725708,1.3210852146148682
0.36661243438720703,-0.2392307072877884,1.0515660047531128
0.3562079668045044,-0.5256485939025879,0.9195472002029419
0.5193228125572205,-0.13484305143356323,1.3204541206359863
1.1060853004455566,-0.42347925901412964,0.7900208234786987
0.628424882888794,-0.6909710168838501,1.4359709024429321
0.9920881986618042,-0.47905251383781433,1.127135992050171
0.6697341203689575,-0.7686541676521301,0.523952066898346
0.9804850816726685,-0.029739374294877052,0.7770205140113831
1.1044604778289795,0.290857195854187,0.9384969472885132
0.63215571641922,0.045017823576927185,1.3692976236343384
0.6081691980361938,-0.8111718893051147,0.8455073833465576
1.2719815969467163,0.21995824575424194,0.5687190294265747
0.36402031779289246,0.05858415365219116,1.0098588466644287
1.1586931943893433,-0.7559235095977783,0.49553894996643066
1.4373891353607178,-0.5362426042556763,1.2176324129104614
0.703914999961853,-0.5220505595207214,0.9971287250518799
0.5136679410934448,-0.23014983534812927,1.5288174152374268
0.8509628176689148,0.20902392268180847,1.3417595624923706
0.5760225057601929,0.21710088849067688,1.3007373809814453
1.0654670000076294,-0.4838448762893677,1.4873487949371338
1.0556375980377197,0.2612028419971466,1.3039226531982422
0.8745864033699036,-0.008081980049610138,1.2610926628112793
0.4235042929649353,-0.6731392741203308,1.0478878021240234
1.1087243556976318,0.4444650411605835,1.1158778667449951
0.5467261075973511,-0.11549872159957886,1.541218876838684
1.007161259651184,-0.7056254744529724,1.4172472953796387
1.22104012966156,-0.23936089873313904,0.8683504462242126
1.0350741147994995,-0.318083792924881,1.0055538415908813
0.860468327999115,0.39195799827575684,1.0450713634490967
0.2686362862586975,-0.10084210336208344,1.374835729598999
0.719110906124115,-0.7080913782119751,0.9743078947067261
0.5135412812232971,0.07154463231563568,1.340417504310608
1.045156478881836,-0.8673564195632935,0.7383818626403809
0.40675783157348633,-0.5518255233764648,0.895734429359436
1.2773243188858032,-0.5467081069946289,0.8515137434005737
0.5334923267364502,0.2915520668029785,1.1474015712738037
0.45172563195228577,-0.4372655749320984,1.3025708198547363
0.44123291969299316,-0.2753022015094757,0.7796587347984314
0.2565154433250427,-0.4483272433280945,1.3450593948364258
1.0927162170410156,-0.5264604091644287,0.9724765419960022
0.7559027075767517,-0.11292785406112671,1.5381529331207275
0.8210425972938538,0.3486838638782501,1.1933715343475342
0.5052986145019531,0.07714837789535522,1.370369553565979
0.6161735653877258,-0.5868479609489441,1.2681529521942139
0.8680804967880249,-0.9484282732009888,1.0174033641815186
0.5643686056137085,-0.6383104920387268,0.48392194509506226
0.5196148157119751,-0.6847535371780396,1.3471192121505737
1.0385034084320068,0.19276295602321625,0.9495061635971069
1.0472955703735352,0.27791160345077515,1.088809847831726
0.27425050735473633,0.19729971885681152,1.2516701221466064
0.826012909412384,-0.04865104705095291,1.2112356424331665
0.6170800924301147,-0.6758996248245239,0.8582366108894348
1.0481088161468506,0.43458956480026245,1.0085480213165283
0.5047780871391296,-0.7148317098617554,1.1771667003631592
1.2287647724151611,-0.003183811902999878,0.6853530406951904
0.8483932614326477,-0.39423346519470215,1.56581711769104
0.5966035723686218,0.04590078070759773,1.3635292053222656
0.8145691752433777,-0.05998256057500839,1.5663214921951294
0.5105950236320496,-0.8143041729927063,0.6259411573410034
0.36830759048461914,-0.5994915962219238,1.1422090530395508
0.17462483048439026,0.13957633078098297,1.1206541061401367
1.3985011577606201,0.07358523458242416,1.2162903547286987
0.565571129322052,-0.006938308477401733,0.7786003351211548
1.1130915880203247,-0.585074782371521,1.3302775621414185
0.6971232891082764,0.08714614808559418,0.9626271724700928
0.80295729637146,-0.4522061347961426,1.2275840044021606
0.3422342538833618,-0.2997995913028717,0.7633803486824036
1.2683665752410889,-0.17485517263412476,1.4145822525024414
0.8081197738647461,0.2462676614522934,0.8715076446533203
1.2949841022491455,-0.8206945061683655,1.0570273399353027
0.5020909309387207,-0.6260619163513184,1.1315393447875977
0.8898482322692871,-0.8523225784301758,0.5392519235610962
0.9923182725906372,-0.9562792778015137,1.0213842391967773
0.7155197858810425,-0.09250521659851074,1.169976830482483
0.5059741139411926,-0.07062934339046478,1.0269302129745483
0.44034022092819214,-0.3998982608318329,1.3885130882263184
0.8861133456230164,-0.08449412137269974,1.101914882659912
0.4736916124820709,0.1781843900680542,1.2045499086380005
1.1175864934921265,-0.02287152409553528,1.3260499238967896
1.2406516075134277,-0.19287899136543274,1.0139113664627075
0.5871217250823975,-0.25088754296302795,1.554653525352478
0.4838883876800537,-0.4827216565608978,1.3595770597457886
0.6043829321861267,-0.5441792011260986,0.8298826217651367
0.5091813802719116,-0.3740110993385315,1.5330784320831299
1.2302820682525635,0.31176453828811646,0.9716067314147949
0.6708104014396667,0.08344146609306335,1.532505989074707
0.6629688739776611,-0.3986075222492218,1.1210871934890747
0.626823365688324,-0.8381045460700989,1.1203676462173462
0.8815063834190369,-0.6523420810699463,1.4838073253631592
0.7108704447746277,0.08617065846920013,1.3966485261917114
0.33982789516448975,0.34607332944869995,1.0878053903579712
0.5921494960784912,0.022889968007802963,1.5060018301010132
0.7614179849624634,-0.23757192492485046,1.2125567197799683
0.9026898741722107,-0.028406862169504166,1.1664215326309204
0.6290931105613708,-0.5308542847633362,1.2900092601776123
0.49993547797203064,-0.6057915687561035,1.0448060035705566
0.736072838306427,-0.3580864667892456,1.5811607837677002
1.117396593093872,-0.770296037197113,1.2611111402511597
1.1223620176315308,0.10257872194051743,1.2842822074890137
0.6050902605056763,0.4273030757904053,1.0144294500350952
0.550303041934967,0.028886467218399048,0.7725976705551147
0.5184275507926941,-0.5664763450622559,0.7963871359825134
0.3610306680202484,-0.4863033890724182,1.2543894052505493
0.921280026435852,-0.8398056626319885,1.301511287689209
1.5567939281463623,-0.4206739068031311,0.7216899394989014
1.1546770334243774,-0.4739519953727722,1.2851731777191162
1.2452681064605713,-0.0538862869143486,1.2907335758209229
0.8536925315856934,-0.5397046804428101,1.171366810798645
0.5448243618011475,0.032609082758426666,1.4863324165344238
1.0048303604125977,-0.6046911478042603,1.1340364217758179
0.11021304130554199,-0.5475273728370667,0.7704204320907593
0.8331678509712219,-0.06994087994098663,1.5644723176956177
0.229512557387352,0.06648817658424377,1.31748366355896
0.8726271390914917,0.107699453830719,0.7644602656364441
0.16744914650917053,-0.30861636996269226,0.7835047245025635
0.4043460190296173,0.2886076271533966,0.7781067490577698
0.3567492365837097,0.23145714402198792,1.311065435409546
0.44248345494270325,-0.19910138845443726,1.095664381980896
0.5411103367805481,0.40001410245895386,0.852938175201416
0.3874795138835907,0.06830573081970215,1.070229172706604
0.5153074264526367,0.20893482863903046,1.3087496757507324
0.239359050989151,0.01291469857096672,1.3411556482315063
0.5179376602172852,-0.5577060580253601,0.9419224262237549
0.8169045448303223,-0.910599946975708,0.8573378324508667
0.40039658546447754,-0.3919329047203064,1.477574110031128
0.499246746301651,-0.12037768959999084,0.8729782104492188
0.8232190608978271,-0.5635262131690979,1.534909725189209
0.6781899333000183,-0.12056311964988708,1.5628015995025635
0.3197610378265381,-0.15944139659404755,1.4347255229949951
1.2148010730743408,-0.6510015726089478,0.8429968357086182
0.4257843494415283,-0.10227003693580627,0.9525089263916016
0.49213895201683044,-0.20269857347011566,1.106543779373169
0.7195540070533752,-0.44474589824676514,1.2800074815750122
0.9722307920455933,-0.5883884429931641,1.45939302444458
0.7277913093566895,-0.5548083782196045,1.300318956375122
0.6494158506393433,-0.572260856628418,1.032630205154419
0.9149394631385803,0.3098645806312561,0.9462550282478333
0.9549239277839661,-0.5092730522155762,1.1651984453201294
0.50618577003479,-0.5292338132858276,1.1082613468170166
0.7218090295791626,-0.827165424823761,0.4973599314689636
0.3776863217353821,-0.3970462679862976,1.2599915266036987
0.34935835003852844,-0.6282908320426941,1.0463908910751343
0.5996667742729187,-0.6349917650222778,1.3950632810592651
0.665610671043396,0.03418125957250595,0.8467928171157837
0.7830626368522644,-0.8633582592010498,1.2950162887573242
0.42930740118026733,-0.8047615885734558,1.2112159729003906
0.7186708450317383,-0.21788959205150604,1.5775728225708008
0.8458228707313538,-0.06930357217788696,1.5611717700958252
0.9737169742584229,0.3885323107242584,1.2579269409179688
0.695281982421875,-0.02003982663154602,0.8642399311065674
0.8089255690574646,-0.5348653197288513,1.2853511571884155
0.6568644642829895,-0.9258053302764893,1.0886372327804565
0.19872358441352844,0.04161248356103897,0.9554595947265625
1.23385488986969,-0.502646267414093,1.297328233718872
0.6070671081542969,-0.1382942944765091,0.8196003437042236
0.8088074326515198,-0.6873893737792969,1.0277678966522217
0.8664145469665527,-0.8268323540687561,1.2411935329437256
0.4796968698501587,0.31891268491744995,1.3068915605545044
0.1527520716190338,0.2282482534646988,0.7791487574577332
0.8362468481063843,-0.21626213192939758,1.2164324522018433
0.8944875597953796,-0.4929717183113098,1.5455830097198486
0.7643999457359314,0.13924822211265564,1.4415230751037598
0.1833762675523758,-0.3217729926109314,1.1598283052444458
0.6781551837921143,-0.9999675750732422,1.0553414821624756
0.7760366797447205,-0.46945732831954956,1.2506481409072876
0.7825244665145874,-0.8708056211471558,1.1519603729248047
1.1010617017745972,-0.2009957730770111,1.4250043630599976
0.7645376324653625,-0.2450004667043686,1.5745658874511719
0.5297118425369263,-0.673764169216156,0.8519576787948608
0.7440760731697083,0.014511223882436752,1.082535982131958
1.0252201557159424,0.2165212333202362,1.2275639772415161
0.8515751361846924,-0.7529107332229614,0.6586906909942627
0.7181591987609863,-0.6253681778907776,1.0808063745498657
1.1678613424301147,0.23484481871128082,0.8013762831687927
0.5474786758422852,-0.3723241686820984,0.9905472993850708
1.1163451671600342,-0.09703902900218964,1.441580057144165
0.8448516726493835,0.16058935225009918,0.9661961197853088
1.2886073589324951,0.19483521580696106,0.5137198567390442
0.34148508310317993,0.29987233877182007,1.2005195617675781
1.0095120668411255,-0.0006140023469924927,0.8784980177879333
1.1881489753723145,-0.35082006454467773,0.8044153451919556
1.4234178066253662,0.13463367521762848,0.7405080199241638
0.7279877662658691,-0.8016982078552246,0.9054682850837708
0.2665269076824188,0.34637701511383057,0.8001443147659302
1.1151617765426636,0.23773671686649323,1.1113096475601196
1.308495044708252,-0.16891054809093475,1.2240900993347168
0.9966431856155396,0.20721669495105743,1.1824806928634644
0.2625918388366699,-0.2724709212779999,1.1196858882904053
0.7283443808555603,-0.6111168265342712,1.4554637670516968
0.7957630157470703,-0.29221707582473755,1.1647264957427979
1.2818603515625,-0.3030317723751068,1.285510540008545
1.1807163953781128,-0.004888283088803291,1.484000325202942
0.37576764822006226,-0.3044304847717285,1.3962491750717163
0.4335207939147949,-0.7168428301811218,1.3719842433929443
0.5384452939033508,-0.21385324001312256,1.4097977876663208
0.4540453553199768,0.11486684530973434,1.0300545692443848
0.18438060581684113,0.08952537178993225,1.0054529905319214
0.4457964301109314,-0.3480291962623596,0.9679770469665527
0.6081156134605408,-0.5293422937393188,1.3875395059585571
0.6832969188690186,0.1496526598930359,1.3263747692108154
0.8964493274688721,0.29133450984954834,1.3384538888931274
0.7411544322967529,-0.9445033073425293,0.5468056201934814
0.45928311347961426,-0.48682039976119995,1.4368849992752075
0.5363680124282837,0.07639911770820618,0.9642057418823242
1.367691159248352,-0.250873327255249,1.0961296558380127
1.1231547594070435,-0.7571993470191956,1.2445963621139526
0.5075710415840149,-0.4313637614250183,1.504983901977539
0.03945720195770264,-0.1572457104921341,0.8668619394302368
0.25361067056655884,-0.4160838723182678,1.253989338874817
0.9045357704162598,-0.003876432776451111,1.2700421810150146
0.9621424674987793,-0.1419418305158615,1.2322659492492676
0.17883437871932983,-0.18827298283576965,0.9168270826339722
1.379186749458313,-0.2901259958744049,1.197184443473816
1.1097263097763062,0.29449984431266785,1.068023681640625
0.9905192852020264,-0.2764386236667633,1.2976605892181396
0.6115514636039734,-0.17485858500003815,1.2186191082000732
1.427788257598877,0.20255833864212036,0.7332296967506409
1.4168524742126465,-0.3299241065979004,1.1669082641601562
0.2502037584781647,-0.8117281794548035,0.8638863563537598
0.37497347593307495,-0.7922337055206299,0.9531717300415039
0.5655633211135864,-0.3295738697052002,1.3579683303833008
0.840065598487854,-0.9743702411651611,0.9914275407791138
0.2820988893508911,0.18685820698738098,1.160819411277771
0.1217825785279274,-0.5941760540008545,0.8904095888137817
0.3488194942474365,-0.7174345254898071,0.6381000280380249
0.7682563662528992,-1.0147032737731934,0.6553842425346375
0.45150843262672424,-0.023976720869541168,0.7721158266067505
0.520885169506073,-0.049173444509506226,1.3578975200653076
0.9781809449195862,-0.16949906945228577,0.8655961155891418
0.2004803717136383,-0.2642763555049896,1.3664655685424805
0.8295491337776184,0.21252799034118652,0.9681570529937744
0.9905573725700378,0.17314870655536652,1.2184756994247437
0.6563129425048828,0.45030754804611206,1.1191258430480957
0.16361714899539948,-0.010740961879491806,0.8663305044174194
0.8322288990020752,-0.7774996757507324,1.1233654022216797
0.5339918732643127,0.07851587980985641,0.8055263757705688
0.5865899324417114,-0.08797270059585571,1.310487985610962
0.4033043384552002,-0.3335914611816406,1.1139346361160278
0.18890850245952606,0.1677936613559723,1.1433467864990234
0.4227449297904968,0.07207296043634415,1.3942124843597412
0.6277381777763367,0.21458035707473755,1.1336289644241333
0.37610340118408203,0.10371106117963791,1.3494222164154053
1.2355186939239502,-0.24255384504795074,0.8528437614440918
0.7387855052947998,0.2500677704811096,1.2238633632659912
0.6764793395996094,-0.8133273124694824,1.3784114122390747
0.5533764362335205,-0.5532163381576538,1.3871443271636963
0.5783464312553406,0.12764358520507812,1.221516489982605
1.0045894384384155,-0.29116877913475037,0.8111441135406494
0.3733949065208435,-0.43942803144454956,1.0311224460601807
1.1571521759033203,-0.747681736946106,1.3059965372085571
0.6436253190040588,-0.4603325426578522,1.522783875465393
0.7053468227386475,0.37518584728240967,1.2133197784423828
0.6943433284759521,-0.5568022727966309,1.4873080253601074
0.5709839463233948,-0.5702970623970032,1.5066062211990356
0.29220134019851685,-0.4534376263618469,1.4178622961044312
1.402428388595581,-0.4122627079486847,1.2667992115020752
1.0501508712768555,-0.7310982942581177,1.329513669013977
1.1040006875991821,0.30240118503570557,1.2860571146011353
0.7500408887863159,-0.531678318977356,1.4220248460769653
0.4992905259132385,-0.31680431962013245,0.8104686737060547
1.1544570922851562,0.1595984846353531,1.0710010528564453
1.547520399093628,-0.4673859179019928,0.7404371500015259
0.7968013286590576,-0.4047074615955353,1.2112984657287598
0.7434907555580139,-1.0157687664031982,0.7328931093215942
0.467147558927536,-0.5436825156211853,0.9658557176589966
1.256638765335083,0.13401594758033752,0.9635308980941772
0.8485907912254333,-0.6889856457710266,1.0630946159362793
1.0687236785888672,-0.3734816908836365,0.8203356266021729
0.9581645727157593,-0.6832098364830017,1.3893693685531616
0.38755765557289124,0.08634322881698608,1.1285967826843262
1.1518573760986328,-0.6941733360290527,0.818719744682312
1.3197861909866333,0.1352693885564804,0.5149789452552795
0.27526092529296875,-0.22720205783843994,0.7967362403869629
0.19560803472995758,-0.35653382539749146,1.1843374967575073
0.30108150839805603,-0.4681292176246643,1.218753457069397
0.5060653686523438,0.05216222628951073,1.2056876420974731
0.8039467334747314,0.03968895971775055,1.5530989170074463
0.8485496640205383,-0.7916840314865112,1.352918267250061
0.07686452567577362,-0.5471187233924866,0.8374284505844116
0.6597601175308228,-0.7078636288642883,1.005449652671814
0.8150545358657837,0.2832220196723938,1.0983045101165771
0.0047101229429244995,-0.3016490340232849,0.7877639532089233
0.5248954892158508,-0.4995161294937134,1.01772940158844
0.6303240060806274,-0.535281777381897,1.0658334493637085
1.085344672203064,0.08335544914007187,1.228409767150879
0.37518444657325745,-0.023303434252738953,1.4001448154449463
0.6441207528114319,-0.6659589409828186,1.395278811454773
0.913561224937439,0.12773296236991882,1.0944335460662842
0.5682211518287659,-0.6801868081092834,0.8501903414726257
1.3125214576721191,-0.8432232141494751,0.8063650131225586
1.20252525806427,0.11953655630350113,0.7170860171318054
0.43348199129104614,-0.7959892749786377,0.852657675743103
1.0459762811660767,0.15233232080936432,1.3977785110473633
0.5674906969070435,0.3045155107975006,0.8396778106689453
0.5519149303436279,-0.6386290788650513,0.8390887379646301
0.4058023691177368,-0.2897666394710541,1.1421581506729126
0.22998926043510437,-0.03489655256271362,1.243999719619751
1.0490599870681763,0.37172865867614746,1.1614794731140137
0.4291641414165497,-0.06444351375102997,1.2987005710601807
0.2902262806892395,0.287291944026947,1.1709022521972656
1.1253666877746582,-0.01377183198928833,1.0711764097213745
0.7329615354537964,-0.01928919553756714,1.5538338422775269
1.3541463613510132,-0.2471732497215271,0.9999765157699585
0.2499116063117981,-0.6045846343040466,1.0013034343719482
0.2974523901939392,-0.03999537229537964,0.9168568849563599
1.1246613264083862,-0.13960516452789307,1.2640758752822876
0.5364163517951965,-0.033757537603378296,1.0108232498168945
0.5435562133789062,-0.5657063722610474,1.130898118019104
0.6480951309204102,0.16502520442008972,1.1251065731048584
0.6508241891860962,-0.4154534339904785,1.1140239238739014
0.692894697189331,-0.37293776869773865,1.341229796409607
0.9460306763648987,0.442236065864563,0.8361777067184448
0.5165961384773254,-0.6385617852210999,1.088772177696228
0.42650631070137024,-0.2275349199771881,1.4954960346221924
0.6483895182609558,-0.4913928508758545,1.292159080505371
0.5925041437149048,0.41932016611099243,0.8816734552383423
1.127590537071228,-0.48759374022483826,1.449292540550232
0.7731121182441711,-0.054649271070957184,1.5620189905166626
1.0194989442825317,-0.7349110841751099,1.3425946235656738
1.1681588888168335,0.021794207394123077,0.6180185675621033
0.46300309896469116,-0.22455623745918274,1.382029414176941
0.25899574160575867,0.09321975708007812,1.338265299797058
0.623085618019104,0.14170613884925842,0.7675588130950928
0.467181921005249,0.010520083829760551,1.5007253885269165
0.8713219165802002,0.2794763445854187,1.2336970567703247
1.0094075202941895,-0.9776993989944458,0.9218722581863403
0.29109907150268555,-0.5165337920188904,1.3888516426086426
1.1382513046264648,-0.17135733366012573,1.322672724723816
1.0368471145629883,-0.5518024563789368,0.971082866191864
1.4398995637893677,0.03178837150335312,0.809514045715332
0.21041300892829895,-0.44388294219970703,1.1568658351898193
1.0716564655303955,-0.5137585401535034,1.2762023210525513
0.5122326612472534,0.09013256430625916,0.8192574381828308
0.4992629885673523,-0.15858444571495056,1.3130004405975342
0.5124750137329102,-0.4800725281238556,1.2861883640289307
0.7150495648384094,0.2534310221672058,1.133476972579956
0.41437485814094543,0.02196560800075531,1.38251531124115
0.8366538882255554,-0.7337294816970825,0.6786578297615051
0.6584827899932861,0.008189663290977478,1.5266393423080444
0.8438013792037964,-0.7818090915679932,0.6894742250442505
0.7806285619735718,0.285643607378006,1.3845025300979614
0.7656547427177429,-0.3723597824573517,1.5042569637298584
0.20717106759548187,-0.11603673547506332,1.167527198791504
0.5471877455711365,-0.36602798104286194,1.3238060474395752
0.8010244965553284,0.05250312387943268,1.0521537065505981
0.8233788013458252,-0.9014008641242981,0.8250419497489929
0.5127977132797241,0.246855229139328,1.1335883140563965
0.6593252420425415,0.019805580377578735,1.1640740633010864
1.2612063884735107,-0.3429417908191681,1.1455317735671997
0.6382066011428833,-0.025507299229502678,1.1621556282043457
0.7157998085021973,0.2481909692287445,1.0370756387710571
0.6966296434402466,-0.6545068025588989,1.185776948928833
0.7577086091041565,-0.583599328994751,0.9489648938179016
1.2047502994537354,0.1660788506269455,1.2204214334487915
0.6337414979934692,0.008236855268478394,1.158139944076538
1.1740777492523193,0.22185450792312622,1.352085828781128
0.5931931734085083,-0.14002838730812073,1.396665096282959
0.6139256954193115,-0.749570369720459,1.209572196006775
1.413025140762329,-0.44578832387924194,0.8661487102508545
0.508338212966919,-0.8756760954856873,1.2032079696655273
0.5340018272399902,-0.6619333624839783,1.0605354309082031
1.0446375608444214,-0.26965510845184326,0.7672197818756104
1.0144622325897217,-0.6944265961647034,0.4350082576274872
1.4520819187164307,-0.6072109341621399,1.0697462558746338
0.7297192811965942,0.10065045952796936,1.4297702312469482
0.7016260623931885,-1.0197865962982178,0.7502063512802124
1.028692603111267,-0.6665115356445312,1.2821581363677979
1.1508618593215942,0.010247990489006042,1.4542741775512695
1.1595815420150757,0.016907788813114166,1.051108956336975
0.32385116815567017,0.06342370808124542,0.8490212559700012
0.19858627021312714,0.17374444007873535,1.1246228218078613
1.1607882976531982,-0.5062851309776306,0.6604022979736328
1.0933105945587158,-0.5914289951324463,1.417210340499878
0.662446141242981,-0.6296154260635376,1.4588323831558228
0.48550739884376526,-0.5633489489555359,1.0169034004211426
0.8549903035163879,0.5563560724258423,0.8220852017402649
1.3542027473449707,-0.23534272611141205,1.29539954662323
1.1144399642944336,0.08471827208995819,1.0725712776184082
0.951200008392334,-0.009764693677425385,0.7692694664001465
1.0441803932189941,-0.6338586211204529,1.217256784439087
1.2434717416763306,-0.059725072234869,1.3504153490066528
0.7839117646217346,0.05879025161266327,1.5350136756896973
0.8498629927635193,-0.4674229323863983,1.5559285879135132
1.2881969213485718,-0.6107342839241028,1.1635959148406982
0.6208359003067017,-0.05907974764704704,0.766853928565979
0.30658239126205444,-0.2260192334651947,1.1150128841400146
0.4524179697036743,-0.1564941555261612,1.434717059135437
1.3183646202087402,-0.5482836961746216,1.1891629695892334
0.4335695505142212,-0.013976581394672394,1.430408000946045
1.126185417175293,0.3779542148113251,0.9503812789916992
0.7337049245834351,-0.40400153398513794,1.4402415752410889
1.4158965349197388,-0.2278158962726593,0.4825645685195923
0.8847322463989258,-0.6371244788169861,1.211978554725647
1.250549077987671,0.19862744212150574,0.8504133224487305
1.1282408237457275,-0.7587227821350098,1.2188048362731934
0.2005925178527832,-0.5554531812667847,0.8932173252105713
0.5787491798400879,0.157777339220047,1.2554771900177002
0.5621316432952881,-0.17503845691680908,1.550506830215454
0.9243449568748474,-0.6791200041770935,0.8711533546447754
0.3955029249191284,-0.2920413911342621,1.1902875900268555
0.17615632712841034,-0.11877460032701492,1.0624945163726807
0.9587690234184265,0.0296894833445549,1.330649971961975
0.5228509902954102,-0.837923526763916,1.0856345891952515
0.6746739149093628,-0.7881848812103271,0.7146778702735901
0.3898540735244751,0.3007810711860657,1.0952204465866089
0.4258025884628296,-0.3221920430660248,0.8266870379447937
1.3654282093048096,-0.19867974519729614,0.9948918223381042
0.9807143211364746,-0.3550156354904175,1.4526598453521729
0.8734687566757202,-0.4986129105091095,1.414756417274475
0.45559272170066833,-0.7933531403541565,0.9417325258255005
1.0264724493026733,-0.9763316512107849,0.8658276200294495
0.6635800004005432,0.038870543241500854,1.4917025566101074
0.23881711065769196,-0.11864089965820312,1.2027369737625122
0.7743350267410278,0.10701276361942291,0.824899435043335
0.9240117073059082,-0.39213892817497253,1.2508245706558228
0.651824414730072,-0.3488849699497223,1.572823405265808
1.0335584878921509,-0.3106454014778137,1.3126630783081055
0.6544535756111145,-0.4632835388183594,1.2736234664916992
0.38383060693740845,-0.23622092604637146,1.388137936592102
1.1081202030181885,-0.6333619356155396,0.3867190480232239
0.21155108511447906,-0.2524438202381134,1.3124858140945435
0.2430419623851776,0.07016976922750473,1.2860054969787598
0.18504415452480316,0.1909923106431961,1.1384670734405518
1.2208292484283447,-0.3582479655742645,0.659529447555542
0.3300548195838928,-0.25195568799972534,1.4284734725952148
1.189321756362915,-0.06691211462020874,1.325649619102478
0.20670486986637115,0.07907144725322723,1.1939729452133179
0.5753149390220642,-0.10685926675796509,1.5620152950286865
0.20141859352588654,-0.7712869048118591,0.8324185609817505
0.24681898951530457,-0.5746054649353027,1.2982732057571411
1.1657027006149292,0.134055033326149,1.2163941860198975
0.6739698648452759,-0.8360427021980286,0.637383222579956
0.6835952401161194,0.1527939736843109,0.8035982847213745
0.8728222250938416,-0.030671484768390656,1.171284556388855
1.1069867610931396,-0.7186720371246338,1.3770462274551392
0.7952622175216675,-0.923533022403717,0.9603368639945984
0.23457631468772888,-0.44977501034736633,1.2093349695205688
1.1899603605270386,-0.6119346022605896,1.1370913982391357
0.44754448533058167,-0.4227449893951416,0.7634761333465576
0.29473960399627686,0.13107503950595856,1.3251197338104248
0.45699331164360046,-0.4432041645050049,0.8461716771125793
1.0577418804168701,-0.8508129715919495,0.6108189225196838
0.5643330812454224,-0.6881689429283142,0.8944565057754517
0.6434527635574341,-0.8589676022529602,1.0873548984527588
0.2917054295539856,-0.38436946272850037,1.1729577779769897
0.9655938744544983,-0.5725454092025757,1.028573989868164
0.3068634867668152,-0.3559900224208832,1.1773731708526611
0.4112233817577362,0.0380629263818264,1.3129814863204956
0.40184396505355835,-0.4143441319465637,0.8992045521736145
0.4996655583381653,-0.6589964032173157,1.0152305364608765
1.236097812652588,-0.5186402797698975,0.6414284110069275
0.59015953540802,-0.5380624532699585,1.220908522605896
0.5741789937019348,-0.32232466340065,1.5206212997436523
0.26873713731765747,-0.6835392117500305,1.1695139408111572
1.1543508768081665,0.3980163633823395,0.9207515120506287
0.23166219890117645,-0.8110271692276001,0.849704921245575
1.4968609809875488,-0.36390286684036255,1.0820856094360352
0.8669427633285522,0.13475511968135834,1.0661554336547852
1.0435154438018799,-0.485076367855072,1.0671995878219604
0.9205113053321838,-0.3656195402145386,1.0972658395767212
0.4481185972690582,0.014777682721614838,1.3729606866836548
0.3388859033584595,-0.06149312108755112,0.9792152643203735
0.6145029067993164,-0.2727227509021759,1.163515567779541
0.9450714588165283,0.031262777745723724,1.044750690460205
0.5990580320358276,-0.005833432078361511,0.9824017286300659
0.9559087157249451,-0.2688465118408203,1.1608598232269287
0.6238520741462708,-0.3046380281448364,1.5739781856536865
1.2072138786315918,-0.6453108787536621,0.4311504364013672
1.0270934104919434,0.3186604976654053,1.3238685131072998
0.4234938621520996,0.031058654189109802,1.0246682167053223
0.8596310615539551,-0.13250896334648132,1.5701392889022827
0.9237580299377441,-0.887054443359375,1.2553210258483887
0.33618712425231934,0.30271488428115845,1.0599122047424316
0.5848293900489807,-0.2515797019004822,1.0523251295089722
0.5965262651443481,0.5238221883773804,0.984931468963623
0.5075311660766602,-0.6319499015808105,1.4005513191223145
0.9890314340591431,-0.1257873922586441,1.5039393901824951
0.4613206684589386,0.23851436376571655,1.2318986654281616
0.3561365306377411,0.1749318242073059,1.082902193069458
0.8580213785171509,-0.7288020849227905,0.9046545028686523
0.11603417247533798,-0.1928999125957489,0.8181520700454712
1.0553847551345825,0.08233770728111267,1.2250282764434814
0.7209921479225159,0.2707613706588745,0.9229543209075928
0.7979171276092529,-0.5125190615653992,0.9789535403251648
1.184987187385559,-0.11115109920501709,0.8474734425544739
0.6450238227844238,-0.8188369274139404,1.0765855312347412
0.3667828440666199,-0.09391744434833527,1.1370810270309448
1.0704528093338013,0.13937196135520935,1.003835678100586
0.6603636741638184,0.13370740413665771,1.4793370962142944
0.8913041353225708,-0.49905499815940857,1.3152600526809692
1.1248503923416138,-0.5851148366928101,1.1827768087387085
0.4547778367996216,0.31385931372642517,1.1473734378814697
0.9387416839599609,-0.08620341122150421,1.5148890018463135
0.39374035596847534,-0.16081905364990234,0.9458582997322083
1.0897135734558105,-0.05897626280784607,1.0038706064224243
0.44586503505706787,-0.35459429025650024,1.4196093082427979
0.04547674208879471,-0.3332447409629822,1.107759952545166
1.1662800312042236,-0.7047027349472046,0.5127373933792114
0.9844269156455994,-0.05175560340285301,1.4702911376953125
0.6339518427848816,-0.7509809136390686,1.2468349933624268
0.8004181385040283,-0.4868258237838745,1.3363087177276611
0.46795544028282166,0.27678072452545166,1.0123474597930908
0.3068920969963074,-0.39094364643096924,1.3780580759048462
1.149809718132019,0.1897249072790146,1.2450765371322632
0.7381871342658997,-0.2981592118740082,1.5664942264556885
1.0429790019989014,0.005019836127758026,1.364999532699585
0.9307965040206909,-0.02298550121486187,1.45125150680542
1.0363664627075195,0.10458485782146454,0.988985002040863
0.9967882633209229,-0.2817680835723877,1.4907588958740234
0.8361708521842957,0.3063037395477295,0.8593959212303162
0.5365400910377502,-0.01996912807226181,1.3459715843200684
0.36983418464660645,-0.8615173101425171,1.0432605743408203
1.0843125581741333,-0.9137127995491028,0.8612562417984009
1.2082159519195557,0.4319182336330414,0.7964214086532593
0.3621473014354706,-0.21618518233299255,1.3386913537979126
1.2199252843856812,0.07084864377975464,0.835837721824646
1.1168887615203857,-0.07531718909740448,1.453582525253296
0.730475902557373,-0.8863648176193237,0.8868088722229004
1.278669834136963,-0.4809185266494751,1.0735093355178833
0.9816275835037231,-0.5459024906158447,1.3078680038452148
0.41357022523880005,-0.5966967344284058,1.4182307720184326
0.7908922433853149,-0.8573203086853027,0.9681476354598999
1.1764116287231445,0.04422661289572716,0.8019380569458008
1.167726993560791,-0.1001223772764206,0.8119926452636719
0.9758517146110535,-0.6242607235908508,1.167871117591858
0.13838811218738556,-0.15369325876235962,0.9145376682281494
0.35273072123527527,-0.5780397653579712,1.2516887187957764
1.0163706541061401,-0.2817218005657196,1.4564900398254395
0.015004856511950493,-0.27146247029304504,1.05231773853302
0.6216217875480652,0.005446299910545349,1.5417585372924805
0.575596809387207,0.3306191563606262,1.2230751514434814
0.7306721210479736,-1.0241265296936035,0.8317577242851257
1.2025872468948364,-0.2395990788936615,1.303131341934204
0.5119905471801758,0.380475252866745,0.9071918725967407
0.9281798005104065,-0.400016725063324,1.0755481719970703
0.9954100251197815,0.10833479464054108,1.285437822341919
0.42308202385902405,-0.19532743096351624,1.4254809617996216
0.19388985633850098,-0.1474602222442627,0.8237916827201843
0.9074377417564392,0.050618112087249756,1.0631968975067139
0.6176174283027649,-0.5597518682479858,0.7666106224060059
0.36286231875419617,0.0619405061006546,1.1528013944625854
0.9765437841415405,-0.8288874626159668,1.0376489162445068
1.0522997379302979,0.30415254831314087,1.3638725280761719
0.4593605697154999,-0.1170145571231842,1.3455493450164795
0.8210731744766235,-0.6512281894683838,1.0328752994537354
0.35601547360420227,-0.2578706443309784,1.3089478015899658
0.531575083732605,-0.4204874634742737,1.0091941356658936
0.7927483916282654,-0.8811193704605103,1.0860929489135742
0.3401772379875183,0.16749942302703857,1.127011775970459
0.5046466588973999,0.2449949085712433,1.0619113445281982
0.28896740078926086,-0.49912017583847046,0.9550366997718811
1.125697374343872,-0.6959178447723389,1.1824921369552612
0.6080279350280762,-0.6794174909591675,1.3476148843765259
0.6795566082000732,-0.0069841183722019196,1.2530945539474487
1.07199227809906,-0.3782857358455658,1.1633516550064087
0.7945061922073364,-0.5633763670921326,1.5274009704589844
0.45180603861808777,-0.13473141193389893,1.1729633808135986
0.45049211382865906,0.2897745370864868,1.156043529510498
1.294470191001892,0.009536964818835258,1.3346526622772217
0.5428634881973267,0.016452118754386902,0.7730047702789307
0.5899764895439148,0.37357839941978455,1.060987114906311
1.0425996780395508,-0.66053706407547,1.3477507829666138
0.8226673007011414,-0.26374921202659607,1.259753704071045
1.2307724952697754,-0.4707685708999634,1.042900800704956
0.6521627306938171,-0.48235878348350525,0.8112770318984985
0.7968106865882874,-0.3226190209388733,1.3212765455245972
0.9224492907524109,0.24472522735595703,1.3236764669418335
1.3382055759429932,-0.1805659532546997,1.3070526123046875
0.6609023213386536,-0.8194586634635925,0.4868595600128174
0.39606794714927673,-0.5285630226135254,0.9115014672279358
1.2320175170898438,-0.23513206839561462,1.2455694675445557
0.7185088396072388,-0.8652853965759277,0.6374479532241821
1.1387161016464233,-0.44054216146469116,0.9258399605751038
1.0998297929763794,-0.4678543210029602,0.7699612975120544
1.0442878007888794,0.09865304827690125,1.4446426630020142
0.1337028294801712,-0.41410738229751587,1.0622506141662598
1.1597607135772705,-0.20479194819927216,1.0310909748077393
0.5533095002174377,0.005242928862571716,0.7977672815322876
0.2382846623659134,-0.4630599617958069,0.8389451503753662
1.0229763984680176,-0.5885712504386902,1.395046591758728
1.3030962944030762,-0.26840198040008545,1.3178024291992188
1.096266508102417,-0.5916241407394409,1.3792014122009277
0.5321237444877625,-0.7092993259429932,1.352055549621582
1.095650553703308,0.22646334767341614,0.8126646280288696
0.38694047927856445,0.15840357542037964,1.3294827938079834
0.5100722908973694,-0.5607737302780151,1.266114592552185
0.5190574526786804,-0.09186339378356934,1.3921152353286743
0.8849109411239624,-0.07781928777694702,1.5518015623092651
0.500572681427002,-0.46869826316833496,1.5018913745880127
0.9898573756217957,0.00962383858859539,1.526209831237793
0.35753482580184937,0.19276969134807587,1.148418664932251
1.4444658756256104,-0.09735706448554993,0.7539147138595581
0.8110811114311218,-0.11088800430297852,1.5660581588745117
1.1759990453720093,-0.19429542124271393,0.9025739431381226
0.1999559849500656,0.17084366083145142,0.9092066884040833
0.8601807951927185,-0.6514945030212402,0.6292717456817627
0.6955323219299316,0.04078787565231323,1.0628559589385986
0.8188830614089966,0.43792974948883057,1.1299594640731812
0.8134979009628296,-0.6503652334213257,1.3308647871017456
1.0548051595687866,-0.07119587063789368,1.2811416387557983
0.9791926741600037,0.2506254017353058,0.8950674533843994
1.2025870084762573,-0.11941730976104736,0.8892239332199097
0.5353465676307678,0.2095690667629242,1.065170407295227
1.0909216403961182,-0.06209664046764374,0.8096321821212769
1.0185456275939941,-0.1800607442855835,1.5626635551452637
0.3452073335647583,-0.07190895080566406,1.114337682723999
0.8936635851860046,0.003710385411977768,1.3251080513000488
0.25806817412376404,-0.5431031584739685,0.896254301071167
0.9375006556510925,-0.03998183459043503,1.458336591720581
0.4636821746826172,-0.45134368538856506,1.4313498735427856
0.6344844102859497,-0.09034230560064316,1.148257851600647
0.9489859342575073,-0.3371725082397461,1.5631227493286133
0.714950442314148,0.16198308765888214,0.7701923847198486
1.2109947204589844,-0.6141257286071777,0.8580588698387146
0.7458714842796326,-0.7153557538986206,1.193381667137146
0.9157964587211609,-1.0147968530654907,1.0284072160720825
1.2538409233093262,-0.3147512674331665,1.0696637630462646
0.4285205006599426,-0.1521206498146057,0.8466504216194153
1.3901740312576294,-0.040361568331718445,1.0713160037994385
0.8965518474578857,-0.08477611839771271,1.5621378421783447
0.39549368619918823,-0.06447767466306686,1.0816595554351807
1.1287503242492676,-0.006988257169723511,1.0707679986953735
0.810448944568634,0.275725781917572,1.4346688985824585
1.1134772300720215,-0.9436324834823608,1.0061357021331787
0.4160308539867401,0.2104722261428833,1.3584989309310913
0.24057012796401978,0.1230902373790741,1.19466233253479
1.4148691892623901,-0.026999548077583313,0.9083747267723083
0.5198826789855957,-0.08173871785402298,0.762309193611145
0.8192553520202637,0.1433328092098236,1.1269298791885376
1.0075973272323608,0.016636058688163757,0.9954409003257751
0.49939846992492676,-0.24819964170455933,1.0151621103286743
1.293961524963379,0.049467407166957855,0.6301671266555786
0.44227179884910583,-0.24511490762233734,1.4591922760009766
1.0924307107925415,-0.8841397762298584,0.6210982799530029
1.4115582704544067,-0.2553117275238037,1.24885892868042
1.0970298051834106,0.15775614976882935,1.1326335668563843
0.5295596122741699,0.42764776945114136,1.0842530727386475
0.5445343255996704,-0.9790732860565186,1.0277432203292847
1.2802927494049072,-0.12308170646429062,1.286963701248169
0.6002572774887085,0.11243149638175964,1.3276350498199463
0.27796635031700134,-0.11039821803569794,1.4119133949279785
1.1671890020370483,-0.5892491340637207,0.7225437164306641
0.6948785781860352,0.38374143838882446,0.7658438682556152
1.1589524745941162,-0.13330648839473724,0.6370046138763428
0.5537590384483337,0.2565085291862488,1.1116182804107666
0.43745601177215576,-0.031546153128147125,1.4231617450714111
0.3639504015445709,0.12964972853660583,1.3651949167251587
0.495394229888916,0.05188124626874924,1.0674248933792114
0.5390052795410156,-0.01812109723687172,0.9467657804489136
0.37641388177871704,-0.5688040852546692,1.216902256011963
0.6278411746025085,0.13063585758209229,0.880303144454956
0.36553850769996643,-0.09750908613204956,1.3705215454101562
0.10102231055498123,-0.2728785276412964,1.0617406368255615
1.1292394399642944,0.04644448310136795,1.3008259534835815
0.26608824729919434,-0.26670318841934204,1.2887389659881592
0.6773133277893066,0.03959443047642708,1.3255261182785034
1.2367498874664307,-0.4971447288990021,0.6281291842460632
0.39852380752563477,-0.7439007759094238,1.0493106842041016
0.2831402122974396,-0.35023871064186096,0.8204455375671387
0.846031665802002,0.16205507516860962,1.0959392786026
1.0336644649505615,-0.38465383648872375,1.3021427392959595
0.5546519160270691,-0.5943468809127808,1.481734037399292
0.7380912899971008,-0.622365415096283,1.4075543880462646
0.8313091993331909,-0.5893015265464783,1.1480276584625244
0.6045086979866028,0.10665225982666016,1.302154541015625
0.9313066005706787,-0.3002566695213318,1.2785931825637817
0.5924516916275024,-0.6575413346290588,1.4314631223678589
0.5414947867393494,-0.38901662826538086,1.2086410522460938
1.1313718557357788,-0.055446285754442215,1.0467369556427002
0.5939362049102783,-0.19774208962917328,1.081117033958435
0.5601963996887207,-0.07803554832935333,1.011160969734192
0.5017483234405518,-0.5599178075790405,0.8626227378845215
0.2549748122692108,0.35104605555534363,0.9216479063034058
0.17815929651260376,0.2687908411026001,0.8012322187423706
0.6514500379562378,-0.0007401183247566223,0.9494808912277222
0.5258452296257019,-0.3360755443572998,1.1813850402832031
1.149825096130371,0.19456981122493744,1.1581778526306152
0.7581396102905273,-0.5257934927940369,1.4913886785507202
0.5089213252067566,-0.10575678944587708,0.8895850777626038
0.6812744140625,-0.5650050044059753,1.1330220699310303
0.6799168586730957,0.1067027896642685,1.521878957748413
0.6543991565704346,0.22660532593727112,0.9254949688911438
0.15086627006530762,-0.5411840677261353,1.0080674886703491
0.5605345368385315,-0.5951258540153503,1.4432940483093262
0.46931231021881104,-0.3747621178627014,1.335274338722229
0.45096758008003235,-0.30957403779029846,1.5276612043380737
0.9703322649002075,0.2389262467622757,1.4261319637298584
0.8404197692871094,0.3667101263999939,1.2180708646774292
0.7053175568580627,-0.8994171023368835,0.5631340742111206
0.7991330027580261,-0.8075709939002991,0.9104481935501099
0.2909216284751892,0.24524520337581635,1.1927670240402222
0.5582760572433472,-0.044809676706790924,1.5439574718475342
0.5136054754257202,-0.216226726770401,1.2885655164718628
0.7018948793411255,0.27210554480552673,1.1005675792694092
0.38765159249305725,-0.46174609661102295,1.0486836433410645
1.338606834411621,-0.7212978601455688,1.1329376697540283
1.3352947235107422,-0.6850730776786804,1.2144492864608765
1.3112221956253052,-0.37921142578125,1.1306010484695435
1.3486378192901611,-0.778523862361908,0.9644773602485657
0.9592386484146118,-0.11758780479431152,1.0721646547317505
0.6043419241905212,-0.7391453981399536,0.9297406673431396
1.1955747604370117,-0.37424436211586,1.4345033168792725
0.4609566926956177,0.06734161823987961,1.3486971855163574
1.1178207397460938,-0.22826340794563293,0.7119094729423523
0.5922610759735107,-0.5311630964279175,0.8792825937271118
1.4915848970413208,-0.6278331279754639,0.8701304197311401
0.7077016234397888,-0.533186674118042,1.2093589305877686
0.35507285594940186,-0.33726033568382263,0.7992157340049744
0.7913079857826233,-0.5023232102394104,1.2840361595153809
0.9104235172271729,-0.5143132209777832,0.8074209094047546
0.6247736811637878,-0.21304142475128174,1.577434778213501
0.750314474105835,-0.6800211668014526,1.0757545232772827
0.9626421928405762,0.0133909210562706,1.4275442361831665
1.2461984157562256,-0.4484774172306061,0.593845009803772
0.5902750492095947,-0.5395650267601013,1.0158356428146362
1.0827358961105347,-0.40068453550338745,0.8021769523620605
0.9313424229621887,0.25029996037483215,1.367283582687378
1.3529841899871826,0.05022461712360382,1.1620944738388062
0.9774338006973267,-0.2290865033864975,1.4836868047714233
0.884060263633728,-0.6752603054046631,1.2963507175445557
1.0175650119781494,-0.03532186150550842,0.7934475541114807
0.4426119923591614,0.11806803196668625,1.1603189706802368
0.5188008546829224,-0.5523858070373535,1.1148669719696045
1.1439673900604248,0.3640131652355194,1.2057325839996338
0.8361562490463257,-0.5557423830032349,0.8073017597198486
0.5112171173095703,-0.03590930253267288,0.8317064046859741
0.5727220177650452,-0.6108137965202332,1.4795182943344116
1.2722254991531372,-0.3964660167694092,0.9894800186157227
0.7547168731689453,0.23334839940071106,1.356247067451477
1.2537055015563965,-0.18264907598495483,1.425595760345459
0.9430527687072754,0.07197047024965286,0.9703679084777832
0.5912666916847229,-0.6781180500984192,0.696925163269043
1.0367991924285889,0.17067795991897583,1.207355260848999
0.4323211908340454,0.12409442663192749,1.2753249406814575
0.5965591669082642,0.029309114441275597,1.2396962642669678
0.8895736932754517,0.1320294737815857,1.363396406173706
1.1462507247924805,-0.13148386776447296,1.333864450454712
1.282961130142212,-0.28356361389160156,0.7493385672569275
0.48645132780075073,-0.1080109179019928,1.035452961921692
0.363819420337677,-0.41374799609184265,1.2398215532302856
1.1479992866516113,-0.22817109525203705,1.5087698698043823
0.802612841129303,-0.6914145350456238,1.0913764238357544
0.5292146801948547,-0.6615082025527954,1.0719486474990845
0.15717506408691406,-0.5545065402984619,1.0260539054870605
1.043216347694397,-0.2604326605796814,1.364311933517456
1.0766353607177734,-0.10330237448215485,1.0457791090011597
0.7693214416503906,-0.4821791648864746,1.4781075716018677
1.1981532573699951,-0.07673703134059906,0.43378904461860657
1.3402373790740967,-0.5767054557800293,0.9121537208557129
0.5535653829574585,0.0335221029818058,0.9004704356193542
0.8476634621620178,0.05304994806647301,1.2074440717697144
0.8481000661849976,-0.0018674805760383606,1.2153823375701904
0.5969388484954834,-0.7878775000572205,1.0405678749084473
0.5346720814704895,-0.44225814938545227,1.1361241340637207
0.4900403618812561,-0.3179047405719757,1.093144416809082
0.8226822018623352,-0.7256597280502319,0.6894785165786743
0.7089680433273315,-0.8653972744941711,1.1213160753250122
0.6350991725921631,-0.7225583791732788,0.9601271748542786
0.5731863975524902,-0.09016749262809753,1.3878308534622192
0.3140435814857483,-0.5135517716407776,1.2959681749343872
0.8895865678787231,-0.8009682893753052,0.6368781924247742
0.7464616298675537,0.2378959059715271,1.373699426651001
0.7933741807937622,-0.637460470199585,1.2319732904434204
1.0895713567733765,0.2488909512758255,1.023513674736023
0.3240867555141449,0.13481420278549194,1.3160773515701294
1.2887049913406372,-0.40883687138557434,0.875999927520752
0.7830555438995361,-0.27691900730133057,1.4375042915344238
0.4746543765068054,-0.23856927454471588,1.4879820346832275
1.1821054220199585,-0.4041461646556854,0.9207814931869507
0.4483269155025482,0.0115590151399374,0.9392189979553223
0.8610457181930542,-0.009463179856538773,1.19778573513031
0.3479432761669159,-0.4584158957004547,1.2244226932525635
0.8423190712928772,0.017971590161323547,1.4098747968673706
0.16998115181922913,0.022334367036819458,0.7556120753288269
0.5229695439338684,-0.14782162010669708,1.3810887336730957
0.4296531081199646,0.23873279988765717,1.3094823360443115
0.3612223267555237,0.056646473705768585,1.1845412254333496
0.9695816040039062,-0.06770028173923492,1.5548169612884521
1.109180212020874,-0.3439881205558777,1.1269885301589966
0.2539858818054199,-0.21373619139194489,1.2254623174667358
0.6000182032585144,-0.27179673314094543,1.5428093671798706
1.3340911865234375,-0.1181618869304657,1.167467474937439
1.2359044551849365,-0.5674228668212891,0.8160970211029053
1.1952002048492432,0.13028940558433533,1.3697487115859985
1.3960020542144775,-0.18762534856796265,1.3053553104400635
0.4308430552482605,-0.4565907120704651,1.3152965307235718
0.5093499422073364,0.23006576299667358,1.1738307476043701
0.9016576409339905,0.1536240428686142,0.8354281187057495
0.6364970207214355,0.06884472072124481,1.4044127464294434
1.4024031162261963,-0.044122274965047836,1.1035822629928589
1.0796992778778076,0.35927194356918335,1.1230511665344238
0.6940698623657227,-0.4703429341316223,1.5539311170578003
0.4271087050437927,-0.5627801418304443,1.1923527717590332
0.6422809362411499,-0.6424688100814819,1.2042462825775146
0.9413768649101257,-0.6875381469726562,1.0863592624664307
0.9921530485153198,-0.8181026577949524,1.0746055841445923
0.24530790746212006,-0.7735403776168823,1.0983918905258179
0.9995239973068237,-0.05353773757815361,0.7971250414848328
0.5732501149177551,-0.5340162515640259,1.3439323902130127
0.4175615906715393,-0.12381240725517273,1.3437389135360718
0.3110504150390625,-0.49838903546333313,0.9836547374725342
0.46133971214294434,-0.9020535945892334,0.9649501442909241
0.9559686183929443,-0.810811460018158,1.1882027387619019
0.659865140914917,0.11583581566810608,1.2025585174560547
1.269535779953003,-0.5671343803405762,1.1597498655319214
0.7072084546089172,-0.6115373373031616,1.0322675704956055
0.8558620810508728,-0.12071039527654648,1.2963414192199707
0.7703959941864014,-0.870728611946106,1.0785952806472778
0.9478458166122437,-0.09392599761486053,1.4350838661193848
0.9429934620857239,-0.8706907033920288,1.1326045989990234
0.15650345385074615,-0.22019687294960022,1.0250489711761475
0.840444028377533,0.050956882536411285,1.0840551853179932
1.0231008529663086,-0.6787170171737671,0.6932176351547241
1.3154915571212769,-0.32732799649238586,0.7797352075576782
0.8976229429244995,0.48577937483787537,1.1743700504302979
0.5198625922203064,0.11257818341255188,1.3617253303527832
0.9116358757019043,0.46204090118408203,0.8728762269020081
0.6294661164283752,-0.2689749598503113,1.1947247982025146
0.964443564414978,0.1767701357603073,0.974026083946228
0.8768476247787476,-0.9474835395812988,0.8103243112564087
0.8841221332550049,-0.6153908967971802,0.7637726664543152
0.266022264957428,-0.29289984703063965,1.1824918985366821
1.1308472156524658,-0.6766956448554993,0.7949950695037842
0.8591434359550476,-0.3939289152622223,1.2023570537567139
0.4182540476322174,-0.21228079497814178,0.9668348431587219
0.6251022219657898,0.16269028186798096,1.2502877712249756
0.45723584294319153,-0.4197193682193756,1.1620903015136719
0.6764798164367676,-0.00840780884027481,0.798312246799469
1.1342389583587646,-0.2326928675174713,0.8846431970596313
0.33537259697914124,-0.25991368293762207,1.3320403099060059
0.26403748989105225,-0.4723099172115326,1.0287973880767822
0.4631977379322052,-0.5553131699562073,0.9546362161636353
0.6407855749130249,0.011368313804268837,1.3569769859313965
1.0336673259735107,-0.12168271839618683,1.217458724975586
0.859072208404541,0.2603793442249298,1.3860828876495361
1.2112618684768677,-0.4321095049381256,1.321285605430603
0.4436527490615845,-0.04986558109521866,1.0916285514831543
0.49648141860961914,0.16623759269714355,0.8136436939239502
0.3424077332019806,-0.1029660552740097,1.4645674228668213
0.5508920550346375,-0.5472114086151123,1.0436862707138062
0.7742795944213867,-0.6773726940155029,0.7559229731559753
0.8297535181045532,-0.5180798172950745,1.4029417037963867
0.9807847738265991,-0.19579282402992249,1.3760782480239868
0.6688679456710815,0.2503558099269867,1.0359681844711304
0.7438389658927917,0.06815771013498306,1.3375228643417358
1.2138339281082153,-0.17770452797412872,1.4384483098983765
0.4220670759677887,-0.2994024157524109,1.2574106454849243
1.1219048500061035,0.37437552213668823,0.9843909740447998
0.4150114953517914,-0.6263423562049866,1.3882627487182617
1.2267738580703735,0.4121823310852051,0.7795354723930359
0.21801942586898804,-0.5055256485939026,1.321312427520752
0.3671744465827942,-0.29100945591926575,0.7816324234008789
0.3418545722961426,-0.5458362102508545,0.8805753588676453
0.5837337374687195,-0.39954811334609985,1.5475172996520996
0.7478393316268921,-0.3298712968826294,1.2426466941833496
0.8922779560089111,-0.7035256028175354,1.0480785369873047
0.5275558829307556,0.3210887610912323,1.328175663948059
0.5828582048416138,-0.8023929595947266,0.9587975740432739
0.3159717321395874,-0.08699023723602295,1.0815967321395874
0.922353982925415,-0.7791141271591187,1.286162257194519
1.1251510381698608,-0.9528512358665466,0.937968909740448
0.9753764867782593,0.03115028887987137,1.494165062904358
0.465059757232666,-0.3689582943916321,0.8002303838729858
0.9857996702194214,-0.7018015384674072,1.4343255758285522
0.4991428852081299,-0.14150480926036835,1.5429677963256836
0.39358818531036377,-0.2877200245857239,0.7762699127197266
0.5502626895904541,0.042830511927604675,1.4182718992233276
0.7094309329986572,-0.7794681191444397,0.5507116317749023
0.9741204380989075,-0.36055827140808105,1.344849944114685
0.5829181671142578,0.5214383602142334,0.7784515023231506
0.3917961120605469,-0.3811778724193573,1.1669690608978271
0.4992991089820862,0.0695774182677269,1.1162135601043701
0.20656444132328033,-0.34670355916023254,0.9419974088668823
1.2916688919067383,-0.7013725638389587,1.2249913215637207
1.1037789583206177,-0.2082761526107788,1.516192078590393
0.9164246916770935,-0.8195915818214417,0.4107130765914917
0.18457341194152832,-0.4527699053287506,1.204520344734192
0.6618532538414001,-0.946638822555542,1.0301296710968018
0.5572841167449951,0.3350525498390198,1.1494996547698975
1.1383233070373535,-0.4631190598011017,1.144134521484375
0.1552843302488327,-0.03814697265625,0.8002161979675293
0.82584148645401,0.052004504948854446,1.214359998703003
1.1509120464324951,-0.5430001020431519,0.9462108612060547
0.4833156168460846,0.02287159487605095,1.50579833984375
0.4903416931629181,-0.6847310066223145,1.0090476274490356
0.8530246019363403,-0.9493677020072937,0.8359140157699585
0.9750704765319824,-0.8811160922050476,0.9571744203567505
0.4640062153339386,-0.2346634864807129,1.404031753540039
0.9762876033782959,-0.537708580493927,1.3344048261642456
0.7148659825325012,-0.6400423645973206,0.8044337630271912
0.31625473499298096,-0.031312599778175354,0.8286385536193848
0.5453091263771057,-0.23603563010692596,1.3268600702285767
0.620234489440918,-0.22033017873764038,1.5769468545913696
0.550401508808136,-0.4456806778907776,0.794312596321106
0.5524932742118835,-0.45841148495674133,1.3974695205688477
0.8951312303543091,0.313579261302948,1.3227041959762573
0.3155592083930969,-0.7375811338424683,0.9060260057449341
0.3728455603122711,-0.5765794515609741,1.4219180345535278
0.45995742082595825,-0.5715238451957703,1.3699886798858643
0.5205978751182556,-0.6683670282363892,1.426194190979004
0.47124725580215454,-0.7986791133880615,0.853500485420227
0.6430751085281372,-0.6467885375022888,1.3228052854537964
0.21834228932857513,-0.48556557297706604,1.208794116973877
0.4149104654788971,0.04661627113819122,1.1186937093734741
1.1833285093307495,-0.19368381798267365,0.47808876633644104
0.7180301547050476,0.07731329649686813,1.5232317447662354
1.1229798793792725,-0.16227716207504272,1.3773003816604614
0.7156867384910583,0.10876831412315369,0.9868303537368774
1.379662275314331,-0.46675634384155273,1.2041062116622925
1.2506966590881348,-0.5843744874000549,1.342476487159729
1.5008312463760376,-0.6264400482177734,0.8703198432922363
0.37867358326911926,-0.17187903821468353,1.343241810798645
1.436139464378357,-0.07831618189811707,0.9520909786224365
0.5810777544975281,-0.7141793966293335,0.890404999256134
0.8348163962364197,-0.5780401229858398,0.37186139822006226
0.33258625864982605,-0.18311385810375214,1.3207443952560425
0.9973893165588379,-0.7024428248405457,1.0952731370925903
1.0780192613601685,-0.5106135606765747,0.9117327928543091
0.5030553936958313,-0.3372074067592621,1.1339683532714844
0.9897801876068115,-0.14353327453136444,1.2610461711883545
0.9375817775726318,0.21734294295310974,1.4074082374572754
0.5047736167907715,0.007037259638309479,0.7871850728988647
0.5258396863937378,0.3506714403629303,0.8385311365127563
0.59047532081604,-0.4423043131828308,1.319581151008606
1.3542234897613525,-0.0859680250287056,1.287488341331482
0.4718031585216522,-0.5006812810897827,1.2036653757095337
0.5507021546363831,0.025535166263580322,0.800288736820221
1.1926605701446533,-0.21211305260658264,1.2678184509277344
0.6498745679855347,-0.002924777567386627,0.8519999980926514
0.3624289333820343,0.3676775395870209,1.0724806785583496
1.1187844276428223,-0.30159327387809753,1.3964974880218506
1.1047135591506958,-0.33780989050865173,1.3867645263671875
0.5131193399429321,-0.11520351469516754,1.100549340248108
0.5302976369857788,-0.6339190602302551,0.37497490644454956
0.4753769040107727,-0.32726895809173584,1.5375230312347412
0.2982083261013031,0.305037260055542,0.976772665977478
0.6845837235450745,-0.46724897623062134,1.3558814525604248
1.2042697668075562,-0.5026835203170776,0.5445213913917542
0.8563477993011475,-0.7511435747146606,0.42445701360702515
0.4748544991016388,-0.020329376682639122,1.4570995569229126
0.7972314357757568,-0.6681144833564758,0.7271702885627747
0.7437676787376404,0.21904313564300537,0.8905050754547119
0.9365774989128113,0.18677833676338196,1.4675824642181396
1.4163039922714233,0.05062466859817505,0.6927217841148376
0.2703345715999603,-0.6939241886138916,0.5659813284873962
0.6317378282546997,-0.6750414371490479,1.3700119256973267
0.23212683200836182,0.15566028654575348,0.8843746185302734
0.795565664768219,-0.2356511652469635,1.2230900526046753
1.1264841556549072,-0.06568589061498642,0.6914396286010742
0.8682785034179688,-0.9249296188354492,1.0219279527664185
0.5565243363380432,-0.9127453565597534,1.1221951246261597
1.3439748287200928,-0.1333128809928894,1.164046287536621
0.5584158897399902,-0.5878136157989502,1.458272099494934
1.3796018362045288,-0.05246081203222275,0.8987488746643066
0.260948121547699,-0.22710683941841125,1.257150650024414
0.6546463966369629,-0.06250818818807602,1.5577504634857178
0.24762237071990967,0.08193706721067429,1.1557631492614746
0.1878363937139511,-0.45418620109558105,0.7806375026702881
0.4982168674468994,-0.19195011258125305,0.8979363441467285
0.3610827922821045,-0.4441254138946533,1.380157470703125
0.23705145716667175,0.3248271644115448,0.8615288734436035
1.1942212581634521,-0.2664412260055542,1.3510215282440186
0.5918668508529663,0.5311691761016846,0.809015154838562
0.28015559911727905,-0.8333715200424194,0.7673138380050659
1.2494200468063354,0.3222429156303406,1.0623153448104858
1.0103228092193604,-0.33185622096061707,1.3214516639709473
0.7527450323104858,-0.8719449043273926,1.3354321718215942
1.0149281024932861,-0.6761062741279602,0.42000263929367065
0.641392707824707,0.038192588835954666,1.5279390811920166
0.7425572872161865,-0.6362717151641846,1.4420782327651978
0.2755790948867798,0.05775468051433563,1.3577991724014282
0.6300269365310669,0.22036072611808777,1.2383519411087036
1.0179179906845093,0.18865934014320374,0.9456343650817871
0.12243221700191498,0.17053791880607605,0.8591330647468567
1.0465456247329712,0.1475614756345749,0.960902988910675
0.41322824358940125,-0.5973691344261169,0.9086758494377136
0.7972050905227661,0.3128034770488739,1.3099700212478638
1.007883906364441,0.05131547898054123,1.214859962463379
0.8227033019065857,0.0720084011554718,0.950904130935669
0.0394667312502861,0.008239999413490295,0.7818477153778076
1.029677391052246,-0.4339718818664551,1.3877997398376465
0.754822313785553,-0.32225415110588074,1.134030818939209
1.0088448524475098,-0.5144323706626892,1.533241868019104
0.4170799255371094,-0.6345753073692322,1.349733591079712
0.7134827375411987,-0.794236421585083,0.9831746220588684
0.35542169213294983,0.0466170497238636,1.4239368438720703
0.7731712460517883,-0.08966517448425293,1.410356879234314
0.6635169386863708,-0.16922956705093384,1.3177080154418945
1.0066678524017334,-0.5639376640319824,1.2018965482711792
0.26351797580718994,-0.3141210675239563,1.028744101524353
0.5388122200965881,-0.5920619368553162,0.8847660422325134
0.36029717326164246,-0.05889660120010376,1.3923588991165161
0.7458512783050537,-0.020898789167404175,1.1468191146850586
1.2630869150161743,0.07616323232650757,1.2599035501480103
0.7969648241996765,-0.35058173537254333,1.570960521697998
0.5126850605010986,-0.5871480107307434,0.9852359294891357
0.2153034508228302,-0.33429834246635437,0.9015839099884033
1.266329288482666,-0.7237279415130615,0.4910007119178772
1.3239290714263916,-0.04477088153362274,0.869843065738678
0.28602880239486694,0.18717598915100098,0.7667142748832703
0.8669894933700562,0.41087910532951355,0.7724025845527649
0.9067097306251526,0.3458924889564514,1.0218514204025269
1.086012363433838,0.069009929895401,0.8566274642944336
0.7850576639175415,-0.49951988458633423,1.186564564704895
0.5916720628738403,-0.07246217876672745,1.5103158950805664
0.34331685304641724,0.10107575356960297,0.8615176677703857
0.553244948387146,0.05924992263317108,0.9328492879867554
0.6614885330200195,0.5158568620681763,1.0348377227783203
1.1508870124816895,-0.16964538395404816,0.7252057790756226
0.264559805393219,-0.08725062012672424,1.3568841218948364
1.4897196292877197,-0.6226261854171753,0.8562135696411133
0.19411902129650116,0.0063476525247097015,1.1985830068588257
1.219627857208252,-0.5534108281135559,1.242526888847351
0.9947199821472168,-0.7121809124946594,1.2396421432495117
0.7103607058525085,-0.010678408667445183,0.819819986820221
0.5610904097557068,-0.5165363550186157,1.3665735721588135
0.9161226153373718,0.20993821322917938,1.2605763673782349
1.2789418697357178,-0.069038525223732,1.3240160942077637
1.1939064264297485,-0.369283527135849,0.7418274283409119
1.0757709741592407,-0.10585914552211761,1.4597487449645996
0.7007105350494385,0.07188254594802856,0.8149535655975342
0.5063661336898804,0.2518739402294159,1.3087011575698853
0.9471118450164795,-0.2714518904685974,1.3270930051803589
0.4627983868122101,0.02343379519879818,1.4827159643173218
0.686184287071228,0.16109135746955872,1.4836690425872803
0.08327683806419373,-0.3836324214935303,0.9907351732254028
0.5842753648757935,0.12633100152015686,0.9672131538391113
1.1889805793762207,-0.44092532992362976,1.3981614112854004
0.9651768207550049,0.29481419920921326,1.3783560991287231
0.2361391931772232,-0.21720020473003387,1.1947060823440552
0.5798975825309753,-0.8270297646522522,0.49002817273139954
0.7194702625274658,-0.4277030825614929,1.4756873846054077
0.2913227081298828,-0.497380793094635,1.032184362411499
0.6359726786613464,-0.10616741329431534,1.5599430799484253
0.7886344194412231,-0.6587476134300232,1.0183701515197754
0.5822988748550415,0.006671778857707977,1.4380391836166382
0.49832725524902344,-0.2918629050254822,1.3048734664916992
1.035738468170166,-0.9486819505691528,0.7586698532104492
0.42129766941070557,-0.6861699223518372,1.297279953956604
0.8079588413238525,-0.7605413198471069,1.4193143844604492
0.5162846446037292,0.2122059166431427,1.016404628753662
1.0163577795028687,0.013698913156986237,1.0249320268630981
0.67148357629776,0.14116960763931274,0.8489459156990051
0.6249970197677612,0.174762561917305,1.277548909187317
0.6062185168266296,0.26728788018226624,1.3415659666061401
0.6785718202590942,-0.8785620927810669,1.2792646884918213
0.7320398688316345,-0.32070741057395935,1.5738353729248047
0.17035064101219177,-0.15921777486801147,1.076401710510254
0.07217846810817719,-0.24380765855312347,1.1650222539901733
0.28356850147247314,0.1608676314353943,0.9319474697113037
0.7090836763381958,0.14467179775238037,1.3708347082138062
0.3736079931259155,-0.3215878903865814,1.2792245149612427
1.0564453601837158,-0.6990626454353333,1.378117561340332
0.6493046879768372,0.4052691161632538,1.0038673877716064
0.6885844469070435,0.04159783199429512,1.5362340211868286
0.5294488072395325,-0.46424049139022827,1.3052496910095215
0.44275665283203125,0.2006966918706894,1.0097689628601074
0.4230026602745056,-0.7330651879310608,0.7340850234031677
0.3298785984516144,0.026691313832998276,1.2257840633392334
1.1036150455474854,-0.029514700174331665,1.3653017282485962
0.333479642868042,-0.5873235464096069,1.2448983192443848
1.2117739915847778,0.022817209362983704,1.4116687774658203
0.479521781206131,0.15782570838928223,1.3591220378875732
0.9663552641868591,-0.8169577121734619,0.8600022196769714
0.9335307478904724,-0.4107719957828522,1.3773295879364014
0.44540685415267944,-0.16301777958869934,1.076021671295166
0.5064511299133301,-0.5288867950439453,1.426897644996643
1.0410107374191284,-0.26172035932540894,1.3448705673217773
0.2979534864425659,0.09882888197898865,1.2106069326400757
0.6502325534820557,0.044422753155231476,0.8460133075714111
0.15375737845897675,-0.17988209426403046,1.3039000034332275
0.9798073172569275,-0.10344449430704117,0.8319140672683716
0.48108628392219543,-0.17383244633674622,1.1554173231124878
1.0492843389511108,-0.3331424295902252,1.1654657125473022
0.5733257532119751,-0.6628077030181885,1.3914616107940674
0.6827996373176575,-1.0069010257720947,0.6596800088882446
1.0021661520004272,0.09497184306383133,1.2315187454223633
0.9100559949874878,-0.6272403001785278,0.9406819939613342
1.1253021955490112,-0.29767045378685,1.5227563381195068
0.6548891067504883,-0.6899301409721375,0.918361485004425
0.42946600914001465,-0.14146330952644348,0.7805392742156982
1.13319993019104,-0.46125364303588867,0.920535683631897
0.7497241497039795,0.09033972024917603,0.8577060699462891
0.848827600479126,-0.7791996002197266,1.4189918041229248
0.46954184770584106,0.2362959235906601,1.2201714515686035
0.48600631952285767,-0.426827609539032,0.8289788365364075
0.7053000926971436,-0.09872807562351227,1.3680610656738281
1.0437625646591187,-0.5033227801322937,0.7840456962585449
1.303361415863037,0.3014703094959259,1.109055995941162
0.6035837531089783,-0.1362086981534958,1.3968020677566528
0.6209523677825928,0.31745481491088867,1.1581116914749146
0.755612313747406,-0.11368021368980408,1.5687609910964966
0.35392749309539795,-0.6134507060050964,0.9710352420806885
0.7075758576393127,-0.3811202645301819,1.5459955930709839
0.7676327228546143,0.2924332618713379,0.9401816129684448
0.8329142928123474,0.14739108085632324,1.0533032417297363
0.29080870747566223,-0.31086429953575134,1.4362232685089111
0.7549304962158203,-0.00036257505416870117,1.554520845413208
0.7902840375900269,-0.5119718909263611,1.4750670194625854
0.7679250240325928,-0.7171757817268372,0.8333888053894043
1.0937306880950928,-0.00490907859057188,1.4603947401046753
0.5084696412086487,-0.43822550773620605,1.1501601934432983
0.4845508635044098,-0.6902836561203003,1.213311791419983
1.132832407951355,-0.7234489917755127,1.115358591079712
0.5378926396369934,-0.6411753296852112,1.0181933641433716
0.5493731498718262,-0.44730666279792786,1.3592392206192017
1.2712260484695435,-0.49424684047698975,1.1186833381652832
1.109539270401001,-0.04900463670492172,0.9047942161560059
0.1602940857410431,-0.6508055925369263,0.7009982466697693
0.643268346786499,-0.43540382385253906,1.2792103290557861
0.6641371250152588,0.13038396835327148,1.1021192073822021
1.106205701828003,-0.304867148399353,0.8276023268699646
0.66690993309021,-0.013214029371738434,1.118857502937317
0.4744855761528015,0.15347157418727875,1.1523759365081787
0.5821065902709961,-0.46285146474838257,0.951328694820404
0.23178759217262268,0.25905942916870117,0.7961267232894897
0.6039600372314453,-0.5709550380706787,1.1762820482254028
0.6462475061416626,0.3251224756240845,1.1272163391113281
0.3534643352031708,-0.1278800070285797,0.840682327747345
0.6355884075164795,-0.12459831684827805,1.5625642538070679
0.1626887321472168,-0.1888568252325058,1.180362582206726
1.1332018375396729,-0.7118538618087769,0.9189334511756897
0.8689111471176147,-0.7167341113090515,1.4302523136138916
0.9606176614761353,-0.7303214073181152,0.5269240736961365
0.2573816478252411,0.047656431794166565,1.353132724761963
0.977418065071106,-0.06397628039121628,0.7651772499084473
0.3872101306915283,-0.5901791453361511,1.0968269109725952
0.21501700580120087,-0.3514174222946167,1.178652048110962
0.1934340000152588,0.2205793559551239,1.0964560508728027
1.1391674280166626,-0.2933676242828369,1.321960210800171
0.4436520040035248,-0.3224851191043854,0.8348416090011597
0.4463104009628296,-0.17872124910354614,1.3521606922149658
0.8105599284172058,-0.7648097276687622,1.315691590309143
0.9679208993911743,0.09654830396175385,1.4337635040283203
0.14034609496593475,-0.37567681074142456,1.0007301568984985
0.4140368103981018,-0.18853318691253662,1.0686864852905273
0.9140434265136719,-0.22898775339126587,1.2876843214035034
0.446929395198822,-0.334505170583725,1.0612835884094238
0.38373297452926636,-0.2993846535682678,1.0920337438583374
0.6922343373298645,0.21127928793430328,0.8462323546409607
0.7349330186843872,-0.06988029181957245,1.2403736114501953
0.3654399514198303,-0.7340043783187866,1.2541753053665161
0.5422091484069824,0.0786350816488266,0.9668100476264954
0.9667762517929077,-0.22970221936702728,1.4060125350952148
0.3416741192340851,-0.30645325779914856,0.835749626159668
0.855214536190033,-0.8047902584075928,1.1172778606414795
0.7693840861320496,0.024748485535383224,1.2324714660644531
0.650168240070343,-0.7558642029762268,1.1534990072250366
0.4075072407722473,-0.09874576330184937,1.4890094995498657
0.9574177265167236,0.01101234182715416,1.3433411121368408
0.33659568428993225,0.15569263696670532,1.2727859020233154
0.9990872144699097,-0.48168715834617615,0.7690333127975464
0.3805859088897705,-0.36557531356811523,1.4818506240844727
1.1702978610992432,-0.312138170003891,0.47710761427879333
0.5829874873161316,-0.9915543794631958,0.7166491150856018
0.1440907120704651,-0.19995112717151642,0.894965410232544
0.3457629680633545,-0.37458330392837524,0.897392988204956
1.0055660009384155,-0.04412703961133957,0.8607998490333557
1.4144477844238281,-0.4280155897140503,1.2033201456069946
0.4624492824077606,-0.07462771236896515,1.2859539985656738
0.26849865913391113,-0.4730304181575775,0.999355673789978
0.5564435720443726,-0.6938877701759338,1.3809229135513306
0.4735091030597687,-0.5864850282669067,0.8442358374595642
0.5752416849136353,-0.41751500964164734,1.5491198301315308
1.2311010360717773,0.020008627325296402,0.6736575365066528
0.6726563572883606,-0.27969929575920105,1.5726065635681152
1.262891411781311,-0.39584559202194214,1.3883610963821411
0.871722936630249,-0.5276321768760681,1.253436803817749
0.5982732176780701,-0.1350499391555786,1.3526158332824707
0.539488673210144,-0.39705532789230347,1.3816087245941162
0.5947767496109009,-0.18795275688171387,1.537010669708252
1.2811299562454224,-0.2513466477394104,0.9746163487434387
1.0869970321655273,0.018602237105369568,1.2839932441711426
0.22551240026950836,-0.23564332723617554,1.2973098754882812
0.38316449522972107,-0.12185075134038925,1.3745753765106201
0.6502033472061157,0.08884266018867493,1.133260726928711
1.0736234188079834,0.0934552401304245,1.1737823486328125
0.36401793360710144,-0.35172003507614136,0.8156551122665405
0.42821869254112244,-0.053330399096012115,1.2591489553451538
0.3648419976234436,-0.39909297227859497,1.0367299318313599
1.154402494430542,-0.49917733669281006,0.7739944458007812
0.9070197343826294,0.14819839596748352,1.4175101518630981
1.0474497079849243,-0.5460386872291565,1.0869731903076172
0.5728009939193726,-0.45996302366256714,1.0691112279891968
0.47676002979278564,-0.0676954835653305,1.3730182647705078
1.320664405822754,0.10430530458688736,1.0407475233078003
0.6938087344169617,-0.23800861835479736,1.568345069885254
0.8588826060295105,0.011123813688755035,1.5176575183868408
0.692123293876648,-0.632317841053009,1.4004648923873901
0.9178062677383423,-0.7515525221824646,1.0100033283233643
0.8516611456871033,-0.7364041805267334,0.6244197487831116
1.4602171182632446,-0.07021491229534149,1.043247103691101
0.546507716178894,-0.6600620746612549,0.9085948467254639
1.1371878385543823,-0.9082056283950806,1.0524287223815918
1.2524974346160889,-0.04551100730895996,1.0548152923583984
0.8054736852645874,-0.6534407138824463,1.256872296333313
0.2823796570301056,-0.7634575366973877,1.1664190292358398
0.8671945929527283,0.03709424287080765,0.780720055103302
0.39268189668655396,0.15165291726589203,0.9978824257850647
0.4964255690574646,-0.34632787108421326,0.8306882977485657
1.0983022451400757,-0.1495046317577362,1.3717495203018188
0.5232110023498535,-0.6188940405845642,1.273618221282959
1.4786418676376343,-0.6421948671340942,0.9343516230583191
0.7111040949821472,-0.04653118923306465,1.391885757446289
0.32159778475761414,-0.10460352897644043,1.3464384078979492
0.7058054208755493,-0.045196760445833206,1.3011164665222168
0.9409693479537964,-0.08602555841207504,1.398413896560669
1.1664162874221802,-0.37766221165657043,0.5319395065307617
0.619533121585846,0.03746740520000458,1.3074945211410522
0.4902302622795105,-0.38871821761131287,1.3493670225143433
0.4017477333545685,-0.5603723526000977,1.1472312211990356
0.2184443473815918,-0.21612614393234253,1.1287307739257812
0.7592459321022034,-0.6355580687522888,1.424398422241211
0.49581941962242126,-0.32520440220832825,1.2709087133407593
0.39534521102905273,-0.12629082798957825,1.0435022115707397
0.4350816011428833,0.24543696641921997,1.27873694896698
0.027342066168785095,-0.03858101740479469,0.7596650123596191
0.8153131604194641,-0.666954517364502,1.454162359237671
0.9045048356056213,-0.12174752354621887,1.5787222385406494
0.49955227971076965,0.1541341096162796,1.2553585767745972
0.6169400215148926,-0.7996858358383179,0.9589614868164062
0.41305840015411377,-0.6511260867118835,1.2716619968414307
1.1621893644332886,-0.5506818890571594,0.4174463152885437
1.008795976638794,0.3514608144760132,1.1645748615264893
0.6550782322883606,0.12101678550243378,1.202216625213623
0.8575383424758911,-0.8463459014892578,0.43476706743240356
0.6096979379653931,-0.3366689682006836,1.4270507097244263
0.46032726764678955,-0.9663602113723755,0.8045310378074646
0.7576698064804077,-0.9172288179397583,0.8623148202896118
0.595546543598175,-0.16652944684028625,1.2389168739318848
1.0373274087905884,0.034231700003147125,0.8264433145523071
0.22886356711387634,0.3036738634109497,0.9840229749679565
0.5984120965003967,-0.3171692490577698,1.4892449378967285
1.0459985733032227,-0.07082927227020264,1.527906060218811
0.7914180755615234,-0.7816765904426575,0.6420985460281372
0.4009327292442322,-0.4718080759048462,1.0644270181655884
0.8109139800071716,-0.39984413981437683,1.4732691049575806
0.9262920022010803,-0.5774929523468018,1.4485254287719727
0.8656058311462402,-0.8401492834091187,1.1778150796890259
0.4154377281665802,-0.5285898447036743,1.0643616914749146
0.4760381877422333,-0.002359047532081604,1.4976218938827515
1.0408226251602173,0.32540014386177063,1.173398494720459
0.3777000904083252,-0.05972271040081978,1.477223515510559
0.6004369854927063,-0.5578925609588623,1.348596453666687
0.026271618902683258,-0.3854238986968994,1.0162187814712524
0.45414453744888306,-0.40643858909606934,1.5104738473892212
0.6196330785751343,0.26599574089050293,1.392134666442871
1.070831060409546,-0.3204646110534668,1.1601195335388184
0.46742308139801025,-0.6233679056167603,0.8059700727462769
1.1368846893310547,-0.4722147583961487,0.6710543632507324
0.8152629733085632,-0.8115128874778748,1.2899173498153687
0.8339598178863525,-0.8147479891777039,1.3320226669311523
0.8458441495895386,0.19215303659439087,0.7782341241836548
0.3561633229255676,-0.7563052177429199,0.7041150331497192
0.9427060484886169,0.24365724623203278,1.3407187461853027
0.5976804494857788,-0.42741578817367554,1.5617960691452026
1.0052835941314697,-0.0782277062535286,0.9833396673202515
0.43308156728744507,0.1423051506280899,1.2245770692825317
0.45064496994018555,-0.5329581499099731,1.2048484086990356
0.38993552327156067,-0.3944128751754761,1.3140780925750732
0.6597516536712646,-0.8856663107872009,0.9293657541275024
0.302911639213562,-0.6270939111709595,1.3360912799835205
0.5569197535514832,-0.6117215156555176,1.383995532989502
0.9181036949157715,-0.7741618156433105,1.2745620012283325
0.6334523558616638,-0.06794074177742004,1.5560541152954102
0.4681088626384735,-0.8153098225593567,0.7037593126296997
1.0321519374847412,0.3998551666736603,1.1237000226974487
0.9408990740776062,-0.870572030544281,1.0260411500930786
0.8320538997650146,-0.7093525528907776,0.4426235258579254
0.5977120399475098,-0.43476220965385437,1.375413417816162
0.13943110406398773,-0.4607853591442108,0.7748074531555176
1.3923225402832031,-0.5171600580215454,1.0483758449554443
0.9240468740463257,-0.4690852761268616,1.1424814462661743
0.8986886739730835,-0.5919510126113892,1.3317114114761353
0.531880795955658,-0.48949968814849854,1.1756956577301025
0.8365578651428223,-0.07379516959190369,1.4140616655349731
0.5047947764396667,-0.6556777358055115,1.1136653423309326
0.9941126108169556,0.2149602770805359,1.1772582530975342
0.5755616426467896,-0.5147055387496948,0.8974089622497559
1.0164003372192383,0.1833588182926178,1.290049433708191
0.7433724403381348,-0.25289392471313477,1.4389581680297852
1.2537375688552856,-0.08988869190216064,0.45980411767959595
0.7753421664237976,0.36527571082115173,1.2048496007919312
0.6961897611618042,-0.6622717976570129,0.6694939136505127
0.5055478811264038,-0.204975426197052,1.0207481384277344
0.5633128881454468,-0.9525926113128662,1.0197274684906006
0.7991818785667419,-0.6955216526985168,1.0674933195114136
0.8464957475662231,-0.4351513385772705,1.1921260356903076
1.2891845703125,-0.3603565990924835,1.438616156578064
0.7214247584342957,0.3843003511428833,1.174513339996338
1.050336480140686,-0.9241150617599487,0.8338295817375183
0.23735058307647705,-0.6133714914321899,0.80116868019104
0.714288055896759,-0.7351890206336975,0.9304555058479309
0.78267502784729,-1.018883466720581,0.8996613621711731
0.45189201831817627,-0.16914112865924835,1.501564860343933
0.8990225791931152,0.3473840653896332,1.2380725145339966
0.8191947937011719,0.05667008459568024,1.5436527729034424
0.7491186857223511,-0.9141345024108887,0.9742541313171387
1.0800676345825195,-0.011971820145845413,1.27696692943573
0.6618582010269165,-0.48534321784973145,1.353598713874817
1.1139276027679443,-0.6461877822875977,1.3270416259765625
0.48936355113983154,0.46287232637405396,0.8426393866539001
0.5371032953262329,-0.9007894992828369,0.5628249645233154
0.3663500249385834,-0.3894728720188141,1.0971055030822754
0.2880271077156067,-0.251187801361084,0.8388938903808594
0.6414383053779602,-0.9635439515113831,0.933292806148529
0.25742965936660767,-0.4065459966659546,1.216090202331543
0.6468719840049744,-0.21563486754894257,1.5459973812103271
0.8467302918434143,0.4711885154247284,1.0202761888504028
1.211057424545288,-0.16695429384708405,1.4007055759429932
0.7133462429046631,-0.021230436861515045,1.4318500757217407
0.5685191750526428,0.1052958145737648,0.9100956916809082
0.5150747299194336,0.15044739842414856,1.0765255689620972
0.1311326026916504,-0.29358941316604614,1.2509652376174927
0.48406127095222473,-0.6517866849899292,1.3513472080230713
1.1556459665298462,-0.8449110984802246,1.119728684425354
0.6409496068954468,-0.5044766664505005,0.808666467666626
0.9361142516136169,0.0007330961525440216,1.2612600326538086
1.4757765531539917,-0.47383546829223633,1.173820972442627
1.136252522468567,-0.6499932408332825,0.5720558762550354
0.4950282573699951,0.11605850607156754,1.0227762460708618
0.9171853065490723,0.06894823908805847,1.4624577760696411
1.380776047706604,-0.5112992525100708,0.49495744705200195
0.48671063780784607,-0.03819309175014496,1.4142885208129883
0.804051399230957,0.44326359033584595,1.1720010042190552
0.90837162733078,-0.41705748438835144,1.4450974464416504
1.1239922046661377,-0.5314154624938965,0.8005307912826538
0.7373164296150208,0.3866024613380432,1.0852550268173218
0.5552784204483032,-0.9909612536430359,0.7639725208282471
0.2814837694168091,-0.855223536491394,0.8516504764556885
0.9349170923233032,0.03491856902837753,1.5466117858886719
0.5546228289604187,0.19613802433013916,1.2306712865829468
0.8477963209152222,-0.4896118640899658,1.4529482126235962
0.2809935212135315,0.06918277591466904,0.9555310606956482
0.49873873591423035,-0.8665646910667419,0.6997290849685669
0.5850272178649902,-0.7643876075744629,0.8493146896362305
0.0888216570019722,-0.3719678819179535,1.1994940042495728
0.8316344618797302,0.24520334601402283,1.151659369468689
1.0903689861297607,-0.8147706389427185,0.5561539530754089
0.5255221724510193,-0.5613575577735901,0.8666218519210815
1.5293632745742798,-0.5145889520645142,0.7518820762634277
0.3643834590911865,0.12019428610801697,1.2570369243621826
0.8278999328613281,-0.11567413061857224,1.1351242065429688
0.48816999793052673,-0.8157622814178467,0.5874232649803162
1.061447262763977,-0.39924660325050354,1.0097904205322266
0.4006713628768921,0.11841011047363281,1.3262712955474854
1.2737582921981812,-0.11095929145812988,1.2902565002441406
0.5898089408874512,-0.5199544429779053,1.2715821266174316
0.7943644523620605,-0.03264033794403076,1.3053215742111206
0.3462425470352173,0.05106229707598686,1.3113564252853394
0.40858474373817444,-0.08766230940818787,1.2580029964447021
1.3962392807006836,-0.20197735726833344,1.316673755645752
0.5540095567703247,-0.4899899363517761,1.205304741859436
1.2118890285491943,-0.363138347864151,1.445702075958252
0.7659668326377869,-0.7043055891990662,1.0579707622528076
1.5310512781143188,0.051667824387550354,0.7657455801963806
0.43636229634284973,-0.4542442858219147,1.2220946550369263
1.245416283607483,-0.45670926570892334,0.5570091009140015
1.3926116228103638,-0.19640731811523438,1.2509820461273193
0.4341985285282135,0.006837412714958191,1.4864346981048584
1.353366732597351,-0.38574615120887756,1.1571577787399292
0.8379552960395813,-0.6051054000854492,1.4808404445648193
0.4826405644416809,0.09996430575847626,1.0460699796676636
0.6968650817871094,-0.12838515639305115,1.5523380041122437
0.48566949367523193,-0.46073979139328003,1.4914575815200806
1.1412343978881836,-0.0906929224729538,1.4846211671829224
0.25943678617477417,-0.04468891769647598,1.2230556011199951
0.6203293204307556,-0.4246187210083008,1.461857795715332
0.6266153454780579,-0.996353030204773,0.744865357875824
0.653098464012146,0.08903101086616516,1.1337502002716064
0.889168381690979,-0.8334261775016785,0.9304513931274414
0.5593783855438232,-0.6020429730415344,0.7765991687774658
0.3745906352996826,0.215720534324646,0.9940542578697205
0.48823079466819763,-0.26883864402770996,0.8316299319267273
0.46763843297958374,-0.18280261754989624,1.3455700874328613
0.2645648419857025,-0.3985539674758911,1.1618757247924805
0.7296122312545776,-0.779763400554657,0.8761574029922485
1.5230400562286377,-0.08547543734312057,0.8738206624984741
1.4438867568969727,-0.44901254773139954,1.2639973163604736
0.9537565112113953,0.40892493724823,1.0957471132278442
1.146004319190979,0.0881614089012146,1.2371840476989746
0.6870683431625366,-0.29561546444892883,1.5806317329406738
0.47170931100845337,-0.02505546808242798,1.1196653842926025
0.512177050113678,-0.9786638021469116,0.9175758361816406
1.1022443771362305,-0.3530731797218323,1.121517300605774
0.3774862587451935,-0.47483474016189575,1.150904655456543
0.2779107093811035,0.19388456642627716,1.2788089513778687
1.1005586385726929,-0.7593628764152527,1.1699039936065674
0.9341140985488892,-0.5414321422576904,0.8994677662849426
1.2763183116912842,-0.1390824317932129,1.1526488065719604
0.5722715854644775,-0.06999574601650238,1.3575999736785889
1.4259527921676636,-0.3938333988189697,1.249443531036377
0.5326719284057617,-0.2280978262424469,1.5501068830490112
1.0741690397262573,-0.5243393182754517,0.7647355794906616
0.40798503160476685,-0.5292966365814209,1.1519262790679932
0.5499977469444275,-0.5894431471824646,1.3914964199066162
1.439121127128601,-0.14515967667102814,1.167268991470337
1.0604066848754883,-0.2794082462787628,1.5281035900115967
0.44328486919403076,-0.036107778549194336,1.4939013719558716
0.3890352249145508,-0.43901416659355164,1.4278218746185303
1.2072105407714844,-0.3936423659324646,0.9641599655151367
0.46281948685646057,-0.7538438439369202,0.8593100309371948
0.7717770338058472,-0.0200258269906044,1.4776248931884766
0.5209544897079468,-0.317511647939682,1.2578614950180054
0.7466890811920166,-0.021740280091762543,1.4454933404922485
0.7006099224090576,0.07570867240428925,0.8692382574081421
0.9577388763427734,-0.06306742876768112,1.5534968376159668
0.25245532393455505,-0.07810179144144058,0.7930283546447754
0.27054232358932495,-0.8110265135765076,1.0208210945129395
0.3047962188720703,-0.26679450273513794,0.824371337890625
1.3823283910751343,-0.11516432464122772,0.7667532563209534
1.2454930543899536,-0.8533005714416504,0.839282751083374
0.9942326545715332,0.07731597125530243,1.4341492652893066
0.6146054863929749,0.2814759612083435,0.86711585521698
0.5078933835029602,-0.4543915390968323,1.1018364429473877
1.0484005212783813,-0.3632053732872009,0.9915688037872314
0.5559284090995789,-0.4995141327381134,0.8471280932426453
0.7392707467079163,-0.3835138976573944,1.4901270866394043
0.4772965908050537,-0.49298295378685,1.5072858333587646
1.0053761005401611,-0.28423893451690674,1.2589703798294067
0.5068646669387817,0.15708261728286743,1.3160393238067627
0.26685142517089844,-0.6970825791358948,1.2497341632843018
0.43277639150619507,-0.573224663734436,1.1127151250839233
0.5167334675788879,-0.6806347966194153,1.0138804912567139
0.9346585273742676,-0.6731007099151611,1.0083955526351929
0.6094599366188049,-0.7864031195640564,1.1337864398956299
0.47752293944358826,-0.08248281478881836,0.8240358233451843
0.3718225061893463,0.24990694224834442,0.8441956043243408
1.0179316997528076,-0.4004665017127991,0.8451910018920898
0.5183851718902588,-0.5169050693511963,0.8781646490097046
0.4329489767551422,-0.3346221148967743,0.9641599655151367
0.4905899465084076,-0.13441365957260132,1.3416862487792969
0.9750583171844482,-0.15021716058254242,1.4661200046539307
1.2795377969741821,-0.3477258086204529,0.5209164619445801
0.8684425354003906,0.03224623575806618,1.2637856006622314
0.9349737167358398,-0.39289334416389465,1.3185501098632812
0.4005798399448395,-0.46967417001724243,1.4808214902877808
1.3562991619110107,-0.1431742012500763,0.8387715816497803
1.2446560859680176,-0.1149233877658844,1.415242314338684
0.506903350353241,-0.5485948324203491,0.9447463154792786
0.45885518193244934,0.07489270716905594,1.1365724802017212
1.0521998405456543,-0.19162742793560028,1.027334451675415
0.5080820322036743,-0.3317900598049164,0.7616026401519775
1.1141655445098877,0.028339706361293793,0.9106555581092834
1.0660637617111206,-0.23308807611465454,1.2947726249694824
0.538144588470459,0.009947627782821655,1.092054009437561
0.7345125675201416,-0.18512047827243805,1.4575862884521484
0.3786074221134186,-0.5879167318344116,1.157518982887268
0.5248733758926392,-0.11282621324062347,1.3244836330413818
0.20534491539001465,0.11938200891017914,0.8216993808746338
1.2023643255233765,-0.896760106086731,1.0640696287155151
0.494873583316803,0.04326259717345238,1.4384180307388306
0.73046875,0.3580766022205353,1.2428324222564697
1.012233018875122,-0.883699893951416,0.6195578575134277
0.5030972957611084,0.05341963469982147,1.1470685005187988
0.7042906880378723,-0.6587556600570679,1.4080628156661987
0.38010573387145996,0.0830928236246109,1.0714657306671143
0.4198479950428009,0.2617931067943573,0.9225916266441345
1.127732753753662,-0.38815703988075256,0.9634023904800415
0.5982256531715393,0.27472424507141113,1.206308126449585
1.100902795791626,-0.26914161443710327,0.7897319197654724
0.4545183777809143,0.39852336049079895,1.1712982654571533
0.7164607048034668,-0.5681155920028687,1.531968593597412
1.0664136409759521,-0.16344204545021057,1.2392666339874268
0.4402031898498535,0.19062118232250214,1.1616734266281128
1.044445276260376,0.3375577926635742,1.116843342781067
0.604864239692688,-0.495555579662323,1.3812739849090576
0.3136993646621704,-0.23289497196674347,1.3128613233566284
1.318957805633545,0.1297793984413147,1.0814204216003418
1.012028694152832,-0.4045935273170471,1.4120222330093384
0.8669047951698303,-0.07757199555635452,1.2094327211380005
0.6629751324653625,-0.39815449714660645,1.375751256942749
0.9837802052497864,-0.3420896828174591,1.2719361782073975
1.2569774389266968,-0.10803396254777908,0.4239368438720703
1.0058681964874268,-0.6849638819694519,0.7488067150115967
0.8666688203811646,-0.021084371954202652,1.492315649986267
0.25938406586647034,-0.03240654617547989,1.2833260297775269
1.0851354598999023,0.48298051953315735,0.9804973006248474
1.5121482610702515,-0.3390893340110779,1.173871636390686
0.8716713786125183,-0.5968802571296692,1.2777754068374634
1.5110840797424316,-0.055700965225696564,0.8313491940498352
0.6587744951248169,0.41351351141929626,1.2751113176345825
0.4609784185886383,0.12277930229902267,1.057573914527893
0.5584626197814941,-0.7440999746322632,1.0101817846298218
0.897352397441864,-0.5924720764160156,1.5212254524230957
0.36076250672340393,-0.5171298980712891,0.7654032111167908
1.0152186155319214,-0.28024059534072876,0.8025370240211487
0.8339630365371704,0.11652307212352753,0.8211031556129456
0.7779262065887451,-0.09853601455688477,1.5325422286987305
0.5658262968063354,0.21591565012931824,1.0474625825881958
0.8176167607307434,0.1421142816543579,1.130826473236084
0.623960018157959,0.09606097638607025,1.487561583518982
0.9376322627067566,-0.5344507098197937,0.7634527683258057
0.3236462473869324,-0.27642929553985596,0.9562098979949951
0.6819131374359131,0.5342038869857788,0.9936679601669312
0.522950291633606,0.24540261924266815,0.8815014362335205
1.1487149000167847,-0.03483956307172775,0.7856204509735107
0.7188889980316162,0.19114509224891663,1.1847636699676514
1.111443281173706,-0.5486981868743896,1.2949672937393188
0.7348759770393372,0.3235611915588379,0.9607489109039307
0.8040249347686768,-0.7096734642982483,1.0006545782089233
1.0478167533874512,-0.3660818934440613,1.406446933746338
1.2170571088790894,-0.32083502411842346,0.416501522064209
0.6043115854263306,0.004161839839071035,0.8720170259475708
0.8446953892707825,0.4111633896827698,1.3021906614303589
0.8765775561332703,0.20139151811599731,1.241294026374817
0.687873363494873,-0.3740104138851166,1.579915165901184
0.5241974592208862,0.0013553313910961151,1.1003122329711914
0.49434545636177063,-0.8309255838394165,0.8158935904502869
0.5409443974494934,-0.39402586221694946,0.8728976845741272
0.5377609133720398,0.2001969963312149,1.273420810699463
1.2731654644012451,-0.0519895926117897,0.8941786289215088
0.2980756163597107,-0.30769890546798706,1.0550670623779297
0.9634788036346436,0.03109942376613617,0.788317084312439
0.5540707111358643,-0.061128828674554825,1.543658971786499
0.1828422248363495,0.12691646814346313,0.8326965570449829
0.34679627418518066,-0.2419469654560089,1.2382478713989258
1.210663080215454,0.1945936381816864,1.3037159442901611
0.3464009761810303,0.15186351537704468,1.318976879119873
0.6140325665473938,-0.487379252910614,1.4752838611602783
0.22160275280475616,-0.40411466360092163,1.3463717699050903
1.1650054454803467,-0.7505142688751221,1.299559473991394
0.6046435832977295,-0.16748814284801483,1.4135621786117554
0.4704253077507019,-0.15239056944847107,1.13103187084198
1.1770753860473633,0.09251184016466141,1.4260295629501343
0.7308451533317566,0.026204802095890045,1.3024879693984985
1.0978028774261475,-0.3635879158973694,1.2985343933105469
0.7840495109558105,0.13425536453723907,1.3591883182525635
0.9743382334709167,-0.16982214152812958,1.5077784061431885
0.8218055963516235,-0.1058264747262001,1.5736863613128662
1.230019450187683,-0.1354174017906189,0.697742760181427
0.3438798785209656,0.08047336339950562,0.7853355407714844
0.5879319310188293,-0.29943081736564636,1.4305826425552368
1.0494325160980225,-0.661727786064148,1.3644365072250366
0.7958329916000366,-0.08514279872179031,1.1518720388412476
0.5610690116882324,-0.5985976457595825,1.067898154258728
0.6237236261367798,-0.019767075777053833,1.5011026859283447
1.0763815641403198,-0.1374032199382782,1.3160778284072876
0.6165074706077576,-0.43261706829071045,1.4844738245010376
0.44633808732032776,-0.5951677560806274,1.4258944988250732
0.7178285121917725,-0.7094593048095703,0.41354960203170776
0.7011529803276062,-0.7568514943122864,1.1395961046218872
0.45327699184417725,0.47210273146629333,0.7990520596504211
0.5259731411933899,-0.5059784650802612,1.501436471939087
1.1997489929199219,0.37276536226272583,1.0795389413833618
1.0913084745407104,-0.48681142926216125,1.4603692293167114
0.9272584915161133,-0.18519319593906403,1.252929449081421
1.0633509159088135,-0.07498355209827423,0.7941614389419556
0.15780116617679596,-0.4400835335254669,1.2208493947982788
1.2227442264556885,-0.4422948360443115,0.44857698678970337
0.8761181831359863,-0.8997448682785034,0.9996487498283386
0.570200502872467,0.23676206171512604,0.9797499179840088
1.0445237159729004,-0.046041086316108704,0.9449033737182617
0.6403532028198242,-0.21512874960899353,1.5094720125198364
0.37880855798721313,-0.4318671226501465,1.4357762336730957
0.22874191403388977,0.1284361481666565,1.2609964609146118
0.5934579372406006,-0.7276400923728943,1.0494334697723389
0.527398407459259,-0.6081187725067139,1.2855864763259888
0.25111234188079834,-0.3975661098957062,1.050291895866394
0.41950592398643494,-0.4512045979499817,1.2364450693130493
1.4285588264465332,-0.14764337241649628,0.5207163691520691
0.3316974341869354,0.15831539034843445,1.0703351497650146
0.3257508873939514,0.09224746376276016,1.2193989753723145
0.552568793296814,-0.09473821520805359,0.7877411842346191
0.9325333833694458,-0.14219370484352112,0.8052035570144653
0.5455207824707031,-0.4073319137096405,1.3722820281982422
1.1594719886779785,-0.44530805945396423,1.3540064096450806
0.33772459626197815,-0.6647211909294128,1.2734956741333008
0.7564608454704285,0.0620911568403244,1.2908663749694824
0.9356503486633301,-0.6907752752304077,0.8492869734764099
0.5605310797691345,-0.045978743582963943,1.5478767156600952
0.36306923627853394,-0.26681777834892273,0.9969921112060547
0.4273350238800049,-0.2676470875740051,1.4609103202819824
0.5396672487258911,-0.47201645374298096,0.7825022339820862
0.9618262052536011,-0.49696582555770874,1.5348701477050781
0.10887300968170166,0.11441434919834137,0.8507905006408691
0.6280877590179443,0.06095144897699356,1.417772889137268
1.1517268419265747,0.06508509814739227,1.1924891471862793
1.2278269529342651,-0.6998225450515747,0.5069772601127625
0.47191429138183594,0.32045960426330566,1.0259807109832764
0.23195910453796387,-0.08546078205108643,1.2495771646499634
1.0722358226776123,-0.3728483021259308,1.4802953004837036
0.4461078643798828,-0.1628202348947525,1.2097078561782837
0.48842090368270874,-0.39294910430908203,1.2175236940383911
1.0982054471969604,-0.7404580116271973,1.2893567085266113
1.135306477546692,-0.6862676739692688,0.42711445689201355
1.0150121450424194,-0.3284339904785156,1.153937578201294
0.8852843642234802,-0.7885253429412842,1.2188231945037842
0.8388936519622803,-0.5473605394363403,0.8785051107406616
0.7704646587371826,-0.7959285974502563,1.3988914489746094
0.8898950219154358,0.32362544536590576,1.0055044889450073
1.204775094985962,0.07730723917484283,0.5935379862785339
0.7102208137512207,0.2923715114593506,1.0962769985198975
0.8898658156394958,-0.13772287964820862,1.5662240982055664
0.9840987920761108,-0.003626123070716858,0.8177468776702881
0.7307403087615967,-0.24553261697292328,1.3926339149475098
0.6600580215454102,-0.5181382298469543,1.084105134010315
1.00092351436615,-0.11205975711345673,1.2863560914993286
0.34555667638778687,-0.2621050179004669,1.0659825801849365
0.6273278594017029,-0.12440706789493561,1.1442291736602783
0.7661947011947632,-0.5809178352355957,0.9729883670806885
0.4666006565093994,0.05990114063024521,1.0218348503112793
0.3718348741531372,-0.5651832818984985,1.3253850936889648
1.0610663890838623,0.12369053810834885,1.3609530925750732
0.4178203046321869,-0.2783253788948059,1.48307204246521
1.1853806972503662,-0.12063252925872803,0.810938835144043
0.3463857173919678,-0.1558019369840622,0.9567021727561951
0.343626469373703,-0.6391055583953857,1.3691964149475098
0.7464909553527832,-0.0029302388429641724,1.3061119318008423
0.8608766198158264,-0.22098177671432495,1.5804681777954102
0.5729302167892456,-0.4471784830093384,1.3589118719100952
1.247368574142456,-0.25062263011932373,1.3043756484985352
0.35835951566696167,0.17646516859531403,1.1406067609786987
0.8761811256408691,0.34613198041915894,0.7556567192077637
0.30448493361473083,-0.31293168663978577,1.1314423084259033
1.2085177898406982,-0.4048440754413605,0.9050469994544983
0.6586365699768066,-0.31813472509384155,1.3549631834030151
0.725583553314209,-0.9490137100219727,0.8187270760536194
0.4606841802597046,-0.3596842885017395,0.8261440992355347
0.31673291325569153,-0.648788571357727,0.440992534160614
1.0610893964767456,-0.21270203590393066,0.9938368797302246
1.184901475906372,0.03427252173423767,0.9125567674636841
1.2283331155776978,0.10597340017557144,0.9267369508743286
0.7796553373336792,-0.6680667400360107,0.6398410201072693
0.8375451564788818,-0.39792999625205994,1.2677987813949585
1.5189588069915771,-0.5370736718177795,0.7620005011558533
0.3162806034088135,0.1976701021194458,1.2712390422821045
1.3689926862716675,0.005608372390270233,0.8282269835472107
0.38514456152915955,-0.4423631727695465,0.83428555727005
0.8412134647369385,0.191694974899292,1.290158748626709
0.7119593024253845,-0.20797179639339447,1.4180352687835693
0.531444787979126,-0.017115119844675064,1.5383577346801758
0.5387591123580933,-0.8781939148902893,0.7395715713500977
1.0146198272705078,-0.8228663802146912,0.9566853046417236
1.261805534362793,0.07106933742761612,0.6813817024230957
1.0181879997253418,-0.182080939412117,1.4777870178222656
1.394557237625122,-0.20724083483219147,1.026619553565979
0.5543330907821655,0.285197377204895,0.7756481170654297
0.45426496863365173,-0.4119906425476074,1.1849907636642456
0.6670737266540527,-0.9358220100402832,1.0761926174163818
0.8224042654037476,-0.8183330297470093,1.366046667098999
0.08824696391820908,0.14237123727798462,0.8355047106742859
1.218976378440857,-0.04340396821498871,0.9403587579727173
0.8633978962898254,-0.8673927187919617,0.825069010257721
0.27209559082984924,0.02999488264322281,1.357628345489502
1.0001106262207031,-0.28666794300079346,1.3689717054367065
0.31236696243286133,-0.3845173418521881,1.0336586236953735
0.8155888915061951,-0.5963666439056396,1.4382808208465576
0.6700159907341003,0.4774424135684967,1.1656297445297241
1.117122769355774,-0.8093474507331848,1.286952018737793
1.0705024003982544,-0.08682702481746674,0.8746772408485413
0.27993106842041016,-0.6645383834838867,0.8739120364189148
1.1410092115402222,-0.2776912748813629,0.776522696018219
0.20080828666687012,-0.02976403385400772,1.1080491542816162
1.2623270750045776,-0.08310055732727051,1.0996344089508057
0.2693192660808563,-0.4563141167163849,1.1800944805145264
0.20777437090873718,-0.012192048132419586,1.032850980758667
0.715713620185852,-0.4876657724380493,1.2238078117370605
0.5694315433502197,0.03557921573519707,0.9222356081008911
1.0335745811462402,0.09734699130058289,1.335680365562439
0.4380049705505371,-0.06543932855129242,1.3994560241699219
0.59732985496521,-0.5215227603912354,0.7935144901275635
1.0456205606460571,-0.3998725414276123,1.2471611499786377
1.1759496927261353,0.1171799898147583,1.2796441316604614
0.6755868196487427,0.14004044234752655,1.3532381057739258
0.5305198431015015,-0.725753664970398,1.158246397972107
0.4843473732471466,-0.41717568039894104,0.9968266487121582
0.41857969760894775,0.0511285625398159,1.1586254835128784
0.790227472782135,-0.8544643521308899,0.9549510478973389
0.8489278554916382,0.08643034100532532,1.424713134765625
0.5954960584640503,-0.6174716949462891,1.2158312797546387
0.5763876438140869,-0.5090621113777161,0.7955860495567322
0.7521485686302185,-0.7873520851135254,0.5108286142349243
0.9658070206642151,-0.3488737940788269,1.276234745979309
0.2091623842716217,-0.15039537847042084,1.1685187816619873
1.304505467414856,-0.06517310440540314,0.7445260882377625
0.3678677976131439,-0.14249810576438904,0.9830981492996216
1.0160266160964966,0.047898635268211365,1.1815619468688965
0.49136319756507874,-0.8728989958763123,0.6964861154556274
0.23337434232234955,-0.04851255565881729,1.1663415431976318
0.8495748043060303,0.13846690952777863,0.8428933620452881
0.40202757716178894,-0.333354651927948,1.1105248928070068
0.2896147072315216,-0.23797598481178284,0.911828875541687
0.6368700265884399,-0.6592126488685608,1.0126423835754395
0.5876471996307373,-0.7280678749084473,1.311138391494751
0.7982003092765808,-0.45428454875946045,1.42109215259552
0.5932839512825012,-0.6697559952735901,1.45221745967865
0.633764922618866,-0.4481971561908722,1.5215498208999634
0.266742467880249,0.19706431031227112,1.1038782596588135
1.0043361186981201,0.035610638558864594,1.4444533586502075
0.4727576971054077,-0.28670117259025574,1.1220078468322754
0.46507227420806885,-0.8962864279747009,0.9345515370368958
1.0410735607147217,-0.5496355295181274,1.394239902496338
0.8719592094421387,-0.6894460916519165,1.3282681703567505
0.4123099446296692,0.02192753180861473,1.4336332082748413
0.09152074158191681,-0.3248082399368286,1.1815683841705322
0.62433922290802,-0.15461406111717224,1.4815775156021118
0.9228636026382446,0.04583115130662918,0.80083167552948
0.46621519327163696,-0.6194303035736084,1.3022685050964355
0.9127016067504883,-0.03895410895347595,1.4520069360733032
0.894775390625,-0.0282457172870636,1.3475637435913086
0.8454598188400269,0.03972722589969635,1.1077349185943604
0.3757873475551605,-0.2669731378555298,1.2602826356887817
0.17186886072158813,-0.3373663127422333,1.3357294797897339
0.4595947265625,-0.21846416592597961,1.3455398082733154
0.8099247217178345,-0.06943288445472717,1.2878868579864502
1.285125732421875,-0.7709102630615234,1.1336374282836914
0.8042416572570801,-0.06754305213689804,1.1658527851104736
1.3414281606674194,-0.690008282661438,0.6165895462036133
0.7306501269340515,-0.039786238223314285,0.8080404996871948
0.5663524866104126,-0.6006197333335876,1.0328165292739868
0.6332036852836609,0.15714938938617706,0.933407723903656
0.5640050172805786,0.08178481459617615,1.5066931247711182
0.18266302347183228,0.23768597841262817,0.9936061501502991
0.7508142590522766,-0.0735313817858696,1.22102689743042
0.5638089776039124,-0.746598482131958,1.2764275074005127
0.8034148216247559,-0.024425163865089417,1.4320756196975708
0.5805565118789673,-0.35696694254875183,1.5672218799591064
0.7055383324623108,0.24814391136169434,1.330153465270996
0.5739479660987854,-0.5021466016769409,0.8851048946380615
0.2459140419960022,0.23840218782424927,1.1825830936431885
1.1913678646087646,0.271413117647171,1.2889187335968018
0.3365224599838257,0.14752855896949768,1.1839576959609985
0.34333980083465576,0.2725532650947571,1.122304081916809
0.7923997640609741,-0.23053035140037537,1.211055040359497
0.5798625946044922,-0.228849858045578,1.1629770994186401
0.903982937335968,-0.31174609065055847,1.2267247438430786
0.24848102033138275,0.2262929081916809,0.9273041486740112
0.5826165676116943,-0.561181366443634,1.4415960311889648
0.6709058284759521,0.18162107467651367,1.1067562103271484
0.7047808766365051,-0.09362804889678955,1.5799238681793213
0.5494734048843384,0.1195569783449173,1.2165510654449463
1.3613132238388062,-0.4749565124511719,1.1407581567764282
0.39024120569229126,-0.08165261149406433,1.490403652191162
0.5417472720146179,-0.29352495074272156,0.7791950106620789
0.4501630663871765,-0.2810688018798828,0.8309860229492188
1.2480942010879517,-0.1964392364025116,1.3896607160568237
0.4633236527442932,0.1596289575099945,1.3699781894683838
0.601399838924408,0.2697032392024994,1.1443443298339844
1.1967273950576782,-0.21546801924705505,1.497123122215271
1.0680564641952515,-0.10629270225763321,1.1459187269210815
0.5135370492935181,0.30041852593421936,1.0335696935653687
1.2279493808746338,0.07546420395374298,0.8974264860153198
0.4329521358013153,-0.905633807182312,1.1208440065383911
0.5175010561943054,0.0843706727027893,1.2555197477340698
0.46642041206359863,-0.4281516671180725,1.2653484344482422
0.7247143983840942,0.20501165091991425,1.1546450853347778
0.3798394501209259,-0.10795200616121292,1.4522435665130615
0.7189980745315552,0.35587748885154724,1.2364556789398193
0.5207265019416809,-0.7397621870040894,0.6084952354431152
0.5716809630393982,-0.3594554662704468,1.3417534828186035
0.7143951058387756,-0.4216235876083374,1.460343837738037
0.49740371108055115,-0.0331016480922699,0.7645188570022583
0.4634777307510376,-0.30798429250717163,1.5241715908050537
0.5829949378967285,0.17303360998630524,1.3594675064086914
0.7108118534088135,-0.7957348823547363,1.3118013143539429
0.8105204701423645,0.0031974315643310547,1.3734997510910034
1.513890027999878,-0.11716145277023315,1.0134423971176147
0.5665298700332642,0.44090044498443604,0.9739620685577393
0.8661386370658875,-0.5045432448387146,1.4557172060012817
1.2642605304718018,-0.8658106923103333,0.9171143770217896
0.4550631642341614,-0.3986368477344513,1.290303111076355
1.247084140777588,-0.30806612968444824,0.5161130428314209
0.8021312952041626,0.18683704733848572,1.1408568620681763
0.438505083322525,-0.01546943187713623,1.2722194194793701
0.47544968128204346,-0.4913703203201294,0.7948505282402039
0.7625429034233093,0.22495250403881073,1.3999930620193481
0.7718445062637329,-0.035850293934345245,1.5006211996078491
1.2460689544677734,-0.3297306001186371,0.6833524703979492
1.3894227743148804,0.0029860902577638626,0.7524833679199219
0.29359135031700134,-0.4359210729598999,1.1375471353530884
0.3439876437187195,-0.2533978223800659,1.0968191623687744
0.2088588923215866,-0.43468374013900757,1.1573173999786377
0.8589673638343811,0.48228830099105835,1.1182875633239746
0.41064441204071045,-0.39013487100601196,1.4059114456176758
1.0393798351287842,0.16020402312278748,1.2005116939544678
0.2895717918872833,-0.305669903755188,0.8219351768493652
1.1450815200805664,-0.19043301045894623,1.3120238780975342
0.55778568983078,-0.17625054717063904,1.0096977949142456
0.9173249006271362,-0.029833447188138962,1.5350898504257202
0.7705991268157959,0.2753366231918335,1.040345311164856
0.9658664464950562,-0.8391751646995544,1.0855326652526855
1.3125213384628296,-0.18200966715812683,1.117053508758545
0.9252510666847229,-0.5216582417488098,1.3224290609359741
0.05440600961446762,-0.3241700232028961,1.0071661472320557
1.236208200454712,-0.6123695373535156,1.2876346111297607
0.036320194602012634,-0.2934549152851105,1.1025781631469727
1.2027932405471802,0.07796536386013031,1.3248393535614014
0.8896723985671997,-0.5779789686203003,1.4879862070083618
0.8114744424819946,0.11896360665559769,0.9969195127487183
0.7671285271644592,-0.8949634432792664,1.2598172426223755
0.37069833278656006,-0.09817132353782654,1.1036657094955444
0.8043606877326965,-0.6149886250495911,0.9724535942077637
0.6629328727722168,-0.07323309779167175,1.4992961883544922
0.3181386888027191,-0.2684275209903717,1.2622320652008057
1.092597246170044,0.09465058147907257,0.7743371725082397
1.2136114835739136,0.07671462744474411,0.7242327928543091
0.8863990902900696,0.059232667088508606,1.4533025026321411
0.5399007201194763,-0.4925987422466278,0.8269497752189636
1.1440682411193848,-0.39519330859184265,0.8208562731742859
0.7116316556930542,-0.5075457692146301,1.1788831949234009
0.6040114760398865,-0.20933063328266144,1.0983662605285645
0.702983021736145,0.2871285676956177,0.7890701293945312
0.7033288478851318,0.23120921850204468,1.3398892879486084
0.29685527086257935,-0.2685920298099518,1.18539559841156
0.7533994913101196,0.14594580233097076,1.036542534828186
1.2370233535766602,-0.23440001904964447,0.7994543313980103
1.0391113758087158,0.32164356112480164,1.3494616746902466
1.3218462467193604,-0.23622778058052063,1.0533180236816406
1.153020977973938,-0.2769164741039276,1.5266947746276855
0.6476184129714966,-0.18363365530967712,1.5778546333312988
0.21046850085258484,-0.14161381125450134,1.172308325767517
0.6907482743263245,0.17100396752357483,0.9481200575828552
0.130090594291687,-0.1957647055387497,1.0485451221466064
1.239551067352295,-0.08328075706958771,0.40445783734321594
0.5204939246177673,-0.9847880601882935,0.7796385288238525
1.1810327768325806,0.10640405118465424,1.292891025543213
0.9596760869026184,-0.14150285720825195,1.2805603742599487
0.2917294502258301,-0.47135594487190247,0.9569003582000732
0.6050194501876831,0.19715771079063416,1.333378791809082
0.48052096366882324,-0.28353625535964966,1.2982187271118164
0.2871365547180176,-0.06164143979549408,1.0385322570800781
1.38983154296875,0.1549747884273529,0.8809850215911865
1.1742504835128784,-0.44875892996788025,0.966275691986084
0.5550497770309448,0.1280840039253235,0.8619462251663208
0.4078812897205353,-0.20953437685966492,1.3905795812606812
1.085041880607605,0.15804383158683777,0.9153863191604614
0.25312191247940063,0.1269368678331375,1.2985056638717651
0.9004715085029602,0.07824762910604477,0.8575092554092407
0.9842352867126465,0.0038542859256267548,0.8002665042877197
0.653450608253479,-0.48648130893707275,1.4133011102676392
0.9277594685554504,-0.6783832907676697,1.2281370162963867
1.0626360177993774,-0.22327032685279846,1.5102262496948242
0.1398787796497345,-0.510827362537384,0.7652668952941895
0.30771058797836304,0.30088651180267334,1.0448185205459595
0.27785608172416687,-0.10188669711351395,0.9161063432693481
0.47203972935676575,-0.20271790027618408,0.8800464272499084
0.6729755997657776,-0.08526305854320526,1.2170109748840332
1.0339303016662598,0.0414508581161499,1.4501187801361084
1.2259317636489868,-0.7933562397956848,0.897587776184082
0.3189806044101715,-0.3556263744831085,1.1277923583984375
1.1305228471755981,-0.7021617293357849,1.260917067527771
0.6331377029418945,0.08073359727859497,1.0653988122940063
0.959534227848053,-0.2179986536502838,1.3716857433319092
0.8772479891777039,0.3034999668598175,1.2000173330307007
0.5684891939163208,-0.06636133044958115,1.3876283168792725
0.6917484998703003,-0.24036824703216553,1.266818881034851
0.8743457794189453,-0.8516688942909241,0.9570176005363464
1.1684304475784302,0.035338759422302246,0.6710976362228394
0.5023594498634338,0.24892354011535645,0.7792705297470093
0.8835835456848145,-0.6871782541275024,0.5807449817657471
1.1293545961380005,-0.14779293537139893,0.6776533126831055
1.153662919998169,-0.0025254935026168823,1.4800938367843628
0.8696215152740479,0.032132312655448914,1.4253675937652588
0.6780436635017395,-0.0990084856748581,1.510632872581482
0.5771245360374451,-0.7593436241149902,0.9497556686401367
0.4888586401939392,-0.40530940890312195,0.7789305448532104
0.5128648281097412,0.032928645610809326,0.9899038672447205
1.1813582181930542,-0.283011794090271,1.5103665590286255
0.4301631450653076,-0.792137622833252,0.8828033804893494
1.1228628158569336,-0.38020604848861694,1.5103439092636108
0.35798007249832153,-0.4088529646396637,0.865519642829895
0.5062075853347778,-0.10919319093227386,1.4967670440673828
0.5546240210533142,0.3407900631427765,1.0963740348815918
0.6259744167327881,0.2786186933517456,1.3419556617736816
0.7693687081336975,-0.7342873215675354,1.0759671926498413
0.8780771493911743,-0.6116372346878052,1.2696424722671509
0.45571887493133545,-0.5686973333358765,0.912503719329834
1.2626773118972778,-0.4946063756942749,0.8953093886375427
1.4489094018936157,-0.20249342918395996,1.2001906633377075
0.9891291260719299,0.01440516859292984,1.4546061754226685
0.858986496925354,-0.628571093082428,0.7698073387145996
1.4910019636154175,0.10775836557149887,0.7366113662719727
1.1093958616256714,-0.1629122793674469,1.2535005807876587
0.793813943862915,-0.40757426619529724,1.1513530015945435
0.1528921127319336,-0.2653602063655853,1.1316349506378174
0.6316031217575073,0.17029263079166412,1.1264408826828003
0.916253924369812,-0.35987237095832825,1.224981427192688
0.6409424543380737,-0.6665605306625366,1.4366397857666016
0.024944815784692764,-0.410126656293869,0.7985559701919556
0.27217984199523926,-0.19195511937141418,1.308184027671814
1.253406286239624,-0.2192380279302597,1.4458000659942627
0.3584962785243988,-0.15158507227897644,1.2104029655456543
0.91351717710495,-0.528876006603241,1.5416316986083984
1.0325781106948853,0.1270626336336136,0.8993548154830933
0.5017340183258057,-0.1905544400215149,0.7951476573944092
1.326101303100586,-0.16008011996746063,0.8612562417984009
0.5072863698005676,-0.44451192021369934,1.0475653409957886
0.37656545639038086,-0.6734925508499146,0.950572669506073
0.6272785067558289,-0.6973997950553894,1.3231611251831055
0.3395416736602783,-0.12384863197803497,1.0692682266235352
0.9897460341453552,0.1787152886390686,1.402729868888855
0.6679525971412659,0.29523801803588867,1.3464879989624023
1.1728384494781494,-0.6765713691711426,0.7532227039337158
0.2586602568626404,-0.030217982828617096,0.8162199854850769
0.4953548014163971,-0.5060019493103027,0.9326484799385071
1.0947850942611694,0.26005521416664124,1.0041371583938599
1.1252703666687012,-0.0480363704264164,1.1551462411880493
0.7236589193344116,-0.6915156841278076,0.8728023171424866
0.698021411895752,-0.4641677439212799,1.278981328010559
1.060665249824524,-0.33570387959480286,1.1985130310058594
0.3363981246948242,0.19213485717773438,1.3033580780029297
0.9902266263961792,-0.6542317867279053,1.153861165046692
0.670684278011322,0.021525375545024872,1.4378407001495361
0.385172963142395,0.2536088228225708,0.8147622346878052
0.5866198539733887,-0.5184104442596436,0.7863020896911621
0.5093613862991333,-0.13092747330665588,1.5372459888458252
0.2249417006969452,-0.47290506958961487,1.2514793872833252
1.3887293338775635,0.002049960196018219,0.9662414789199829
0.8745217323303223,0.45879805088043213,0.8798843622207642
0.6859937310218811,-0.10289634764194489,1.2615925073623657
1.0336158275604248,-0.8476235866546631,0.8992981314659119
1.1891796588897705,-0.16523702442646027,0.8540564775466919
0.45078426599502563,-0.03983058035373688,1.0771591663360596
1.0217422246932983,0.33027374744415283,1.110516905784607
0.6029013395309448,-0.48656147718429565,1.3776705265045166
1.1743736267089844,-0.1771106719970703,1.3892347812652588
1.2382465600967407,-0.04524489492177963,0.6491539478302002
0.3596932291984558,-0.34876909852027893,0.981533944606781
0.551688015460968,-0.6399327516555786,0.39519065618515015
0.42275571823120117,-0.16757455468177795,1.2867950201034546
0.7186917066574097,-0.5227029323577881,1.1936630010604858
1.1458553075790405,0.09545469284057617,1.1207547187805176
1.432056188583374,-0.2506262958049774,1.161224365234375
0.7580323219299316,0.08155354857444763,1.1887297630310059
0.7831872701644897,-0.6571493148803711,1.4319268465042114
0.5197849273681641,-0.0637444257736206,1.0473052263259888
0.3212772011756897,0.23154626786708832,1.0844897031784058
1.1334702968597412,-0.24316483736038208,0.8419996500015259
0.5589611530303955,-0.4112997353076935,1.2507069110870361
1.3574374914169312,-0.06732356548309326,0.49969130754470825
0.6103015542030334,0.3082035183906555,0.9687212705612183
0.5191918015480042,-0.3729025721549988,0.8076424598693848
0.43909719586372375,0.08576875925064087,1.3375428915023804
0.519227147102356,-0.07585156708955765,1.4859907627105713
0.9684977531433105,-0.8748133182525635,0.7260428071022034
0.6747279167175293,-0.3867073655128479,1.5708755254745483
1.0007920265197754,0.1601383537054062,0.8922842741012573
0.31130218505859375,0.1096193790435791,1.1108250617980957
1.138719916343689,-0.9606550335884094,0.8774822950363159
0.7950193285942078,0.012290135025978088,0.7600046396255493
0.6661777496337891,-0.0366879366338253,1.1507937908172607
0.9154786467552185,-0.4192711412906647,1.4820308685302734
0.624064564704895,-0.7067317962646484,1.243591547012329
0.9718295335769653,-0.20593607425689697,1.3345975875854492
0.6217868328094482,0.2676287293434143,1.3475197553634644
0.7672309875488281,-0.15176120400428772,1.2913944721221924
0.9111268520355225,0.38512909412384033,1.2558579444885254
0.681085467338562,-0.620270311832428,1.4655284881591797
0.7812618017196655,-0.3043186664581299,1.5423755645751953
1.2081046104431152,0.02951207011938095,1.0963114500045776
1.3139984607696533,-0.0050630122423172,1.2324292659759521
1.036943793296814,-0.11744412779808044,1.54114830493927
1.1407394409179688,-0.94977867603302,0.860522985458374
1.2636101245880127,-0.1099320650100708,1.2233307361602783
0.21956118941307068,-0.05510399490594864,1.0162699222564697
1.045668125152588,-0.9453372359275818,1.0208383798599243
0.6359381079673767,-0.7693392038345337,1.3373289108276367
0.9589508771896362,-0.5758177042007446,1.358757734298706
0.5564566850662231,-0.5332034826278687,1.3521754741668701
0.6226013898849487,-0.6513425707817078,0.9336886405944824
0.9028140306472778,-0.3882387578487396,1.5213741064071655
0.2831536531448364,-0.410642147064209,0.8077865839004517
1.0053963661193848,-0.6268678307533264,1.293656349182129
0.5202137231826782,-0.9896712899208069,0.7586575746536255
0.7781698703765869,0.04164867475628853,1.34640634059906
0.4018661379814148,-0.14730407297611237,0.808027982711792
1.0112518072128296,-0.4985169768333435,1.25767982006073
0.6504614353179932,-0.10596877336502075,1.4897352457046509
0.38200923800468445,-0.5817150473594666,1.0723416805267334
0.4541398882865906,-0.5809212923049927,1.396176815032959
1.1111972332000732,-0.26123887300491333,1.297987937927246
1.0406701564788818,-0.7076146006584167,1.096000075340271
0.6796983480453491,-0.5356208682060242,1.5119503736495972
1.248792290687561,0.16227468848228455,1.1564066410064697
0.8549744486808777,-0.034394048154354095,1.4347007274627686
1.0065678358078003,0.08533834666013718,0.9291529655456543
0.9981098771095276,-0.24009475111961365,1.2184386253356934
0.36161118745803833,0.3747352957725525,1.0487029552459717
0.3449711799621582,-0.1691528558731079,1.3706003427505493
0.6306148767471313,0.32697778940200806,1.220618724822998
0.852247953414917,0.42375123500823975,1.1956443786621094
1.4890056848526,-0.29380714893341064,1.1518141031265259
0.7094116806983948,-1.0184463262557983,0.9085960984230042
1.0453190803527832,-0.11912769824266434,1.0093543529510498
0.8640763759613037,-0.48366108536720276,1.3645174503326416
0.2538476884365082,0.22768177092075348,1.1094813346862793
0.7937706112861633,-0.9363499879837036,1.2112888097763062
0.4470568895339966,0.35801026225090027,1.23992919921875
0.5244407057762146,0.13617843389511108,0.8917590379714966
0.601421594619751,0.2095409631729126,0.9610393643379211
1.0809390544891357,-0.13920314610004425,1.209704875946045
0.6709933280944824,-0.7786121368408203,0.6815802454948425
0.7063853740692139,-0.5933837890625,0.814166784286499
0.9139933586120605,-0.10028605908155441,1.2010071277618408
1.041468858718872,-0.12750160694122314,1.3567159175872803
0.41795438528060913,-0.20357933640480042,0.8458502888679504
0.29142141342163086,-0.7394657731056213,1.142309308052063
1.1245990991592407,-0.2668406069278717,1.1519593000411987
0.6633294820785522,0.2177850604057312,1.164520502090454
0.8482846617698669,-0.40880224108695984,0.7647322416305542
0.6152953505516052,-0.5332260727882385,0.9471024870872498
0.8686333298683167,-0.1524181216955185,1.4638704061508179
1.0093878507614136,-0.7207885980606079,1.2278010845184326
0.5764421820640564,-0.731965959072113,0.9356154799461365
0.5790793895721436,0.4925059676170349,1.0030014514923096
0.632830023765564,-0.07616900652647018,1.5695070028305054
1.089792013168335,0.295036256313324,1.1726101636886597
0.6401923298835754,-0.8155744075775146,1.0659935474395752
0.5240950584411621,-0.18236711621284485,1.2834316492080688
0.5002076625823975,-0.32573986053466797,1.3203243017196655
0.4935853183269501,-0.8064625263214111,1.0328094959259033
0.6730620861053467,0.07095522433519363,1.4699474573135376
0.6070976257324219,-0.7972024083137512,1.1515929698944092
0.5370978116989136,-0.08829883486032486,0.9350888729095459
0.8425698280334473,0.07273834943771362,1.4593896865844727
0.9890146851539612,0.15413957834243774,1.4785574674606323
0.5760539770126343,0.07308745384216309,1.0968610048294067
1.24832022190094,-0.854362964630127,1.0962380170822144
0.673356831073761,0.24030311405658722,1.2779382467269897
0.9666996002197266,-0.22022883594036102,1.5350637435913086
0.6762659549713135,-0.35904282331466675,1.5063731670379639
0.44403722882270813,0.1308976262807846,1.329113245010376
0.2324313521385193,-0.21412239968776703,0.9428019523620605
0.9753061532974243,-0.8677011728286743,0.9207459092140198
0.5450473427772522,-0.9882818460464478,0.7513827085494995
0.16368983685970306,-0.2393285483121872,0.8040261268615723
1.1157881021499634,-0.9518728852272034,0.8533223867416382
0.9631258845329285,-0.7426430583000183,1.1538344621658325
0.9340704679489136,0.05106612294912338,1.4411758184432983
0.6296229958534241,-0.7534291744232178,0.469247967004776
0.8588844537734985,0.32839763164520264,1.3817895650863647
0.3809373378753662,0.1465730369091034,1.3791650533676147
0.4451531171798706,0.19171515107154846,1.169353723526001
0.8255838751792908,0.1695907860994339,0.8083211183547974
0.21675711870193481,0.22186902165412903,0.9116339683532715
0.3847782015800476,0.014860719442367554,1.3087712526321411
0.3602715730667114,-0.354290246963501,0.9233686923980713
0.5374094843864441,0.1335042119026184,1.2930585145950317
0.6885157823562622,-0.7473341226577759,0.9052649736404419
0.5980473160743713,0.05718434602022171,1.464320182800293
0.4646078944206238,-0.08078201860189438,1.4552022218704224
0.6456989645957947,-0.3349100351333618,1.4047843217849731
0.8132317662239075,-0.684544563293457,1.3797156810760498
1.20992910861969,-0.07393629848957062,1.393083095550537
0.8241521120071411,-0.28494399785995483,1.4911434650421143
1.1265192031860352,-0.23893946409225464,1.341262698173523
0.418129563331604,-0.35791900753974915,1.4393994808197021
0.5130350589752197,0.39124104380607605,0.8632435202598572
0.5098786950111389,-0.9751642942428589,1.0036845207214355
0.7149975299835205,-0.7927847504615784,1.3995344638824463
1.1176279783248901,-0.8733730912208557,0.5939302444458008
0.9573050141334534,0.0027242153882980347,1.400699496269226
1.1558986902236938,0.014567792415618896,1.078324794769287
0.5980786085128784,-0.3756412863731384,1.2854211330413818
0.40350237488746643,0.07559198886156082,1.2570950984954834
1.499706745147705,0.02068358287215233,1.0608574151992798
0.546647310256958,-0.7117148041725159,1.3168429136276245
0.9905757308006287,-0.23649214208126068,1.4446016550064087
0.21602188050746918,0.30466628074645996,0.8048204183578491
1.1169590950012207,-0.32853174209594727,0.7124008536338806
0.35015347599983215,-0.3451177477836609,1.301720380783081
1.0116711854934692,-0.11387063562870026,1.3791606426239014
0.5253877639770508,-0.11691947281360626,1.3346816301345825
0.3995431065559387,-0.19168534874916077,1.3636722564697266
0.9992873072624207,-0.5843116641044617,1.1568350791931152
0.18006420135498047,0.2450878620147705,0.761285126209259
0.4639202654361725,0.1496819704771042,1.007962703704834
0.9470839500427246,0.1994425505399704,0.9756611585617065
1.1948513984680176,-0.07784971594810486,1.4326283931732178
0.4497629404067993,-0.8631484508514404,1.0564711093902588
0.9777427315711975,-0.5440337061882019,0.8385120630264282
1.1659069061279297,-0.47237879037857056,0.6482976675033569
1.270086407661438,0.07790691405534744,0.7520923614501953
0.33663636445999146,-0.5485480427742004,1.1863696575164795
0.29040515422821045,-0.3200092315673828,0.7859069108963013
0.2722929120063782,0.05388765037059784,0.8338473439216614
1.408419132232666,-0.17505910992622375,0.6353515386581421
0.8219681978225708,-0.5124233365058899,1.2356035709381104
1.2139079570770264,0.2654819190502167,1.1533563137054443
1.3390171527862549,-0.6810956001281738,1.1870522499084473
0.753421425819397,-0.576453685760498,0.8338760733604431
1.1473695039749146,-0.8142843246459961,0.5581139922142029
0.808361828327179,0.18233893811702728,0.7787087559700012
0.8885717391967773,0.2375391274690628,0.935002326965332
1.2079167366027832,0.06009402871131897,0.6101438999176025
0.48060280084609985,-0.36988312005996704,0.8397806882858276
0.6124120950698853,-0.49860042333602905,1.3334330320358276
0.8533799648284912,-0.17571309208869934,1.5752172470092773
0.2296970933675766,-0.21027567982673645,1.3807307481765747
0.8966845870018005,-0.7168917059898376,0.9731879830360413
0.5522704124450684,0.08831147849559784,0.8904575109481812
0.8186292052268982,-0.3868532180786133,1.5632259845733643
0.8427237272262573,-0.5978304147720337,0.8061848878860474
0.4514409601688385,-0.5312111973762512,1.225888729095459
0.8850525617599487,0.3172684907913208,1.3040441274642944
0.3842447102069855,-0.6794081330299377,0.8602504730224609
0.9006859064102173,-0.5785165429115295,1.0502101182937622
1.212876558303833,-0.14054808020591736,1.4595441818237305
0.6693718433380127,0.1496429592370987,1.0678157806396484
0.6530246138572693,-0.5433725118637085,1.4856005907058716
0.785732626914978,0.013927120715379715,0.9541324973106384
0.5302711129188538,-0.7798747420310974,1.2785965204238892
1.1198821067810059,-0.579350471496582,1.4569346904754639
1.1803706884384155,-0.29242271184921265,0.7347269654273987
0.991303026676178,-0.8689495921134949,1.1863794326782227
0.41267648339271545,-0.1315319538116455,1.1414915323257446
0.99643874168396,-0.3890296220779419,1.0220929384231567
1.2613037824630737,0.33257684111595154,1.028891921043396
1.146592378616333,-0.18801575899124146,0.8232635259628296
1.4781368970870972,-0.038067273795604706,0.6508989334106445
0.8802896738052368,-0.21013398468494415,1.271476149559021
1.0687870979309082,-0.7042244672775269,0.9386510848999023
0.4244782328605652,0.3696988523006439,1.1638295650482178
1.2237643003463745,0.32664182782173157,1.1587982177734375
0.27036383748054504,-0.005641743540763855,1.353047251701355
0.8566253781318665,0.21113912761211395,0.9135252237319946
1.0330559015274048,-0.9335033297538757,1.0834909677505493
1.0817692279815674,0.12022499740123749,1.348860502243042
0.3324229419231415,-0.5207406282424927,1.0840636491775513
0.7643705010414124,-0.430215448141098,1.135053277015686
0.9668688774108887,0.18528948724269867,1.4301118850708008
0.6818257570266724,-0.27205079793930054,1.1578404903411865
0.3385605216026306,-0.6078937649726868,0.7543747425079346
0.12228044867515564,-0.11665618419647217,0.773208498954773
0.8999289274215698,-0.808607816696167,1.1268669366836548
1.5547486543655396,-0.21259641647338867,1.0307753086090088
0.7833877801895142,0.03662845492362976,1.2854266166687012
0.9312541484832764,0.16444498300552368,1.0031497478485107
0.2756620943546295,-0.48943275213241577,1.3549487590789795
0.8260537385940552,-0.7555967569351196,1.3443607091903687
1.2713992595672607,0.24749615788459778,1.0817722082138062
0.7380349636077881,-0.9644282460212708,1.1274335384368896
0.32990264892578125,0.24829518795013428,0.8859413862228394
0.7448526620864868,0.17691053450107574,0.8514233827590942
1.3004597425460815,-0.03945636749267578,1.217708945274353
0.42658427357673645,-0.5198764801025391,0.9256085157394409
0.3767746686935425,-0.8942645788192749,1.0455609560012817
0.4793831408023834,-0.4712408483028412,1.4890496730804443
1.2749640941619873,-0.3823278844356537,1.0408129692077637
0.5212562084197998,-0.17901058495044708,1.319997787475586
0.7051311731338501,-0.4103020429611206,1.4635802507400513
0.6004371047019958,-0.11847496032714844,1.309726357460022
0.9332900643348694,-0.6868525743484497,1.237693190574646
0.9776402115821838,-0.8043438196182251,0.6439045667648315
1.1991043090820312,-0.14429032802581787,0.7875558137893677
0.31822097301483154,-0.6540189385414124,1.1130244731903076
0.34499308466911316,-0.2536620795726776,1.485814094543457
0.5021949410438538,-0.3443121314048767,1.1639896631240845
0.700792670249939,0.02693933993577957,1.2966139316558838
0.6536810398101807,0.4514104127883911,0.859660267829895
1.0069735050201416,-0.8274815082550049,0.9002768993377686
0.781448245048523,-0.6582521200180054,0.7372192144393921
1.1652390956878662,-0.6298730373382568,0.733630895614624
0.8232357501983643,0.4173598885536194,0.8965775966644287
0.3818594217300415,0.029827691614627838,1.4308573007583618
0.9784960746765137,-0.5931127071380615,1.1223045587539673
1.2087455987930298,-0.43323755264282227,1.3420381546020508
1.2577097415924072,-0.40681275725364685,1.0750114917755127
1.3702092170715332,0.22502785921096802,1.1509214639663696
0.33449313044548035,0.08885525166988373,1.2766681909561157
0.8458737730979919,0.25561293959617615,0.8966919779777527
0.2934856116771698,-0.22428128123283386,1.3230658769607544
0.9900884032249451,-0.7333841323852539,1.23099684715271
0.502347469329834,-0.6945169568061829,1.4006725549697876
1.153518557548523,-0.5414559245109558,1.3103975057601929
0.8014607429504395,-0.5678945779800415,1.1637325286865234
1.0837515592575073,-0.11814174056053162,1.2598247528076172
0.6632574796676636,0.4461366832256317,1.04964017868042
0.9984281063079834,-0.4057426154613495,1.552469253540039
0.5900752544403076,-0.6114559769630432,0.7856914401054382
0.5718819499015808,-0.498607337474823,1.5293744802474976
0.7982123494148254,-0.16207395493984222,1.3701475858688354
1.1164323091506958,-0.22209542989730835,1.2783699035644531
1.1417933702468872,-0.48004329204559326,0.6508442163467407
0.5656859874725342,-0.6035040020942688,1.4934864044189453
1.1922128200531006,-0.1418863832950592,1.3083187341690063
0.634422242641449,-0.17530407011508942,1.089876413345337
0.539164662361145,-0.5385158658027649,1.5047458410263062
1.0341014862060547,0.15071232616901398,0.765512228012085
0.6262646317481995,-0.36399051547050476,1.2165436744689941
0.8800709247589111,-0.005737274885177612,1.037630319595337
0.662595808506012,0.09305231273174286,1.3374950885772705
0.1908210664987564,-0.5630545020103455,0.8319225907325745
0.9228402376174927,-0.743577241897583,0.7124019265174866
0.9692155122756958,-0.20207510888576508,1.5112783908843994
0.8279697299003601,0.031675491482019424,1.2654023170471191
0.3786601126194,-0.8538888692855835,0.8412638902664185
0.7205283641815186,-0.8614665269851685,1.1896326541900635
1.293806552886963,-0.30008357763290405,1.2506797313690186
0.9978614449501038,-0.5280946493148804,1.4592256546020508
1.054514765739441,-0.3321634829044342,1.5524559020996094
0.38770145177841187,0.017884455621242523,1.005904197692871
0.34078872203826904,-0.19397017359733582,0.7730139493942261
0.5719741582870483,-0.34990400075912476,0.7776893973350525
0.5981791019439697,-0.745065450668335,1.1484739780426025
0.8423585891723633,-0.8174943923950195,1.2910617589950562
0.9094362854957581,-0.7245258688926697,1.3115047216415405
0.20613598823547363,-0.18691842257976532,0.815880537033081
0.9268029928207397,-0.7138975262641907,0.890453577041626
1.2843518257141113,-0.2804860770702362,0.9977904558181763
1.192236304283142,-0.3544662594795227,1.2985776662826538
0.7799364328384399,-0.7340102195739746,1.1232420206069946
1.4755781888961792,-0.37728357315063477,1.1818830966949463
0.28330129384994507,-0.6275640726089478,0.8678328990936279
1.4204703569412231,-0.5115830898284912,1.1567292213439941
0.8804741501808167,0.3264375329017639,0.8154461979866028
1.2587082386016846,-0.4041033089160919,0.7052726149559021
0.6286305785179138,-0.3054397404193878,1.5780446529388428
0.7424072027206421,-0.863252580165863,0.4899529218673706
0.5805909633636475,-0.21904802322387695,1.2211408615112305
0.5633561611175537,-0.25256696343421936,1.2025320529937744
0.7967267632484436,0.22544482350349426,1.1239771842956543
0.8592242002487183,-0.6524811387062073,1.2776812314987183
0.5565200448036194,-0.4933639466762543,0.8539012670516968
1.3430064916610718,-0.3604593276977539,0.6368662118911743
0.6868805885314941,-0.42548656463623047,1.3389164209365845
0.9179143905639648,-0.017106302082538605,1.233382225036621
1.0196853876113892,-0.8483776450157166,0.6047366857528687
1.1395626068115234,-0.7149688005447388,0.8093061447143555
0.5139217376708984,-0.2702139616012573,1.3334617614746094
1.0260591506958008,-0.6936370134353638,1.4374815225601196
0.5886290073394775,-0.35577988624572754,1.303476333618164
1.0627244710922241,-0.47217506170272827,1.366602897644043
0.9555726051330566,-0.8050613403320312,1.2339128255844116
0.47381776571273804,0.09750693291425705,1.291273832321167
0.8437409400939941,-0.10135125368833542,1.565887451171875
0.4175812900066376,0.00493134930729866,1.0774383544921875
1.3506306409835815,0.09872498363256454,0.8748947381973267
1.2461906671524048,0.22873297333717346,1.1197741031646729
0.4965575337409973,-0.37759044766426086,0.8074804544448853
1.1301183700561523,0.46396350860595703,0.7428326606750488
0.8172299265861511,-0.19401413202285767,1.3460562229156494
1.2015800476074219,0.3842058777809143,1.08963942527771
0.8958573341369629,-0.2296198308467865,1.5415496826171875
1.0590364933013916,-0.5021698474884033,0.7861526608467102
0.9826489686965942,-0.10708378255367279,1.1548361778259277
1.1476677656173706,-0.10939803719520569,0.9353392720222473
0.8192499876022339,-0.5957685708999634,0.43463778495788574
0.6115599870681763,-0.9799284934997559,1.0908150672912598
0.6143144965171814,0.004224445670843124,0.8462671041488647
0.7560155987739563,-0.12727899849414825,1.5744136571884155
0.9644782543182373,-0.6393080353736877,0.41838064789772034
0.7966005802154541,-0.5071583986282349,1.4861844778060913
0.9185676574707031,-0.8688365817070007,1.1051806211471558
0.9946278929710388,0.061844125390052795,1.1277658939361572
1.1655230522155762,0.14954185485839844,1.3571414947509766
0.6919957399368286,0.2239646017551422,1.4304159879684448
1.2555973529815674,0.1275070756673813,1.2121366262435913
0.9919835329055786,-0.17802739143371582,1.418257474899292
0.7828723192214966,0.3447752296924591,1.13407564163208
1.2990531921386719,-0.15662236511707306,1.24791419506073
0.6793389916419983,0.1683885157108307,1.4834105968475342
0.45418626070022583,0.16966252028942108,1.0051000118255615
0.47871437668800354,-0.5768676400184631,1.1007169485092163
0.25042152404785156,-0.03900585323572159,1.306025505065918
0.8297719359397888,-0.5803872346878052,1.2426856756210327
0.37962213158607483,-0.7216651439666748,1.2987669706344604
1.0790122747421265,-0.8537091016769409,0.905030369758606
1.059827446937561,-0.5230101943016052,1.160182237625122
0.5097472071647644,0.007950372993946075,0.7716670036315918
1.2461230754852295,0.40643373131752014,0.9614911079406738
0.892265260219574,0.10477587580680847,0.8987050652503967
0.9017032384872437,-0.6996279358863831,0.5767307877540588
0.32183048129081726,-0.49289825558662415,1.0831453800201416
0.38361412286758423,-0.5429486632347107,1.3112391233444214
0.9692223072052002,-0.14420197904109955,1.5101993083953857
0.10564525425434113,-0.30555933713912964,1.1174758672714233
0.3052450716495514,-0.5424043536186218,1.334259033203125
1.0253949165344238,-0.035457756370306015,0.8309125304222107
0.3073021173477173,-0.07647788524627686,1.0506662130355835
1.4416077136993408,-0.19157318770885468,0.8876291513442993
0.575954794883728,-0.23621508479118347,1.3752607107162476
1.016592025756836,0.5125254392623901,0.8107715845108032
0.3333044648170471,-0.11304971575737,0.8842067718505859
0.4231972098350525,-0.6780298948287964,0.6185345649719238
1.263139247894287,-0.5811037421226501,1.0541797876358032
0.978486180305481,-0.30493348836898804,1.5733561515808105
0.6209481954574585,-0.3952910304069519,1.4844719171524048
0.9947171211242676,-0.9084057211875916,0.8645032048225403
0.9701864123344421,-0.4794604182243347,1.2451790571212769
0.678036093711853,0.13919803500175476,1.404341459274292
0.39080074429512024,0.16986505687236786,1.184795618057251
1.2425936460494995,0.03688790649175644,0.8661961555480957
1.186536431312561,-0.7790152430534363,0.9975067973136902
0.5214935541152954,-0.2721753716468811,1.304121971130371
1.0331372022628784,-0.7397637963294983,1.3344361782073975
0.5239067673683167,-0.13155096769332886,1.3668931722640991
0.4960523843765259,-0.27881091833114624,0.8700631856918335
0.05013643577694893,-0.024959275498986244,0.7686943411827087
0.796723484992981,-0.7668794989585876,0.7023091316223145
1.1142257452011108,-0.9599920511245728,0.7435983419418335
1.2071954011917114,-0.4891646206378937,0.4599035978317261
0.2461022436618805,-0.2214897871017456,1.1673998832702637
0.9887762069702148,-0.15871652960777283,1.0470914840698242
0.5374653935432434,-0.06193992495536804,1.319657325744629
1.0432345867156982,-0.8406124114990234,1.3135912418365479
0.49104222655296326,-0.42996159195899963,0.9644436836242676
0.5261839032173157,0.22196607291698456,1.3836783170700073
0.5017450451850891,-0.4562753438949585,1.060196042060852
0.9983485341072083,0.33847421407699585,0.9521052241325378
0.4219631552696228,-0.6443130373954773,1.1141281127929688
0.5269293785095215,-0.05292186141014099,1.4439257383346558
0.7382155656814575,-0.1511911153793335,1.5673731565475464
1.2827399969100952,-0.10693888366222382,0.9420948028564453
1.2021602392196655,-0.3832300901412964,0.7838141322135925
0.9529935717582703,0.13990652561187744,0.7518671751022339
0.8477961421012878,-0.8095377087593079,0.8118573427200317
1.041167974472046,-0.214788019657135,1.195206642150879
0.6439375877380371,0.028363794088363647,1.177430510520935
1.02294921875,-0.360567182302475,1.0486944913864136
0.4751501679420471,0.13032053411006927,1.3109335899353027
0.6913090348243713,0.2545144259929657,1.0153645277023315
0.7103181481361389,-0.7333933115005493,1.3715941905975342
0.36500993371009827,0.0019112080335617065,1.301644206047058
0.6499150991439819,0.021146919578313828,0.9256725907325745
0.8067166805267334,-0.6878340244293213,0.6308186650276184
1.4587211608886719,-0.1990719437599182,1.0529934167861938
1.0500702857971191,-0.3365018665790558,1.2699636220932007
1.084740161895752,-0.43455740809440613,1.1397374868392944
0.6301326751708984,-0.34541791677474976,1.5727667808532715
0.548973798751831,0.1783883273601532,0.9564002752304077
0.10717572271823883,-0.4136204123497009,1.195507287979126
0.7153692245483398,-0.3772466480731964,1.5035187005996704
1.3721864223480225,-0.46188807487487793,1.3232640027999878
0.5521117448806763,-0.457217276096344,1.516067385673523
0.7369975447654724,-0.6824663877487183,0.3940153419971466
1.5290037393569946,-0.4937427341938019,0.7422432899475098
0.8932024240493774,-0.44243621826171875,1.385025143623352
0.5461934804916382,-0.5245373845100403,1.2754442691802979
1.1378390789031982,0.2998437285423279,0.6925702095031738
0.22945371270179749,-0.7411890029907227,0.9117933511734009
0.7742507457733154,-0.7945391535758972,0.9661020040512085
0.9105784893035889,0.20256578922271729,1.3148661851882935
0.16339504718780518,-0.38031071424484253,0.810555100440979
0.35423046350479126,-0.2980383634567261,1.3379318714141846
0.31081077456474304,-0.05246802046895027,1.0053309202194214
0.45601871609687805,-0.5634483098983765,0.9140346050262451
0.49909403920173645,-0.6306578516960144,0.9852838516235352
0.13743150234222412,-0.3458682596683502,1.1451139450073242
0.540890634059906,-0.48951399326324463,1.2947413921356201
0.7557827830314636,0.4962158203125,0.9326171278953552
0.7001526355743408,-0.6538128852844238,0.5501132011413574
0.46557098627090454,0.11146044731140137,1.2590265274047852
0.8963382244110107,-0.7090339660644531,1.15117347240448
0.2540685534477234,0.059751689434051514,1.175295114517212
1.1707088947296143,-0.08176569640636444,1.2309362888336182
0.507631242275238,-0.0800553560256958,1.3047332763671875
1.1000635623931885,-0.7325645089149475,0.593535304069519
0.7125217318534851,-0.650115966796875,1.0058646202087402
0.19166386127471924,0.1437392234802246,1.1712485551834106
0.6360245943069458,0.04644312709569931,0.8525174856185913
1.0078110694885254,-0.0015810765326023102,1.2590532302856445
0.31261032819747925,-0.796630322933197,0.8041399717330933
0.5484387874603271,-0.5170406103134155,0.9579998850822449
0.8506961464881897,0.34688910841941833,1.028098702430725
0.6831215620040894,-0.5599902272224426,1.4043477773666382
0.8599677085876465,-0.6207547187805176,1.3889119625091553
0.9425749778747559,-0.07522797584533691,1.524753451347351
0.6438766717910767,-0.30821117758750916,1.141755223274231
0.583746075630188,-0.4806349575519562,0.7811272740364075
0.5588107109069824,-0.509011447429657,1.0766125917434692
0.9716649055480957,0.5016183853149414,1.061819314956665
0.6479503512382507,0.22767433524131775,1.055881381034851
0.1519743651151657,-0.6618636846542358,1.0431416034698486
1.049424648284912,-0.5967224836349487,1.2761759757995605
0.8938626050949097,0.1764020025730133,1.2698018550872803
0.4598522186279297,-0.3809521496295929,0.9435287714004517
0.40527141094207764,-0.015939705073833466,1.1904209852218628
0.7890682220458984,-0.36241021752357483,1.550655484199524
0.665029764175415,0.2125864028930664,1.1537506580352783
0.5521754622459412,-0.8446436524391174,1.304989218711853
0.1702919453382492,-0.5046615600585938,1.0165414810180664
1.1261074542999268,0.10811374336481094,1.0845069885253906
0.4161660075187683,-0.2238733470439911,1.4954869747161865
0.6200170516967773,-0.7539139986038208,1.259613037109375
0.9978867769241333,0.20883643627166748,1.4206658601760864
1.329735279083252,-0.02069484069943428,1.2055870294570923
0.6075119376182556,-1.0020273923873901,0.9320046305656433
0.2819555401802063,-0.09782449156045914,1.339071273803711
1.535313367843628,-0.32078030705451965,1.107866883277893
0.8577694296836853,-0.27201005816459656,1.3718485832214355
0.8698492050170898,-0.7612104415893555,0.8761395215988159
0.315493643283844,0.00698389858007431,1.234166145324707
0.49369633197784424,-0.49272212386131287,1.0758593082427979
0.5788365602493286,-0.6843550205230713,1.2416106462478638
0.43996304273605347,-0.00477205216884613,1.0242899656295776
0.5351239442825317,-0.6386070251464844,0.7725427150726318
0.8529672622680664,0.07813108712434769,1.5346879959106445
0.8075501918792725,-0.10287535935640335,1.102758765220642
0.667457103729248,-0.8776854276657104,1.1369808912277222
0.49126681685447693,-0.7802311182022095,1.3445136547088623
0.04014576971530914,-0.3153038024902344,1.1033904552459717
0.3175983428955078,-0.42815926671028137,1.347299337387085
0.6312609910964966,-0.04630619287490845,0.7603209018707275
0.52666836977005,-0.43531280755996704,0.8695499897003174
0.602844774723053,-0.48250555992126465,1.1674120426177979
1.199214220046997,0.17310716211795807,1.065748929977417
0.9967721104621887,-0.5743030309677124,1.4710088968276978
0.6032199859619141,0.17164993286132812,1.0379161834716797
0.8884034752845764,0.15896472334861755,1.4134669303894043
0.7816044092178345,-0.857365071773529,0.9393333792686462
0.5792979001998901,-0.2359103411436081,1.2825347185134888
0.5870764255523682,-0.5584815740585327,0.8306628465652466
0.24294957518577576,0.32912737131118774,0.8060169219970703
0.48731058835983276,-0.9659090042114258,0.7370105981826782
0.7314807772636414,0.09014791250228882,1.1800570487976074
0.48688259720802307,-0.444694459438324,0.7870302200317383
0.9615323543548584,-0.7571755051612854,0.48724281787872314
0.40648144483566284,0.016664564609527588,1.3185701370239258
0.9026975631713867,-0.07221576571464539,1.3150420188903809
0.48831117153167725,-0.5908392667770386,0.8969413042068481
1.0767674446105957,-0.871209979057312,0.5088390707969666
0.9141930341720581,0.1957499086856842,1.4687628746032715
0.3137217164039612,-0.016131486743688583,1.2826879024505615
0.6754642128944397,0.4236299395561218,1.1613233089447021
0.8253123760223389,0.4162265956401825,1.1071929931640625
0.516555666923523,-0.47025978565216064,0.7616667151451111
0.9418199062347412,-0.8873569369316101,0.9532198905944824
0.6925010681152344,-0.8785440325737,1.144106149673462
1.2458035945892334,0.17924615740776062,0.989197850227356
0.36765214800834656,-0.07146739959716797,1.3852237462997437
0.5920689105987549,-0.38899341225624084,1.5503965616226196
1.0432156324386597,0.1724427342414856,1.3882417678833008
0.9722502827644348,-0.8575783371925354,1.2141844034194946
0.605080246925354,-0.5061594247817993,1.184442400932312
0.7129220366477966,0.051830314099788666,0.8353434205055237
1.2210749387741089,-0.9060267806053162,0.9971376061439514
0.7073227167129517,-0.4371436536312103,1.565416693687439
0.3152925968170166,0.01047547161579132,0.7711547613143921
0.7882512807846069,-0.6719661951065063,1.284835934638977
1.3286141157150269,-0.13701416552066803,0.605124831199646
0.31530988216400146,-0.37686118483543396,1.3385286331176758
0.2403690665960312,0.015090137720108032,1.3566138744354248
0.5442571640014648,0.4677760899066925,1.0969657897949219
0.6433286666870117,-0.4230431020259857,1.4904407262802124
1.149445652961731,-0.19498330354690552,1.4135123491287231
0.5269908308982849,0.17941498756408691,1.4151175022125244
1.0986438989639282,-0.9018109440803528,0.7986249923706055
0.7807066440582275,-0.9896520376205444,1.0996572971343994
1.098548173904419,0.1321984976530075,1.1462854146957397
1.0286478996276855,-0.2783781588077545,1.0547157526016235
0.9983100295066833,-0.07304131984710693,0.8016344308853149
0.26779013872146606,-0.6014692187309265,0.9793775081634521
1.1399316787719727,-0.35749250650405884,0.9978034496307373
0.7090474963188171,0.007674671709537506,1.5216038227081299
0.6284759044647217,-0.03600527346134186,1.3716347217559814
1.0948903560638428,-0.8742807507514954,1.1708643436431885
0.1452038288116455,-0.26966285705566406,0.947981059551239
0.7676723003387451,-0.9746321439743042,0.7179839015007019
0.6702633500099182,-0.21080604195594788,1.5710936784744263
0.9318733215332031,-0.8735406994819641,0.6574008464813232
0.9354816675186157,-0.7408071756362915,1.2863731384277344
0.4036429524421692,-0.6397231817245483,1.0318677425384521
0.9194086790084839,0.3164201080799103,0.9606959223747253
0.38158780336380005,-0.5885920524597168,1.0081675052642822
1.2524776458740234,-0.31630223989486694,0.715203583240509
0.720014750957489,0.008725941181182861,1.4208920001983643
0.6050271987915039,-0.32455992698669434,1.3524469137191772
0.659608006477356,-0.6227455139160156,1.3443373441696167
0.5081937909126282,-0.6076563000679016,0.8777814507484436
0.5534240007400513,-0.06052546575665474,0.9265521168708801
0.8527556657791138,-0.7487802505493164,0.5710567831993103
0.7432416081428528,-0.4317590594291687,0.8637926578521729
0.7218663096427917,-0.792977511882782,0.8682535886764526
0.7435683012008667,-0.2582833766937256,1.5634721517562866
1.0719841718673706,-0.3638117015361786,1.5299303531646729
0.430120050907135,-0.5155748724937439,1.1166213750839233
0.6505956649780273,-0.5761482119560242,0.9658801555633545
0.4774220585823059,-0.06787389516830444,0.9748408198356628
0.3272560238838196,-0.26518893241882324,0.8471428155899048
0.45005905628204346,-0.4631168842315674,1.1772558689117432
1.2229716777801514,-0.2899356186389923,1.3979343175888062
0.4671838581562042,-0.2609979510307312,1.0807158946990967
0.5716122984886169,0.016225576400756836,1.2447528839111328
0.5007132291793823,-0.39747458696365356,1.3538720607757568
1.2655364274978638,-0.0612245574593544,1.426453709602356
0.4657658040523529,-0.14220920205116272,0.8326205015182495
0.28424564003944397,-0.4034288823604584,1.214983344078064
0.7649036645889282,-0.8538305163383484,1.1093854904174805
0.6596492528915405,-0.5955694317817688,1.3832812309265137
0.3525940477848053,0.0062257833778858185,1.4315344095230103
1.333436369895935,-0.6153737902641296,1.1004843711853027
1.2258214950561523,-0.038413774222135544,0.9727253913879395
0.12668773531913757,-0.23662516474723816,1.1365506649017334
0.9398514628410339,-0.8152053952217102,1.3128596544265747
1.323767900466919,-0.24223482608795166,1.26524817943573
1.2103464603424072,-0.32445967197418213,0.7389121651649475
1.0303125381469727,0.13145656883716583,0.9246504306793213
1.1356585025787354,-0.21281370520591736,0.4072769284248352
0.4482538402080536,-0.4395412802696228,1.16407310962677
0.37200766801834106,-0.27913036942481995,1.3624253273010254
1.0091696977615356,-0.4381120502948761,0.9940067529678345
0.8442881107330322,0.31557697057724,0.9017133116722107
0.7292598485946655,-0.513093113899231,0.8645673990249634
1.3056080341339111,0.08402957767248154,1.0767822265625
0.3225726783275604,-0.116728276014328,1.340750813484192
1.2901573181152344,-0.3504236936569214,1.4344522953033447
0.8330385684967041,-0.6276296973228455,1.320319652557373
0.6929669380187988,0.2157859355211258,1.0734261274337769
1.0984909534454346,-0.2512528598308563,1.5317364931106567
1.2502448558807373,-0.11099091172218323,1.3706564903259277
1.0179476737976074,0.2611856758594513,1.342421293258667
0.6734530925750732,-0.8690944910049438,1.3039660453796387
1.2099641561508179,-0.23413795232772827,0.6260738968849182
0.788749635219574,-0.3709453046321869,1.565096378326416
0.8459638357162476,-0.04793998599052429,1.4139251708984375
1.0660510063171387,0.09983482956886292,1.3228204250335693
0.5166671276092529,-0.5244153738021851,1.1774308681488037
0.7157173752784729,-0.34970858693122864,1.1716301441192627
0.5679365992546082,-0.4183448553085327,0.9843097925186157
0.8260732889175415,0.1348579227924347,0.9977847337722778
1.0065538883209229,0.1451403796672821,1.2685346603393555
0.7427085638046265,-0.02369292825460434,1.0846061706542969
0.593732476234436,0.14657630026340485,1.403364896774292
0.6676662564277649,-0.0368707999587059,1.5620256662368774
0.4273798167705536,-0.028808141127228737,0.8925526738166809
0.9258350133895874,0.26253265142440796,0.9361030459403992
0.6575837731361389,-0.5672094225883484,1.1843609809875488
0.22267360985279083,-0.25994473695755005,0.8397533297538757
0.740708589553833,0.2409675419330597,0.8653730750083923
0.8191494941711426,0.27773207426071167,1.4231833219528198
0.5464661121368408,-0.10821188241243362,1.4692497253417969
0.3835001289844513,-0.33678171038627625,0.8353596329689026
0.8254154920578003,-0.5204564929008484,0.7931526899337769
0.006719700992107391,-0.40324848890304565,0.9456968307495117
0.717716634273529,-0.7126418948173523,0.6183438897132874
1.2361451387405396,-0.6885288953781128,0.9204524755477905
0.4357995390892029,-0.41323745250701904,1.2134406566619873
0.4171304702758789,-0.2588798701763153,1.318695306777954
0.9554252028465271,-0.46270743012428284,1.4664925336837769
0.9624902009963989,-0.21683862805366516,1.0635290145874023
0.9930041432380676,-0.7526577115058899,1.2759736776351929
0.9207293391227722,0.22064563632011414,0.9592859148979187
0.9231850504875183,-0.43235188722610474,1.1713722944259644
0.13144974410533905,-0.4836153984069824,1.2314870357513428
1.1575250625610352,-0.15111307799816132,1.041414499282837
1.2164788246154785,-0.12438958138227463,1.0761637687683105
1.0071673393249512,-0.17292726039886475,1.4417437314987183
0.38531410694122314,0.3165475130081177,0.9346261024475098
1.5464648008346558,-0.42516160011291504,0.7324119806289673
0.241161048412323,0.022462472319602966,1.0433660745620728
0.597822368144989,-0.6750850081443787,1.160567283630371
0.9823970794677734,-0.07009351253509521,1.3344595432281494
0.3853497803211212,0.07448189705610275,0.9051328897476196
1.0111329555511475,0.31133216619491577,1.2688708305358887
1.1697916984558105,0.02608495205640793,1.1346651315689087
0.6475301384925842,-0.6375389099121094,0.8859143853187561
0.6793011426925659,0.24906519055366516,0.7767192125320435
0.41353753209114075,0.14467617869377136,1.3710086345672607
0.4782150387763977,-0.4842190146446228,1.172458291053772
0.4932026267051697,-0.5292136073112488,0.9927696585655212
0.335868775844574,-0.3308677673339844,1.4665637016296387
0.6646333932876587,-0.41912585496902466,1.1636064052581787
0.9454953074455261,0.1680668741464615,0.9691060185432434
1.144721269607544,0.024803871288895607,1.2685335874557495
0.4125291109085083,0.24760808050632477,1.3224703073501587
0.4179403781890869,-0.08364497125148773,1.3511003255844116
0.46830183267593384,-0.5913482904434204,0.775018036365509
1.2330143451690674,0.09469500929117203,0.8416022658348083
0.13822127878665924,-0.6500593423843384,0.9806205630302429
0.3276115953922272,-0.6425648331642151,0.5810041427612305
1.2931337356567383,-0.20926593244075775,1.1498055458068848
1.0817049741744995,0.0077757686376571655,0.7741367220878601
0.9064497351646423,-0.48821592330932617,1.5451955795288086
0.557703971862793,0.08599989116191864,1.2880173921585083
0.7154976725578308,0.1880054473876953,0.9943865537643433
1.0344197750091553,-0.14040696620941162,1.222153663635254
0.6524271368980408,-0.8470236659049988,0.991786777973175
0.5089625120162964,-0.8244560956954956,1.1730201244354248
0.18391574919223785,-0.11471251398324966,1.2922028303146362
0.4679633378982544,0.03134003281593323,1.121579885482788
0.5101333856582642,0.44622671604156494,0.9068099856376648
1.4249383211135864,-0.2568216323852539,1.1886742115020752
0.2432284653186798,-0.5385118126869202,1.2383733987808228
1.2709057331085205,0.026592206209897995,0.7613064646720886
0.4370144009590149,-0.0031595826148986816,1.4420742988586426
0.45548880100250244,-0.5664472579956055,1.2903211116790771
0.6651979684829712,-0.6625134348869324,1.143035650253296
1.134364366531372,0.35704025626182556,1.076559066772461
0.7191237211227417,-0.5079724192619324,1.4745436906814575
1.2167084217071533,-0.8039681315422058,1.192964792251587
1.3438332080841064,0.022738900035619736,1.2496750354766846
0.24408423900604248,-0.3662235736846924,1.3781154155731201
0.43082907795906067,-0.323029488325119,1.4995769262313843
0.6244826316833496,-0.5432999134063721,0.8026954531669617
1.0495084524154663,-0.21388523280620575,0.8191312551498413
1.133540391921997,0.10459738969802856,1.0678837299346924
0.4676401615142822,-0.4747420847415924,1.0370228290557861
0.5200434327125549,-0.8403209447860718,0.4970279932022095
0.1547277867794037,0.017588339745998383,0.8725069761276245
0.6465438008308411,-0.3276471793651581,1.2444205284118652
0.8483696579933167,0.3459208309650421,0.9296429753303528
0.9597305059432983,0.08216288685798645,1.0279604196548462
0.6112556457519531,-0.6403617262840271,0.7461563348770142
0.7667611837387085,-0.8329766988754272,1.3293167352676392
0.5281055569648743,-0.6585564017295837,0.38911888003349304
1.2788132429122925,-0.09029782563447952,1.2665716409683228
0.6466421484947205,0.05420313775539398,1.4264776706695557
0.538445770740509,0.36223337054252625,0.8110336065292358
0.8941535949707031,-0.5507482290267944,0.9695318937301636
0.9855197668075562,0.15063337981700897,1.4671419858932495
1.3073487281799316,-0.620795488357544,1.0379265546798706
0.6549938917160034,0.05650588124990463,1.4229066371917725
0.23413947224617004,-0.10861913859844208,1.1375768184661865
0.6973229050636292,-0.8618651628494263,0.8451582193374634
0.4142288565635681,0.04473153501749039,1.4454312324523926
0.5781247615814209,-0.45126625895500183,0.7854903340339661
0.4010995626449585,-0.3224899172782898,1.0950900316238403
0.3016273081302643,-0.3662000894546509,1.1620917320251465
0.5255708694458008,-0.12160918861627579,1.335547685623169
0.34263744950294495,-0.44789570569992065,1.3292241096496582
0.5397655963897705,-0.2396930605173111,0.7817574739456177
0.4097531735897064,0.01288606971502304,0.809054434299469
0.4975431561470032,-0.40957263112068176,0.8451256155967712
0.4833524823188782,0.1595943570137024,1.0909030437469482
0.45242980122566223,-0.5078340172767639,0.892020583152771
1.3899989128112793,0.1363435536623001,1.0558953285217285
1.1343945264816284,-0.22594600915908813,1.3866090774536133
1.189110517501831,-0.27988433837890625,0.6192712187767029
1.0298395156860352,0.329839825630188,0.8803191184997559
0.8870076537132263,-0.5557012557983398,0.8410131335258484
0.7522409558296204,-0.00025738775730133057,1.4648188352584839
0.7522159814834595,-0.5553359985351562,1.33675217628479
1.1757069826126099,0.00687640905380249,0.6422890424728394
1.103089451789856,-0.6306086778640747,0.7868273854255676
0.7824454307556152,0.025088898837566376,1.0689045190811157
0.692358672618866,-0.5752142667770386,0.7639220952987671
0.261874794960022,-0.17189161479473114,1.3334754705429077
0.7143204212188721,-0.6226728558540344,0.3866707682609558
0.6209510564804077,-0.5562859773635864,0.8937109708786011
0.22844329476356506,0.11393631994724274,0.8546545505523682
0.3791735768318176,-0.15898892283439636,1.3419475555419922
0.14138789474964142,-0.2367236465215683,1.3010886907577515
0.5630548000335693,0.014286700636148453,1.1337456703186035
0.41834014654159546,0.14773058891296387,1.0475685596466064
0.9087532758712769,-0.6808607578277588,1.110926866531372
0.555073618888855,-0.39169448614120483,0.9295768737792969
0.3404579758644104,0.1739300936460495,1.1847615242004395
0.4900701940059662,0.08286440372467041,0.9893146753311157
0.46745848655700684,-0.4473499655723572,0.9540988802909851
0.42877402901649475,0.0862601101398468,0.9358384609222412
1.0661628246307373,-0.2684726417064667,1.432127833366394
0.6263942718505859,0.07889259606599808,0.8624345660209656
0.4911530315876007,-0.5713755488395691,1.268517017364502
0.5484838485717773,0.23019149899482727,1.3105933666229248
0.9943336844444275,0.01148407906293869,0.7766891121864319
0.48001930117607117,-0.5383388996124268,1.185014247894287
0.9693311452865601,0.2629132866859436,1.2860172986984253
0.7298293113708496,-0.580915093421936,1.2535852193832397
0.6562016010284424,-0.7998947501182556,0.7824375033378601
0.6077503561973572,-0.24462682008743286,1.4241251945495605
0.28781384229660034,0.2199115753173828,0.8798457384109497
0.435876727104187,-0.05149683728814125,1.371733546257019
0.6687039136886597,-0.15310588479042053,1.4038413763046265
0.670424222946167,0.18477536737918854,1.0256333351135254
0.6711872816085815,0.03736712038516998,0.7838373780250549
0.39239928126335144,-0.7383071184158325,0.6700046062469482
1.0094759464263916,0.4279205799102783,0.8716478943824768
0.9098932147026062,-0.8289948105812073,0.8068879842758179
0.6933021545410156,0.31265243887901306,1.251305341720581
0.9163458347320557,-0.318115770816803,1.376285195350647
1.2816426753997803,-0.13330456614494324,0.6762152314186096
0.6185439825057983,-0.7146461009979248,0.7368765473365784
0.691832423210144,0.13155700266361237,1.31209397315979
1.1465520858764648,-0.15187592804431915,0.5864658355712891
1.2513290643692017,-0.6137585043907166,0.7743544578552246
0.9211393594741821,-0.24861806631088257,1.2065248489379883
1.0484639406204224,-0.8814064264297485,0.8412797451019287
0.33478298783302307,-0.19703850150108337,0.9598242044448853
1.4196146726608276,-0.3278888165950775,0.5112831592559814
0.9801614284515381,-0.650529682636261,1.3650869131088257
1.4204638004302979,0.035240355879068375,0.9138038158416748
0.3829543888568878,-0.31554001569747925,1.0586426258087158
0.7109909057617188,-0.7815526723861694,0.9907609820365906
0.5649077892303467,-0.2679838538169861,1.1446139812469482
0.321824312210083,-0.17016634345054626,0.8065450191497803
0.6015984416007996,0.32145148515701294,1.165325403213501
1.2138545513153076,0.1706363558769226,1.3014029264450073
0.29269319772720337,0.33431529998779297,1.050222396850586
1.2681432962417603,-0.2540234327316284,1.2041895389556885
0.39385613799095154,-0.6979503035545349,1.2200500965118408
0.4963147044181824,-0.07635413855314255,0.8025016784667969
0.9688142538070679,-0.1696913242340088,1.2965426445007324
0.4948766231536865,-0.10182801634073257,0.8054666519165039
0.7791303396224976,0.3618866503238678,1.1161627769470215
1.188861608505249,-0.15879078209400177,0.8601782321929932
0.621269702911377,0.21067851781845093,1.298344612121582
0.48257026076316833,-0.538246750831604,1.2349026203155518
0.7702720165252686,-0.4278809428215027,1.0919209718704224
0.430527001619339,-0.6406728029251099,0.7958861589431763
0.36450910568237305,-0.5655337572097778,1.0529054403305054
0.7220923900604248,-0.5525657534599304,0.8165340423583984
0.5739501714706421,-0.035379353910684586,1.4994243383407593
0.869683027267456,-0.6127264499664307,0.9707859754562378
1.0182604789733887,-0.2927316129207611,0.7892892956733704
0.47066861391067505,0.045774973928928375,1.1897610425949097
0.30401819944381714,0.16949696838855743,1.2961266040802002
0.6128011345863342,-0.6300970315933228,1.4851863384246826
0.1648675948381424,0.1437479853630066,1.1356955766677856
0.7302803993225098,0.41247960925102234,0.8354102373123169
0.3924717307090759,0.19996771216392517,1.2676604986190796
0.2023622691631317,-0.42074817419052124,1.240761637687683
0.8241644501686096,0.29293912649154663,0.8347229957580566
1.4986591339111328,-0.48025408387184143,1.1235824823379517
0.6400367021560669,-0.7427889704704285,0.895763099193573
0.3267171382904053,0.07451693713665009,0.914956271648407
0.6613273024559021,0.15647365152835846,1.00056791305542
0.6970449090003967,0.08736766874790192,1.4823416471481323
0.6021360754966736,-0.2649877667427063,1.5653899908065796
1.2369534969329834,-0.21902844309806824,1.3905187845230103
0.25710350275039673,-0.37833672761917114,1.2732164859771729
0.24739950895309448,-0.2952709197998047,1.3482818603515625
0.6833451390266418,0.1240096315741539,0.9227169752120972
1.2367229461669922,-0.3704640567302704,0.8072570562362671
0.7933114767074585,-0.7445749640464783,1.1855549812316895
0.5731749534606934,-0.016235902905464172,1.4064984321594238
0.8903914093971252,-0.021280035376548767,1.3076050281524658
1.2163735628128052,-0.10911403596401215,0.7572709918022156
0.5649645328521729,0.17729505896568298,0.9796434044837952
0.8260113596916199,-0.7899570465087891,0.44911354780197144
0.39795947074890137,-0.16422244906425476,0.7899722456932068
0.9845021963119507,-0.15519937872886658,1.1600143909454346
0.3777291774749756,-0.3034065365791321,1.4476135969161987
0.6519565582275391,0.17922405898571014,1.387422800064087
1.4707180261611938,0.05389174818992615,0.9318166971206665
0.6724556684494019,-0.0058258213102817535,1.1470856666564941
1.1886779069900513,-0.46779248118400574,0.8228091597557068
0.436496764421463,0.10522099584341049,1.1958154439926147
0.3045559823513031,0.18966370820999146,1.2708913087844849
0.3229420781135559,-0.29960620403289795,0.886865496635437
0.6957619190216064,0.13424021005630493,0.7673742175102234
0.5254538059234619,-0.6747918725013733,1.2709425687789917
0.8201844096183777,0.023751240223646164,1.3526382446289062
1.33163583278656,-0.28630682826042175,0.8249841332435608
1.2803924083709717,-0.7610552310943604,1.001457691192627
0.4535766839981079,-0.2630237936973572,1.1512399911880493
0.730431854724884,-1.0295302867889404,0.9892327785491943
0.6710355877876282,-0.3855711817741394,1.043954849243164
0.597866952419281,-0.32640641927719116,1.503481388092041
0.768503725528717,0.010709702968597412,1.5248916149139404
0.65120929479599,-0.0447440929710865,1.051299810409546
0.601142406463623,-0.6892807483673096,1.0956288576126099
0.28794366121292114,-0.30302876234054565,1.4263596534729004
0.7249426245689392,0.531984269618988,0.9203434586524963
0.2489522099494934,-0.3076668977737427,1.0345962047576904
0.8046786189079285,-0.8468695878982544,0.9526269435882568
0.6892902851104736,-0.4937231242656708,1.5194813013076782
0.41067206859588623,-0.9062656164169312,0.8223350048065186
0.6856319904327393,-0.528258204460144,1.399946689605713
0.8665895462036133,-0.6788490414619446,1.0809879302978516
0.20596162974834442,-0.5560752153396606,1.25001060962677
1.5173676013946533,-0.26069319248199463,1.1690871715545654
1.2272040843963623,0.11004216223955154,1.3129962682724
1.2059342861175537,-0.4701486825942993,0.8299005627632141
0.8794053792953491,-0.47454315423965454,1.0369008779525757
1.5172072649002075,-0.5300965905189514,0.7579079270362854
1.4218147993087769,0.0012626368552446365,0.784203290939331
0.2271617352962494,-0.253759503364563,1.3180822134017944
0.7032548785209656,-0.7506034970283508,0.9063888788223267
0.6065896153450012,-0.5537014007568359,1.439246416091919
1.159548044204712,0.16344471275806427,1.0270662307739258
1.075429081916809,-0.03642147779464722,1.317413568496704
0.6954556107521057,0.03270074725151062,1.5216625928878784
1.0131391286849976,-0.4992554187774658,1.446873426437378
0.9038670063018799,-0.5943487882614136,0.831760048866272
1.1295450925827026,-0.720543622970581,0.9083638787269592
1.175956130027771,-0.618660032749176,0.9553099870681763
0.9801623821258545,-0.8311654329299927,1.0897727012634277
1.1416242122650146,-0.1867532879114151,1.5097925662994385
0.15950755774974823,-0.30190810561180115,0.9803046584129333
0.4357958436012268,-0.6164969801902771,1.294488549232483
1.0009398460388184,-0.5442795753479004,1.4625041484832764
0.6158966422080994,-0.5251700282096863,1.272801399230957
0.49333280324935913,-0.10894404351711273,1.3655387163162231
0.7282857894897461,-0.6997013092041016,0.6701141595840454
0.6529377102851868,-0.7450307607650757,1.2910081148147583
0.4971078038215637,-0.6477384567260742,1.3161699771881104
0.6877766251564026,-0.595197319984436,1.347721815109253
1.3606297969818115,0.3168845772743225,0.8222060203552246
0.9329606890678406,-0.291537344455719,1.5724374055862427
0.2988280951976776,-0.4442138671875,1.1722540855407715
0.6975071430206299,-0.497341126203537,1.388397455215454
0.6798845529556274,-0.4081652760505676,1.4493945837020874
0.8281971216201782,-1.037073016166687,0.8246773481369019
0.4035080373287201,-0.5736461877822876,1.4183441400527954
0.5152559280395508,-0.1888941526412964,1.3496884107589722
0.5255540013313293,-0.9400128722190857,0.7461848855018616
0.5845768451690674,-0.5148546695709229,0.8088124990463257
0.8738527297973633,-0.614630401134491,1.1423457860946655
1.0527089834213257,-0.6064879894256592,1.333874225616455
0.3912031650543213,0.0807805061340332,1.210944414138794
1.0898226499557495,-0.8869732618331909,0.6913691163063049
0.46743565797805786,0.28079140186309814,1.1032814979553223
0.5500002503395081,0.12551715970039368,1.065792202949524
0.9125194549560547,0.5207659006118774,1.0216257572174072
0.013984978199005127,-0.4063267111778259,0.7725027799606323
0.29530829191207886,-0.15825873613357544,1.431603193283081
1.0160690546035767,-0.819220244884491,1.337644100189209
1.1654388904571533,-0.42848992347717285,1.3160182237625122
0.7945727705955505,-0.1412820667028427,1.5746879577636719
0.8730747699737549,-0.5690279006958008,0.8321987390518188
1.2414727210998535,-0.28999316692352295,0.6980776786804199
1.3385303020477295,-0.10769934207201004,0.6038651466369629
0.866260290145874,-0.8747058510780334,0.7507725954055786
1.2359838485717773,-0.350186288356781,1.4405230283737183
0.9075253009796143,-0.7095667719841003,0.4651379883289337
0.7190201282501221,0.19691112637519836,1.336875081062317
1.0269991159439087,-0.4511234164237976,1.4941149950027466
0.5875024795532227,0.18639183044433594,1.2745894193649292
0.4905809760093689,0.1983308345079422,1.1413050889968872
0.5303840637207031,-0.4335956573486328,1.539681315422058
1.278526782989502,-0.5095794200897217,1.026239275932312
0.9626229405403137,-0.8686763048171997,1.0103574991226196
0.18299826979637146,0.06963466107845306,1.0204269886016846
0.6660764217376709,-0.28495919704437256,1.5731061697006226
1.2627149820327759,-0.07560014724731445,0.6350044012069702
1.0589795112609863,-0.22712396085262299,1.5168616771697998
0.3853621184825897,-0.45327818393707275,0.8727923631668091
0.5657082796096802,-0.47398093342781067,0.8955264687538147
0.36405467987060547,-0.34243232011795044,1.4711676836013794
0.9176197648048401,-0.8241465091705322,1.1258506774902344
1.2444727420806885,-0.1757851541042328,1.2763389348983765
0.5727554559707642,-0.29976481199264526,1.5680372714996338
0.620521605014801,-0.2775546908378601,1.1552910804748535
1.014424204826355,-0.19430822134017944,1.5540038347244263
0.6205254197120667,-0.12811852991580963,1.101220726966858
0.5299755334854126,0.3418044447898865,1.1993036270141602
0.24174314737319946,-0.24418330192565918,1.070148229598999
1.221652626991272,-0.03749990463256836,1.2599973678588867
0.9731144905090332,-0.5955923795700073,1.0722670555114746
0.6105549335479736,-0.28125905990600586,1.4131901264190674
0.4435909688472748,-0.3303266167640686,0.8878031373023987
0.7077539563179016,-0.7206330299377441,1.1533689498901367
0.02466300129890442,-0.36503586173057556,0.9941360950469971
0.6450562477111816,-0.6348171234130859,0.7440626621246338
0.9097663164138794,-0.9914442300796509,0.6462924480438232
0.7297191619873047,0.10403817892074585,1.3355095386505127
1.487221598625183,-0.6204841136932373,0.9385417699813843
1.2314072847366333,-0.7298774719238281,0.5258234143257141
1.1948814392089844,-0.08139312267303467,1.1983280181884766
0.9752433896064758,0.35971423983573914,1.3093253374099731
0.17951251566410065,0.13014625012874603,1.1856281757354736
0.3336588144302368,-0.6849218010902405,0.8120616674423218
1.2737877368927002,-0.45061758160591125,0.8613071441650391
0.883637547492981,0.08216513693332672,0.8422403335571289
0.891120433807373,-0.11344325542449951,1.4890916347503662
1.581003189086914,-0.16645680367946625,0.9492189884185791
0.785278856754303,0.3310788571834564,1.2064329385757446
0.8264663219451904,-0.8922253251075745,1.1699122190475464
0.6405079364776611,-0.04076974093914032,1.5545867681503296
0.4956894814968109,-0.2526717782020569,1.412977933883667
1.178238034248352,-0.5552505254745483,0.5383656620979309
0.7337217926979065,-0.3509915769100189,1.5797306299209595
0.9710405468940735,-0.8107096552848816,0.5327106714248657
0.8671658635139465,-0.5938885807991028,1.3088328838348389
0.378812700510025,-0.07182879745960236,1.3197139501571655
0.7494009733200073,-0.5542947053909302,1.3535069227218628
0.41714558005332947,-0.5551073551177979,1.372806429862976
0.7601548433303833,-0.14765360951423645,1.5751656293869019
1.025933861732483,-0.3613908290863037,1.132734775543213
0.9892009496688843,-0.06732618808746338,1.3449512720108032
0.4672454595565796,-0.40729787945747375,1.05745267868042
0.6890512704849243,-0.6204379200935364,0.5360355377197266
0.3026289641857147,0.2063242495059967,0.9372937083244324
1.0125901699066162,-0.8181878328323364,1.3092291355133057
0.8873615264892578,0.10144401341676712,1.3175276517868042
0.6160485744476318,0.35088154673576355,0.7935060262680054
0.9229613542556763,0.06465910375118256,1.2107195854187012
1.0944995880126953,-0.5059022903442383,1.380265235900879
1.3034491539001465,0.02552342414855957,1.2303036451339722
0.779374361038208,-0.6689770817756653,1.4851833581924438
0.6230837106704712,-0.5339894890785217,1.2742679119110107
0.31863707304000854,-0.5167163610458374,1.0715782642364502
0.7868624329566956,0.06028430163860321,1.1477378606796265
0.49225425720214844,-0.5589432120323181,0.8567160367965698
0.4799724221229553,0.25633788108825684,1.2164560556411743
0.481242299079895,-0.03821547329425812,0.7635601758956909
0.38610294461250305,-0.21466317772865295,1.4524328708648682
0.9041159749031067,-0.2626364827156067,1.5373544692993164
1.0378615856170654,-0.39219769835472107,1.4447417259216309
1.2262547016143799,-0.25635772943496704,0.5841330885887146
0.5816458463668823,-0.7765669226646423,1.1105809211730957
0.814138650894165,-0.8946171998977661,1.2362827062606812
1.0179812908172607,-0.023889485746622086,0.8644530773162842
0.7541361451148987,-0.8701342940330505,1.2348190546035767
0.7484853267669678,-0.21537446975708008,1.5436515808105469
1.3068909645080566,-0.15105590224266052,1.392797589302063
0.42631739377975464,0.04453336447477341,1.4504774808883667
0.42681336402893066,-0.1908603459596634,1.4346317052841187
0.6047917008399963,-0.4890480637550354,0.9683837294578552
1.0275136232376099,0.22396515309810638,0.9604560732841492
0.5986820459365845,-0.13889653980731964,0.7524962425231934
0.3202444612979889,-0.3584071695804596,1.4279053211212158
0.7600098848342896,0.10132180154323578,1.4125810861587524
0.7238253355026245,0.21861401200294495,0.863503098487854
0.29065990447998047,-0.04899530112743378,1.4237720966339111
1.0942171812057495,-0.08430217206478119,1.181391716003418
0.6888460516929626,-0.7099757194519043,1.14670991897583
0.6264982223510742,-0.11510822921991348,1.403294324874878
0.3198513984680176,-0.5411831736564636,1.361989974975586
0.5908387899398804,-0.24888086318969727,1.5296759605407715
0.7999014258384705,-0.5734624862670898,1.0604358911514282
0.4954676330089569,-0.008563458919525146,1.2007973194122314
0.8282084465026855,-0.8518801331520081,1.2561537027359009
0.9092677235603333,0.05805228650569916,0.9184799790382385
0.4499762952327728,-0.379020094871521,0.9172474145889282
0.8289780616760254,0.1646430939435959,0.8725881576538086
1.0745402574539185,-0.8476940393447876,0.6178973317146301
1.5440391302108765,-0.04054540395736694,0.697509229183197
0.5381268262863159,-0.13816437125205994,1.5509955883026123
0.6006230711936951,0.1809782236814499,1.1589293479919434
0.3862338662147522,-0.7264682054519653,1.3114655017852783
0.5027492046356201,-0.4612961709499359,0.870945155620575
0.6092678904533386,-0.5282648801803589,0.757205605506897
1.3433116674423218,0.26737165451049805,0.8124784231185913
1.0847587585449219,-0.0014075618237257004,1.3722782135009766
0.49428248405456543,-0.3309425115585327,1.4352003335952759
0.3068726062774658,0.0079684779047966,1.4049370288848877
1.0373457670211792,0.1415397673845291,1.2488515377044678
1.0737838745117188,0.28454461693763733,1.1414134502410889
1.1237033605575562,-0.5231143236160278,1.4152328968048096
1.1252309083938599,-0.057432904839515686,1.333622932434082
0.25738683342933655,-0.6698452830314636,0.49884241819381714
1.4383922815322876,-0.3504538834095001,1.291025161743164
1.0161690711975098,0.15405158698558807,1.466018795967102
1.0091608762741089,-0.5384419560432434,0.8570362329483032
0.7440045475959778,-0.8891404867172241,1.0839771032333374
0.7652589678764343,-0.0951867401599884,1.1231566667556763
0.8520320653915405,-0.8399877548217773,1.139094352722168
0.8470919132232666,-0.025796957314014435,1.4357224702835083
0.5396791100502014,-0.26308509707450867,1.1689000129699707
0.5579262971878052,-1.0019516944885254,0.9605786800384521
0.2612024247646332,-0.25378739833831787,1.2917536497116089
0.8639055490493774,-0.7299436330795288,0.4479791224002838
0.7384570240974426,0.03946547210216522,1.1741374731063843
0.26855623722076416,0.11006976664066315,0.9385039806365967
1.0620553493499756,-0.4091392159461975,1.2114038467407227
0.6964324712753296,0.014749407768249512,1.3213953971862793
0.5458793044090271,-0.3347610831260681,0.9802285432815552
0.18817830085754395,-0.4498883783817291,1.1549800634384155
1.1607439517974854,-0.05436929315328598,0.9726797342300415
0.8953551054000854,-0.8098846673965454,0.5652436017990112
0.5548467636108398,-0.5126031041145325,1.2808711528778076
1.20317542552948,-0.017036858946084976,1.4264496564865112
0.4678879380226135,0.28973686695098877,1.0408687591552734
0.4546787142753601,-0.3337039351463318,1.534024715423584
0.545138955116272,0.016389429569244385,1.1562203168869019
0.5801101922988892,-0.6576405167579651,1.2002047300338745
0.5535176992416382,-0.4374356269836426,1.0892456769943237
1.308962106704712,-0.19591253995895386,1.1001250743865967
0.5529101490974426,0.42556503415107727,1.1620813608169556
0.4925975799560547,-0.37703439593315125,1.4818012714385986
0.6644370555877686,-0.7851383090019226,1.1634948253631592
1.0092250108718872,-0.08129240572452545,1.124480128288269
0.5023961067199707,0.2283364236354828,0.9483107328414917
0.359519898891449,-0.7833330035209656,1.0768611431121826
1.0231704711914062,-0.8028875589370728,0.6877780556678772
0.6543789505958557,0.09982917457818985,1.2037259340286255
1.1542606353759766,-0.4740158021450043,0.9101824760437012
0.7752317786216736,0.07548832148313522,1.1201353073120117
0.6064029932022095,0.37293320894241333,1.220348596572876
0.6750316619873047,-0.4077647924423218,1.3769789934158325
0.4064054787158966,0.03293699026107788,1.4389379024505615
0.2389104813337326,0.12151272594928741,1.2758934497833252
0.6783215403556824,-0.6984333992004395,1.196253776550293
0.4308115839958191,-0.4133937358856201,0.9950433373451233
0.7234257459640503,0.373418390750885,1.2202852964401245
0.11678019165992737,-0.39277151226997375,1.0357413291931152
0.40051668882369995,0.056199923157691956,1.0404261350631714
0.8632990717887878,-0.8561628460884094,1.1219727993011475
0.011456038802862167,-0.42317289113998413,0.8449578285217285
0.5283037424087524,-0.33897870779037476,1.0046030282974243
0.8147572875022888,-0.10736295580863953,1.5723768472671509
0.49192357063293457,-0.18459230661392212,0.8965279459953308
0.39791932702064514,0.36620864272117615,1.1120988130569458
1.432040810585022,-0.38694843649864197,1.2220215797424316
0.8330027461051941,-0.6373587250709534,0.8153489828109741
1.3221169710159302,-0.34160947799682617,0.9327337145805359
1.0329234600067139,0.5097309350967407,0.8566664457321167
0.8001772165298462,-0.5888555645942688,0.8584384918212891
0.7602216005325317,-0.6760811805725098,0.5899920463562012
0.15966147184371948,-0.23195433616638184,1.2351619005203247
1.0375888347625732,0.020484719425439835,1.3964471817016602
0.8494036197662354,-0.5607857704162598,1.3653461933135986
0.7222349643707275,-0.6691715121269226,1.4517298936843872
0.5069984793663025,-0.5561598539352417,0.770194411277771
1.1101707220077515,-0.05232278257608414,1.4709081649780273
1.4405815601348877,0.006125405430793762,0.8545825481414795
0.762947678565979,0.01513700745999813,1.1952121257781982
0.5556175708770752,-0.18337875604629517,1.1797730922698975
0.4251415729522705,-0.12819130718708038,0.8050327301025391
0.8346426486968994,-0.6990054845809937,0.547153115272522
0.2600743770599365,-0.3595633804798126,0.9016300439834595
0.1728665828704834,-0.3272410035133362,1.1212717294692993
0.9111769795417786,-0.7526125907897949,1.055893898010254
0.6925612688064575,-0.921816885471344,1.1571362018585205
0.38561248779296875,-0.2771904468536377,1.3965394496917725
0.387246698141098,-0.605600893497467,0.9374982118606567
0.4397251009941101,-0.44927582144737244,0.9290900230407715
0.544502317905426,-0.35922157764434814,1.419640302658081
0.5212862491607666,-0.5590083599090576,0.8143826723098755
1.3549306392669678,0.012833259999752045,0.9878448247909546
0.9536531567573547,-0.888370156288147,0.9537953734397888
1.1309263706207275,0.019103258848190308,1.0389564037322998
0.4207042455673218,-0.02691013365983963,1.4233912229537964
0.5687833428382874,-0.07982936501502991,1.2580677270889282
0.9463106989860535,-0.45681071281433105,1.2796226739883423
0.051474809646606445,0.03893888741731644,0.8209246397018433
0.8399217128753662,-0.7852663397789001,1.016823172569275
0.035829007625579834,0.00016830861568450928,0.792777419090271
0.3742668628692627,-0.5152617692947388,1.3410853147506714
0.4587498605251312,-0.7232131958007812,0.7037506103515625
0.5153941512107849,-0.30415815114974976,1.0916385650634766
0.9837173223495483,-0.022740252315998077,0.7873478531837463
0.8138159513473511,-0.7889643907546997,1.1701505184173584
0.1529323011636734,0.23866049945354462,0.8714450597763062
1.200754165649414,-0.8465946316719055,0.5647423267364502
0.8356356024742126,-1.0193541049957275,0.7684250473976135
0.656186580657959,0.38340824842453003,1.2530678510665894
0.9163607954978943,-0.42774665355682373,1.4534552097320557
0.16552399098873138,0.0813208520412445,0.9551733732223511
0.22809676826000214,-0.7552412748336792,0.684738039970398
0.296414852142334,-0.45475637912750244,1.285888910293579
0.8761810064315796,-1.0017485618591309,1.078239917755127
0.8709965944290161,-0.33633890748023987,1.279451608657837
0.16317738592624664,-0.6072944402694702,1.093286395072937
0.6496474742889404,-0.25053369998931885,1.1166573762893677
0.5063881278038025,-0.1410287618637085,1.0309385061264038
1.1254535913467407,-0.19241587817668915,0.9967814087867737
0.43995338678359985,-0.8396762609481812,0.6711084842681885
1.124271035194397,0.04107747599482536,0.6852312088012695
0.696815550327301,-0.5039411783218384,1.3772499561309814
0.345689058303833,-0.00927790254354477,1.2034021615982056
0.2498013824224472,-0.1263849139213562,0.9229268431663513
1.2448203563690186,-0.5862314701080322,1.2858803272247314
0.6030666828155518,-0.43734967708587646,1.015376091003418
0.5308399200439453,-0.5289530158042908,0.9719866514205933
1.4076206684112549,-0.07239381223917007,1.13741135597229
0.9440851211547852,-0.082880899310112,1.5663625001907349
0.7693506479263306,-0.6880090832710266,0.5207924246788025
0.6904773712158203,-0.3417607843875885,1.1131600141525269
0.9412474632263184,0.009508572518825531,1.4603900909423828
0.6785026788711548,-0.19632874429225922,1.5718475580215454
0.8072032928466797,-0.10492493212223053,1.1125494241714478
0.6699485182762146,0.29399043321609497,0.9128652811050415
0.761527419090271,0.2745301127433777,1.1204406023025513
0.7111635804176331,-0.9256105422973633,0.7345631122589111
0.9645943641662598,-0.07742194831371307,1.1861919164657593
1.14069664478302,-0.583561360836029,0.6117721796035767
1.2700753211975098,-0.03686615452170372,0.5894878506660461
1.0303449630737305,-0.00039947032928466797,1.1730362176895142
0.7489599585533142,0.06075379252433777,1.3995180130004883
0.44731855392456055,-0.36005520820617676,1.30631685256958
1.0256267786026,0.11720670759677887,0.769057035446167
0.619920015335083,-0.6663448214530945,0.3710598945617676
0.9402369856834412,-0.6097727417945862,0.8679863810539246
0.9898638129234314,0.4007683992385864,1.090978741645813
0.8312283754348755,-0.9036111235618591,1.0609114170074463
1.4055051803588867,-0.20552462339401245,1.2463616132736206
0.8114542365074158,-0.6537407040596008,1.1684534549713135
0.8267149925231934,-0.7138068079948425,0.5612044930458069
0.4888229966163635,-0.5715300440788269,0.906710684299469
1.0631213188171387,0.036814652383327484,0.8257179856300354
0.2825169563293457,-0.8365659713745117,0.9771393537521362
1.0025153160095215,-0.16494116187095642,1.2486188411712646
0.41574299335479736,-0.5911433696746826,1.0308057069778442
0.5485382080078125,-0.05000556632876396,0.7987146377563477
0.9416353702545166,-0.05022214353084564,0.8440328240394592
1.104879379272461,-0.373926043510437,0.9903119206428528
0.6856235265731812,0.44274887442588806,0.8707902431488037
0.9922779202461243,-0.14635810256004333,1.0655728578567505
1.260048747062683,0.2175937443971634,1.0289700031280518
0.38821354508399963,0.2419903576374054,1.0994442701339722
0.6496782302856445,-0.9929821491241455,1.0816994905471802
0.32549142837524414,-0.25795143842697144,1.004697322845459
1.0430659055709839,-0.8622126579284668,0.7808977365493774
1.0427552461624146,-0.7098191976547241,0.5972232222557068
0.42442649602890015,-0.19055092334747314,1.4552726745605469
0.6228641271591187,0.3222455084323883,1.374922275543213
0.569645881652832,-0.8250457048416138,1.0500658750534058
0.830122172832489,-0.5167510509490967,1.5477029085159302
1.4678138494491577,-0.318509578704834,1.2599316835403442
1.1629811525344849,-0.2612365782260895,1.4172234535217285
1.196152925491333,-0.1774480640888214,0.7008907794952393
0.3037085235118866,-0.12906144559383392,1.3129454851150513
0.5016674399375916,0.11992053687572479,1.3931852579116821
0.4473728537559509,0.13678357005119324,1.091191291809082
1.1252803802490234,-0.04439203441143036,1.1555293798446655
0.9543130397796631,-0.66588294506073,0.42399775981903076
0.7079660892486572,-0.6231557726860046,1.370066523551941
0.9302880764007568,0.16583484411239624,1.4952126741409302
1.1618894338607788,0.4190475046634674,1.0601732730865479
0.3717626631259918,-0.834921658039093,1.0863136053085327
0.8300414681434631,-0.17115679383277893,1.5812445878982544
1.0215507745742798,-0.06358054280281067,0.8288891315460205
0.9240612983703613,-0.06721235811710358,1.1872525215148926
0.8692206740379333,-0.7252237200737,0.683174729347229
0.5852360129356384,0.17592701315879822,0.8670013546943665
1.4282881021499634,-0.7011678218841553,0.9016473889350891
0.6178076267242432,-0.45437857508659363,1.4883140325546265
0.2785782217979431,-0.7008324265480042,0.8381425142288208
0.4283044934272766,0.12420795857906342,1.3063766956329346
0.7944791316986084,0.11689434945583344,0.7968935370445251
0.4416968822479248,-0.6150475740432739,1.0643517971038818
0.31973162293434143,0.03758447244763374,1.1487627029418945
0.35331475734710693,-0.46217426657676697,1.2872257232666016
0.4227662980556488,-0.4750834107398987,0.8507771492004395
0.7170577049255371,-0.47739484906196594,1.1262742280960083
0.9618829488754272,-0.7468838691711426,1.192853331565857
0.8871104121208191,0.38340508937835693,0.9983763694763184
0.8098153471946716,0.1175868809223175,0.9004904627799988
0.14921796321868896,-0.36310452222824097,1.1672754287719727
1.259877324104309,-0.8489062786102295,1.0470807552337646
0.6894267797470093,0.2659083604812622,1.134816288948059
1.2253644466400146,-0.6815348267555237,1.2634642124176025
0.8504926562309265,-0.6395756602287292,1.4291306734085083
0.6560540795326233,0.021872268989682198,1.4916588068008423
0.4413266181945801,0.17765742540359497,1.134246587753296
0.5752901434898376,-0.15878494083881378,1.562006950378418
0.9599563479423523,-0.010722201317548752,0.8627350926399231
0.9548366665840149,0.4114551246166229,1.0590990781784058
0.6137810945510864,-0.7230287790298462,0.8678208589553833
0.8874057531356812,-0.5325756669044495,0.9867027997970581
0.017209522426128387,-0.19562187790870667,0.8852973580360413
0.7943547964096069,-0.8600825071334839,1.2841583490371704
0.7274578213691711,0.2512148320674896,1.1787668466567993
0.7945561408996582,-0.5280900001525879,0.7915737628936768
1.021042823791504,0.045567773282527924,0.7838551998138428
0.27366209030151367,-0.023390449583530426,1.233022928237915
0.7097325325012207,-0.12973737716674805,1.5696396827697754
0.813935399055481,0.1688014417886734,0.7906542420387268
0.7805503606796265,-0.6164118647575378,1.3878185749053955
0.5825007557868958,-0.6738334894180298,0.7328116297721863
0.5271394848823547,-0.5883018970489502,1.024152398109436
0.458400696516037,-0.16799362003803253,1.4312130212783813
0.9996641278266907,-0.6296212673187256,1.4515830278396606
1.1179323196411133,-0.26354753971099854,1.3006279468536377
1.019301176071167,-0.23795770108699799,1.5565770864486694
0.6075727939605713,0.13898834586143494,1.4100998640060425
1.1666122674942017,-0.018020112067461014,1.0430707931518555
0.5558372139930725,-0.2639584243297577,1.4810155630111694
0.37645089626312256,-0.571782648563385,1.1776864528656006
1.3528251647949219,-0.3924841284751892,1.0490717887878418
0.3647427558898926,0.2030041515827179,1.0213239192962646
1.1862149238586426,-0.3261204957962036,1.133955955505371
0.3171829879283905,-0.06800509989261627,0.8909077644348145
1.2394665479660034,-0.21822698414325714,1.0544499158859253
1.5004998445510864,-0.3474769592285156,1.1720422506332397
0.884384274482727,-0.5182165503501892,1.058029055595398
0.6705193519592285,-0.47811415791511536,1.4203840494155884
0.5581188797950745,-0.271127849817276,1.5608525276184082
0.9094134569168091,-0.04317529499530792,1.303112268447876
0.49008074402809143,-0.03362537920475006,1.3385977745056152
0.8163688778877258,-0.8912886381149292,0.8469465970993042
1.0079982280731201,-0.5458381772041321,0.8200505375862122
1.1864265203475952,-0.45655086636543274,0.45595359802246094
1.1316369771957397,-0.31552162766456604,1.1637351512908936
1.263106346130371,0.06661561876535416,1.2325834035873413
0.9233808517456055,-0.20488041639328003,1.2704092264175415
0.6833899617195129,0.031014593318104744,1.0492260456085205
1.0202785730361938,-0.06810446083545685,1.5372880697250366
0.5450527667999268,-0.5616304874420166,1.141724705696106
0.6145426034927368,0.17596356570720673,1.277368187904358
0.41748321056365967,-0.19496563076972961,0.9144432544708252
1.3368706703186035,-0.47894081473350525,0.6571113467216492
0.7405763864517212,0.34470099210739136,0.8311819434165955
0.8286654353141785,-0.5262869000434875,1.4312362670898438
0.5741787552833557,-0.07735347002744675,1.2568868398666382
0.8901108503341675,0.03357101231813431,0.8046396970748901
0.6992924809455872,0.26678240299224854,0.7916971445083618
0.7734832167625427,0.02712445706129074,1.3299217224121094
0.5771852135658264,-0.22872081398963928,1.1566768884658813
0.9249426126480103,-0.6007339358329773,1.2271003723144531
0.6624237298965454,0.12818476557731628,1.3867963552474976
1.0845975875854492,-0.0631316676735878,1.343679666519165
0.6999874114990234,0.03987555950880051,1.3412625789642334
0.7329840660095215,-0.8616392016410828,1.2505228519439697
0.8097553849220276,0.43863725662231445,1.2360031604766846
1.1895660161972046,-0.16076107323169708,0.9283212423324585
0.835151731967926,0.17732706665992737,0.9620152115821838
0.7293217778205872,-0.1487751007080078,1.574033498764038
0.9518037438392639,-0.05722557008266449,1.4889870882034302
0.6991145610809326,-0.505485475063324,1.290562629699707
1.3862518072128296,0.2671619653701782,0.750187873840332
0.5713304281234741,-0.6099027395248413,0.7532254457473755
1.033320426940918,-0.44745102524757385,0.7836757302284241
0.4948505163192749,-0.45324036478996277,1.2246567010879517
0.5558881163597107,0.07608255743980408,1.293874979019165
0.6438182592391968,-0.5833914875984192,1.257723093032837
0.5076033473014832,-0.20610521733760834,1.2903509140014648
0.5756707191467285,0.004312053322792053,1.4964196681976318
0.7039496898651123,-0.5591798424720764,1.4440662860870361
0.9651309251785278,-0.23760685324668884,1.4666416645050049
0.8053956031799316,0.0484066940844059,1.0057684183120728
0.5553224086761475,-0.873035192489624,1.2210865020751953
0.6697186827659607,-0.6443355679512024,0.875877857208252
0.9750725030899048,-0.14780235290527344,1.2438349723815918
1.1198804378509521,-0.01153041422367096,0.9032893180847168
0.6967231631278992,-0.6903132200241089,0.4567781090736389
0.18418529629707336,-0.6161372661590576,0.8396966457366943
1.2495280504226685,-0.043616604059934616,1.2744542360305786
0.3894445300102234,-0.40580421686172485,0.7546473145484924
1.1325640678405762,-0.31256335973739624,1.519338607788086
0.33983030915260315,-0.34805482625961304,1.47037935256958
0.5761209726333618,-0.42775142192840576,1.1937919855117798
1.0006396770477295,0.08529104292392731,1.189673662185669
0.17740695178508759,-0.5193161964416504,1.1041738986968994
0.34677770733833313,-0.348293662071228,1.4240235090255737
0.676967442035675,-0.4454173445701599,1.4667999744415283
0.4845464825630188,-0.009292751550674438,1.1381611824035645
0.41934826970100403,0.17014393210411072,1.3885207176208496
1.1733530759811401,-0.07474386692047119,1.3792939186096191
0.8988613486289978,-0.6739470958709717,1.2408971786499023
0.6518024206161499,0.1460002213716507,0.9280675649642944
0.5897679924964905,0.12346389889717102,1.4635671377182007
0.4220294952392578,0.14123210310935974,1.4069879055023193
0.6059896945953369,0.3176693022251129,1.1777974367141724
0.23173700273036957,-0.3083849549293518,0.865397572517395
0.9244038462638855,-0.39085063338279724,1.306739091873169
0.5212093591690063,-0.5457467436790466,1.461074709892273
0.952507734298706,-0.6073368191719055,0.8564829230308533
0.42531782388687134,-0.032286129891872406,0.9733927845954895
0.24907055497169495,0.027520716190338135,1.3513654470443726
0.5482007265090942,-0.056654512882232666,1.3251588344573975
1.022823452949524,-0.5439948439598083,1.242867350578308
1.0534940958023071,0.41022637486457825,0.8158579468727112
0.06034999340772629,-0.44582200050354004,1.0227752923965454
1.4966223239898682,-0.6186234354972839,0.8507577180862427
1.4657114744186401,-0.6303378343582153,0.7429867386817932
0.5956255793571472,-0.7698509693145752,1.0615050792694092
1.2056329250335693,0.3075689971446991,1.0988128185272217
0.8848457336425781,-0.6648019552230835,0.9178354144096375
1.0248512029647827,0.20857152342796326,1.4089608192443848
1.1175215244293213,-0.11630185693502426,1.0574408769607544
0.17586512863636017,-0.450811505317688,1.2339359521865845
0.4791985750198364,-0.6081437468528748,1.2544803619384766
0.9797402620315552,-0.9265472292900085,1.1503969430923462
0.4485775828361511,0.03297024965286255,1.3713445663452148
0.65993732213974,-0.370676726102829,1.5648748874664307
0.8316947817802429,0.009283600375056267,1.0768479108810425
1.1052342653274536,-0.2243807315826416,1.3735159635543823
0.9305892586708069,-0.912196934223175,0.8407530784606934
0.4298088550567627,-0.6682057976722717,1.007127285003662
0.2606472969055176,-0.035594575107097626,1.3949438333511353
1.05509614944458,0.2539339065551758,1.246536135673523
0.4563857316970825,-0.7384674549102783,0.8479119539260864
0.4297198951244354,-0.7329298853874207,1.2151248455047607
0.23193298280239105,-0.10401846468448639,1.0871450901031494
0.534191370010376,-0.9895998239517212,0.7383314371109009
1.3696825504302979,-0.5060975551605225,0.6376617550849915
0.9960011839866638,-0.4248015582561493,1.2316421270370483
0.6306740045547485,0.18884232640266418,0.8891677260398865
0.9318966865539551,-0.11869318038225174,1.4391053915023804
1.293845534324646,-0.20566248893737793,0.9606741666793823
1.0456759929656982,-0.7686136960983276,1.046657919883728
0.761472225189209,0.42474666237831116,1.072157382965088
1.120063304901123,-0.6035587787628174,1.3176109790802002
0.37674301862716675,-0.31915149092674255,1.4714059829711914
0.7459392547607422,-0.3207724094390869,1.5699197053909302
0.6894924640655518,-0.8285061717033386,1.2684777975082397
0.9177649021148682,0.3646480441093445,0.8664182424545288
0.9290102124214172,0.07630696892738342,0.8123112916946411
0.49465563893318176,-0.5533129572868347,1.3723562955856323
0.35344448685646057,-0.4368063807487488,1.169245958328247
0.534520149230957,-0.018283888697624207,1.3666164875030518
0.6565744876861572,-0.5062490701675415,1.499730110168457
0.5064823627471924,-0.13024446368217468,0.838200032711029
0.25934410095214844,-0.5322371125221252,0.7743833661079407
1.3540409803390503,-0.5766650438308716,1.0520151853561401
0.48796069622039795,-0.4103265404701233,1.2627493143081665
0.8755707740783691,-0.18779851496219635,1.5768803358078003
1.1725571155548096,0.01849307119846344,1.2155780792236328
0.6476187705993652,0.45282161235809326,1.091205358505249
0.4500117301940918,0.16125842928886414,1.4248206615447998
0.44481343030929565,-0.11169974505901337,1.4783899784088135
0.5236413478851318,-0.36183661222457886,1.2406401634216309
0.17541831731796265,-0.5816577672958374,1.0555285215377808
0.38182514905929565,-0.01707787811756134,1.0784871578216553
1.2245149612426758,-0.1751856803894043,1.2284400463104248
0.5973899364471436,-0.19751031696796417,1.5617974996566772
0.7692441940307617,0.10991854965686798,1.4295284748077393
1.2446969747543335,-0.04291407763957977,1.208526849746704
0.8398464322090149,-0.9007862210273743,1.2835496664047241
0.6046977043151855,0.20906540751457214,1.1731212139129639
0.7172508239746094,-0.673812747001648,1.1751062870025635
0.7644942402839661,-0.5742976665496826,1.197745442390442
1.0339877605438232,-0.9890294075012207,0.7679117918014526
0.4014260172843933,-0.34066516160964966,1.434658169746399
0.8218093514442444,0.4580398499965668,1.1675795316696167
0.509346067905426,-0.3384447991847992,1.421479344367981
0.41776135563850403,-0.15668395161628723,1.2749813795089722
0.5321055054664612,-0.6253301501274109,1.166617512702942
0.34444960951805115,-0.16916856169700623,0.9792432188987732
0.744598925113678,0.26582202315330505,0.9025684595108032
0.8274857401847839,0.00037023425102233887,0.7529925107955933
0.5337728261947632,-0.32437586784362793,1.1101210117340088
0.7808769941329956,-0.0005272924900054932,1.526978850364685
0.7249034643173218,0.029451943933963776,1.2812296152114868
0.2805927097797394,-0.24839594960212708,1.3295369148254395
0.7924565076828003,-0.6399083137512207,0.49135297536849976
1.244944453239441,-0.4778149724006653,0.7438091039657593
0.652785062789917,-0.5931508541107178,0.8493471145629883
0.2310703694820404,0.32034435868263245,0.9980517029762268
0.4519876539707184,-0.5305825471878052,0.9052789211273193
0.4811292290687561,-0.23937605321407318,0.9992926120758057
0.7352969646453857,0.16936488449573517,0.9149774312973022
0.41148054599761963,-0.07513510435819626,1.3941675424575806
0.20029045641422272,-0.5295839309692383,1.0515309572219849
1.0612883567810059,-0.7874755859375,1.2505371570587158
0.385023295879364,-0.2829941511154175,0.9281099438667297
0.7149745225906372,0.1132148876786232,0.8298627138137817
1.068192720413208,0.243329256772995,1.1950926780700684
0.5396679639816284,-0.711440920829773,1.0240811109542847
1.1311028003692627,-0.30788999795913696,1.1246929168701172
1.0282504558563232,-0.39807412028312683,1.2038339376449585
0.475446879863739,0.1496792733669281,1.3275344371795654
1.072691798210144,-0.8643707036972046,0.9256569743156433
1.4361926317214966,0.02866288274526596,0.9084280729293823
0.8567129373550415,-0.6600683331489563,0.4506884813308716
0.548092246055603,-0.6929879188537598,1.3189908266067505
0.7757903337478638,-0.8053146004676819,0.9296414852142334
0.5948198437690735,-0.5378276705741882,1.3874149322509766
0.5307807922363281,-0.5566461086273193,0.7881839275360107
0.36747413873672485,-0.10605478286743164,1.0440765619277954
1.3016345500946045,-0.7319658398628235,1.2109301090240479
1.2800499200820923,-0.4575846195220947,1.3428239822387695
0.7545672059059143,-0.9103347659111023,1.2828108072280884
0.7240145802497864,-0.5313994884490967,1.381719708442688
0.042431190609931946,-0.28863000869750977,0.9542374610900879
0.4409453868865967,0.06549839675426483,1.409010648727417
0.8600814342498779,-0.02972535789012909,1.1833794116973877
0.24741899967193604,-0.24164746701717377,1.292409062385559
0.7372545003890991,-0.6408550143241882,0.7407428026199341
1.0917072296142578,-0.9128857851028442,0.7482004165649414
0.7019478678703308,-0.5577521920204163,0.8579715490341187
1.185603380203247,-0.3341567814350128,1.2344567775726318
0.5686893463134766,-0.121071957051754,1.0988787412643433
0.9321106672286987,0.17588235437870026,0.7830506563186646
1.0375615358352661,0.03984471410512924,0.9654771089553833
0.7887358665466309,-0.7323613166809082,0.5808730125427246
0.474433958530426,-0.5181611776351929,1.1960022449493408
0.16475354135036469,-0.3269137144088745,1.13908851146698
0.7726060748100281,-0.6675885319709778,0.988850474357605
0.3972128927707672,0.21843375265598297,1.0908143520355225
0.2552053928375244,-0.21375387907028198,1.2470744848251343
0.4067839980125427,0.08870459347963333,0.986543595790863
0.546899676322937,-0.8023775815963745,1.2956805229187012
0.6945831179618835,-0.11250713467597961,1.2373007535934448
0.5918717384338379,0.3138454258441925,1.3574392795562744
1.0796115398406982,-0.4367446303367615,0.9834572672843933
0.5626077651977539,-0.24336352944374084,1.2935562133789062
0.7641996145248413,-0.5444841980934143,1.5516973733901978
0.8453662991523743,-0.8524459004402161,1.1665890216827393
0.35056042671203613,0.0627097636461258,0.9393962025642395
0.5940483808517456,-0.23152752220630646,1.170992374420166
0.37730714678764343,-0.19324439764022827,1.1958034038543701
0.5517496466636658,0.04237677901983261,0.8596223592758179
0.837455153465271,-0.06724033504724503,1.3345876932144165
0.3684631288051605,-0.7106614112854004,1.0010169744491577
0.4483131468296051,0.37481820583343506,1.1734356880187988
0.4508914351463318,-0.44810593128204346,0.9793529510498047
0.36282017827033997,-0.061816275119781494,1.1694715023040771
0.68093341588974,-0.19079367816448212,1.5779082775115967
0.5769040584564209,-0.36575838923454285,1.3511114120483398
0.5021136999130249,-0.9038335680961609,0.9271683096885681
0.3758276104927063,-0.5709840655326843,1.094791054725647
0.8063990473747253,-0.6233774423599243,1.3818233013153076
0.8285685181617737,0.03608467057347298,0.9037277698516846
0.6612604260444641,-0.7106921672821045,0.8017631769180298
1.4314383268356323,-0.0029733218252658844,0.5684798955917358
0.2819026708602905,0.19712649285793304,1.1760963201522827
0.6150853037834167,-0.040425099432468414,1.2864165306091309
0.8439399600028992,-0.8307722806930542,1.1768001317977905
0.33572298288345337,-0.24174459278583527,1.4376513957977295
0.5588470697402954,-0.8271912932395935,0.5954028964042664
0.36161279678344727,-0.7153182625770569,1.1721841096878052
0.5998554229736328,-0.7112963199615479,0.7332221269607544
0.8550163507461548,-0.6128079891204834,1.140169620513916
0.7074761390686035,0.43515530228614807,1.0118764638900757
0.5510104894638062,-0.6614482402801514,0.7908785343170166
0.7916794419288635,-0.015316776931285858,1.3758580684661865
0.7316838502883911,-0.7346948981285095,0.8524017930030823
1.2660906314849854,-0.41267088055610657,1.2856374979019165
0.5930289626121521,0.06212027370929718,1.135521411895752
1.0736559629440308,-0.1566924750804901,1.5197880268096924
0.5252771377563477,-0.15221388638019562,1.0896295309066772
0.7207713723182678,-0.6445574760437012,0.596427857875824
0.5733106136322021,-0.6831769943237305,1.0432825088500977
0.2859014868736267,0.09660078585147858,1.2066718339920044
0.8550736308097839,-1.0285660028457642,0.7536007165908813
0.06914003193378448,-0.1389421820640564,0.8298437595367432
0.9207831621170044,-0.9120315909385681,1.213673710823059
0.6309710144996643,-0.1481819897890091,1.5737216472625732
0.6619453430175781,0.1644681692123413,1.3111844062805176
0.5571743845939636,-0.13478752970695496,1.1720483303070068
0.6696012020111084,-0.360918253660202,1.096474051475525
0.9589629769325256,-0.16982096433639526,1.4097338914871216
0.47154513001441956,-0.5169835686683655,1.113713264465332
0.5088039040565491,-0.2813420593738556,0.7985242605209351
0.3737533688545227,-0.07342108339071274,1.4484195709228516
0.8068276047706604,0.3070885241031647,1.2352498769760132
0.7340649962425232,-0.21953386068344116,1.3056527376174927
0.8266611099243164,-0.8959232568740845,1.0682123899459839
0.8867522478103638,-0.8221392035484314,1.2954754829406738
1.1073161363601685,-0.7819614410400391,0.4942951500415802
0.2619677186012268,-0.30950647592544556,0.8706843256950378
1.0341756343841553,-0.38930612802505493,1.1528873443603516
0.9170994758605957,-0.41239431500434875,0.7789980173110962
0.4394010305404663,-0.7243362665176392,1.1983997821807861
0.5713784098625183,-0.26680275797843933,1.1878547668457031
0.11340644210577011,0.09729611128568649,0.8631237745285034
0.27217647433280945,-0.8252772092819214,0.7034839391708374
0.23801259696483612,0.22361119091510773,0.816699206829071
0.8508827090263367,0.3614467680454254,1.2870748043060303
0.4206202030181885,-0.07458151876926422,0.8780561089515686
1.4957184791564941,-0.03866533190011978,1.1251171827316284
1.1456801891326904,0.1613868772983551,1.3680874109268188
1.0505825281143188,-0.17235209047794342,1.025376558303833
0.7287188172340393,0.18758772313594818,0.9306791424751282
0.6422055959701538,0.2550290822982788,0.8590993285179138
1.0339431762695312,0.12169505655765533,1.1871001720428467
0.18735000491142273,-0.0005758516490459442,1.084782600402832
1.2165758609771729,-0.7276029586791992,0.5875514149665833
0.2487470507621765,-0.0625714585185051,1.3921535015106201
0.7121524810791016,0.3762410581111908,1.0523215532302856
0.6440533995628357,0.3349950909614563,1.0557764768600464
0.7822843194007874,-0.30961495637893677,1.4647517204284668
0.9639630913734436,0.2485799342393875,1.1014630794525146
0.48583734035491943,0.059188272804021835,1.3088915348052979
0.9061187505722046,0.0017115231603384018,1.506087303161621
0.4318256378173828,-0.30140382051467896,1.4899089336395264
1.210429310798645,-0.4201900064945221,0.9975025653839111
0.6780686378479004,-0.007918916642665863,1.4981415271759033
0.5735267400741577,-0.9870439767837524,0.8917012810707092
0.5968967080116272,0.0041681919246912,1.208808183670044
1.0106990337371826,0.04751371592283249,0.7855286002159119
0.14048834145069122,-0.34607747197151184,1.2535077333450317
1.1577798128128052,-0.3519076108932495,1.4509447813034058
1.337590217590332,0.19483132660388947,1.0836259126663208
0.32546159625053406,-0.23915377259254456,1.0801421403884888
0.740590512752533,0.46666646003723145,0.7512369155883789
0.5586258172988892,-0.5970315933227539,1.2523432970046997
0.6037997007369995,-0.7921656370162964,0.9857590198516846
0.49994486570358276,0.14192171394824982,1.339514970779419
0.6630768179893494,-0.019554466009140015,0.9867805242538452
0.5341536402702332,-0.6676326394081116,0.7350106239318848
0.009819336235523224,-0.20998308062553406,0.8924683928489685
0.18741124868392944,0.004796888679265976,0.9948704838752747
0.6615602970123291,0.07178426533937454,1.5361783504486084
1.3103840351104736,-0.365994930267334,1.239396572113037
0.8743395209312439,0.05809226632118225,0.8496419191360474
0.514167070388794,0.32877928018569946,0.8800629377365112
1.0983366966247559,-0.09222286939620972,1.0072606801986694
0.4772193431854248,-0.43757790327072144,1.3360230922698975
0.4775615632534027,0.05517634376883507,1.4579007625579834
0.4746066629886627,-0.33295661211013794,1.0657199621200562
0.9929776787757874,-0.8695955276489258,1.287041187286377
0.5944287776947021,-0.4067511558532715,1.3390986919403076
0.8278894424438477,-1.0191152095794678,0.7183635234832764
0.4461904466152191,-0.5281586647033691,1.3427238464355469
1.1240724325180054,-0.8531404137611389,1.2187175750732422
0.8105615973472595,-0.8512298464775085,1.1149982213974
0.7498611211776733,-0.5375391840934753,0.9343647360801697
0.7307156324386597,-0.4853785037994385,1.5077521800994873
0.4012192189693451,-0.2088809311389923,1.1334338188171387
0.4785355031490326,-0.2268083393573761,0.9767969250679016
0.8037642240524292,0.29607927799224854,1.3158762454986572
1.3839693069458008,0.21055133640766144,0.7699509859085083
0.9058262705802917,0.38881823420524597,1.1580009460449219
0.6769498586654663,-0.42519426345825195,1.2275729179382324
0.7597935795783997,0.15770891308784485,1.3296828269958496
0.5276846885681152,-0.7459146976470947,0.874620795249939
0.6382653713226318,-0.4848921298980713,1.4882304668426514
0.2434154748916626,-0.3300929367542267,0.9072765111923218
0.958163321018219,-0.8247020840644836,1.147416353225708
1.4568268060684204,0.13710449635982513,0.8941692113876343
1.0987106561660767,-0.6466519832611084,0.8221637010574341
1.5130057334899902,0.023720405995845795,0.872209370136261
1.0776265859603882,-0.4070286452770233,1.0344843864440918
0.608705461025238,-0.3217233717441559,1.2482925653457642
0.9299774765968323,0.37648797035217285,1.1663812398910522
0.512213408946991,0.08157593011856079,0.9448931813240051
0.38337090611457825,-0.40728357434272766,1.3155543804168701
0.6075143814086914,-0.1886368989944458,1.4977879524230957
1.006593942642212,-0.051046282052993774,1.428041934967041
0.5491471886634827,-0.6858465671539307,1.133141279220581
0.26556816697120667,-0.23874631524085999,1.0861942768096924
0.4164336621761322,-0.5426088571548462,0.978469967842102
1.0014939308166504,-0.43592241406440735,1.292353868484497
0.660111129283905,0.019092485308647156,1.2148228883743286
0.5732153058052063,0.13081836700439453,1.3338876962661743
0.6860036253929138,-0.5827797651290894,0.8755655288696289
0.509065568447113,-0.24668700993061066,1.531268835067749
0.8016646504402161,-0.42163968086242676,1.5700174570083618
1.0209643840789795,-0.5695558786392212,1.4876765012741089
0.8890563249588013,0.0478348508477211,1.5458472967147827
0.6403977870941162,0.3971185088157654,1.0843302011489868
1.140209674835205,-0.14044681191444397,1.1021682024002075
1.3308268785476685,-0.1734306365251541,1.3943157196044922
0.45802491903305054,-0.2667250335216522,0.7528111934661865
0.5892137289047241,0.0605807863175869,1.066023826599121
0.727470338344574,-0.5676301717758179,1.1652002334594727
1.2629770040512085,-0.10582761466503143,0.9383323192596436
0.9678436517715454,-0.7411750555038452,1.3219125270843506
1.268235683441162,-0.27219149470329285,0.664960503578186
1.1118297576904297,-0.46643155813217163,1.4161601066589355
0.8208217024803162,-0.5663223266601562,0.8742097616195679
0.990348219871521,0.275088906288147,1.0023317337036133
1.0378021001815796,0.22898529469966888,1.3068530559539795
0.2700102925300598,0.34072554111480713,1.009535312652588
0.532313883304596,-0.7747381329536438,1.3542675971984863
0.7749099731445312,0.28278660774230957,1.326934814453125
1.00629460811615,0.11791324615478516,1.4082036018371582
0.20817342400550842,-0.05934859812259674,1.068902611732483
0.49373292922973633,-0.06876834481954575,1.530158519744873
0.8351892828941345,0.17803089320659637,1.1938879489898682
0.3904314637184143,-0.5454533100128174,0.9725437164306641
0.5860419273376465,-0.625028669834137,1.032603144645691
0.13460677862167358,0.17068606615066528,0.8396462202072144
0.6878180503845215,-0.49106165766716003,1.3682664632797241
1.021522879600525,0.3430074453353882,1.1273666620254517
0.07760933041572571,-0.2729964256286621,1.2147161960601807
0.3902621865272522,-0.7567277550697327,1.151188611984253
0.5436148643493652,0.041782401502132416,0.8185752630233765
0.5949797034263611,-0.18541452288627625,1.3392995595932007
0.5132749080657959,0.24577823281288147,1.1075248718261719
0.9975379109382629,0.3579574227333069,1.251400113105774
0.5447080731391907,0.4186628460884094,1.1197659969329834
1.2373206615447998,-0.46093758940696716,0.9392983317375183
0.660352349281311,-0.9277647733688354,0.7303560376167297
0.2900630533695221,-0.7619783878326416,0.5940531492233276
0.8236993551254272,-0.08906563371419907,1.239211082458496
0.9145768880844116,0.22654268145561218,0.9072328805923462
0.4761179983615875,-0.3993418216705322,1.237398386001587
0.21844537556171417,-0.09002682566642761,1.1781975030899048
0.33152055740356445,0.12062183767557144,0.8598476648330688
0.9769603610038757,-0.05763603001832962,1.1327235698699951
1.0752499103546143,-0.4253576397895813,1.4534894227981567
0.7438724040985107,-0.053734518587589264,0.8560131788253784
0.25015807151794434,-0.4371562600135803,1.2806673049926758
1.2442697286605835,-0.26155421137809753,1.2696802616119385
0.8761891722679138,-0.6454340219497681,1.4800004959106445
0.6977750062942505,-0.7419235706329346,0.8000763058662415
0.7597006559371948,-0.8907157778739929,0.7963689565658569
0.8703581094741821,0.19231149554252625,1.0386028289794922
1.0464707612991333,-0.9048776030540466,1.1402947902679443
0.9270230531692505,0.012458402663469315,1.1984435319900513
1.1324890851974487,0.26405051350593567,1.26736581325531
0.5679912567138672,0.09434671700000763,1.282621145248413
0.3373214602470398,0.22750459611415863,0.7637795209884644
0.40788504481315613,0.20517997443675995,1.1897368431091309
0.4392685294151306,0.29270508885383606,1.1557843685150146
0.9854733347892761,-0.48898911476135254,0.8335921764373779
0.28650587797164917,-0.5226954221725464,1.2717236280441284
0.8344515562057495,-0.1867842823266983,1.5621066093444824
1.3134342432022095,-0.0062726885080337524,0.9852277636528015
0.3000369668006897,-0.7026113271713257,1.1113051176071167
0.3056671619415283,-0.6997892260551453,0.8676552772521973
0.8825679421424866,0.12689878046512604,1.139521837234497
0.7232221364974976,-0.33953747153282166,1.1880385875701904
0.7242034673690796,0.16552820801734924,0.9635352492332458
0.8528339862823486,-0.9363794326782227,0.787158191204071
1.0283828973770142,-0.16348911821842194,1.3226172924041748
0.9971112012863159,-0.08000977337360382,1.464827299118042
0.4020642340183258,0.12000629305839539,0.9075125455856323
0.6809446811676025,-0.2669483423233032,1.5707367658615112
0.91708904504776,-0.699552059173584,0.717476487159729
1.1966722011566162,-0.36086970567703247,1.0270246267318726
1.1441826820373535,-0.10645316541194916,1.0182301998138428
1.1942756175994873,-0.026498030871152878,1.3855584859848022
0.8638262152671814,-0.07008300721645355,1.4442694187164307
1.5116182565689087,-0.02576260268688202,1.122630000114441
0.7214272022247314,-0.0312330462038517,1.556270956993103
0.35106760263442993,-0.6261815428733826,0.5118962526321411
0.5285775065422058,-0.4970596432685852,0.8783608675003052
0.6666567921638489,-0.640799343585968,0.5721449851989746
0.9327125549316406,-0.044564493000507355,1.3372119665145874
1.0756350755691528,-0.07628530263900757,0.8862777352333069
0.6275621056556702,-0.577705442905426,0.778478741645813
0.6435301303863525,-0.38718584179878235,1.5653326511383057
1.0180070400238037,0.13691046833992004,0.8982568383216858
0.1338079422712326,-0.6402632594108582,1.0689811706542969
0.5799430012702942,0.34395813941955566,0.9312678575515747
0.5392156839370728,-0.02197079360485077,0.8277435302734375
0.6551056504249573,-0.5971560478210449,0.9369889497756958
1.493550419807434,-0.17690716683864594,1.142130970954895
0.498308002948761,-0.20082750916481018,0.8466017246246338
1.0725374221801758,-0.6260914206504822,1.4017727375030518
0.8528662919998169,-0.8736768960952759,0.984442949295044
0.23624637722969055,0.12982019782066345,1.2856734991073608
1.0462329387664795,-0.0035955384373664856,0.9911360740661621
0.9754102230072021,0.019408784806728363,1.2475136518478394
0.30735352635383606,-0.6979817152023315,1.2867320775985718
0.8307538032531738,0.24900352954864502,0.769208550453186
0.43476319313049316,-0.4280988276004791,1.2345094680786133
1.0582249164581299,0.5174650549888611,0.8563754558563232
0.47119802236557007,-0.2692623734474182,0.9079322814941406
1.3233346939086914,0.004966075532138348,1.2561533451080322
0.04198085516691208,-0.49441081285476685,0.8187227249145508
0.9881990551948547,-0.7092133164405823,0.4544038474559784
1.3535706996917725,-0.09426546096801758,0.7607696056365967
0.9407323598861694,-0.4782545566558838,1.3968087434768677
1.3354851007461548,-0.4147210121154785,1.1484718322753906
0.4203086495399475,-0.31847473978996277,1.5039466619491577
1.2751997709274292,-0.34637650847435,0.9238001108169556
1.2833614349365234,-0.016113534569740295,1.3298321962356567
0.474229633808136,0.02933652326464653,0.8588652014732361
1.0505411624908447,-0.9101936221122742,0.6417772769927979
0.6380472183227539,-0.45026490092277527,1.0653706789016724
0.4011295437812805,-0.3207018971443176,1.2148218154907227
0.7198703289031982,-0.8877518177032471,1.1804866790771484
0.3690800368785858,0.3336282968521118,0.8981791734695435
0.20618869364261627,-0.5848248600959778,0.855221152305603
0.7678671479225159,-0.6882405281066895,0.7436720132827759
1.22882080078125,-0.5759883522987366,1.2760660648345947
0.2680119276046753,-0.2783810496330261,1.2039660215377808
1.2056663036346436,0.006251662969589233,1.3028086423873901
0.2861671447753906,-0.37655332684516907,1.3147672414779663
0.9253829717636108,0.07251879572868347,0.9956129789352417
1.2221250534057617,-0.6653482913970947,0.8292554616928101
0.4551032781600952,-0.13000115752220154,1.5236706733703613
0.6419788599014282,-1.0149457454681396,0.830558180809021
0.5560975670814514,-0.0868426039814949,1.1231931447982788
0.04012415558099747,-0.45150071382522583,1.0469388961791992
0.48729002475738525,-0.005534353666007519,0.8930078148841858
0.5520032644271851,-0.5997782945632935,0.7815755009651184
0.32043516635894775,-0.6104865670204163,1.0454508066177368
0.9269736409187317,-0.7924190759658813,1.3979026079177856
0.678554892539978,0.21588468551635742,1.414527177810669
0.8556098937988281,0.20387114584445953,1.2311372756958008
1.414722204208374,-0.05785566568374634,0.6779339909553528
0.3357435166835785,-0.5768485069274902,0.9171085357666016
0.7885025143623352,-0.05441240221261978,1.0607528686523438
0.8310977816581726,-0.3671782910823822,1.2048864364624023
1.2898297309875488,-0.7274848222732544,0.5897375345230103
0.5406614542007446,-0.1293865144252777,1.1678838729858398
0.8332139849662781,0.5419599413871765,0.9534178972244263
0.8860394358634949,-0.46552392840385437,1.4821339845657349
0.2656835913658142,-0.4970361590385437,1.3286304473876953
0.32318630814552307,-0.44288957118988037,0.8198007941246033
1.166596531867981,0.13680413365364075,1.0444222688674927
1.2688024044036865,-0.4592666029930115,0.3916585445404053
0.632103443145752,-0.6866048574447632,0.7750169038772583
0.5946815609931946,0.10949338227510452,0.7536041736602783
1.1829073429107666,-0.21177668869495392,0.5762190818786621
1.525843620300293,-0.1719103902578354,0.9787749648094177
1.0539588928222656,-0.43792909383773804,1.3096956014633179
1.4595457315444946,-0.2586340308189392,1.201202154159546
0.20578360557556152,0.0952175110578537,0.9341520071029663
0.6212946176528931,-0.7240103483200073,1.2696460485458374
0.9578830599784851,-0.7408818006515503,0.570782482624054
1.0612612962722778,-0.42035770416259766,1.2835439443588257
0.4248696267604828,-0.8983720541000366,1.054255723953247
0.263273149728775,-0.6744827032089233,0.9065937399864197
0.6433030366897583,0.004843275994062424,1.54609215259552
0.7592705488204956,-0.6020844578742981,1.2238503694534302
0.6362645626068115,-0.45193150639533997,1.3409950733184814
1.373423457145691,0.30162668228149414,0.8173872232437134
1.217226266860962,0.07818475365638733,1.225589394569397
0.49309349060058594,0.09491394460201263,1.0362709760665894
0.5947291851043701,-0.10943113267421722,0.8663142323493958
0.38531750440597534,-0.1652349829673767,1.4474573135375977
0.29620641469955444,-0.748744010925293,0.5433704853057861
1.2126317024230957,-0.846638560295105,0.6295790672302246
0.6832098960876465,-0.45298320055007935,1.3811792135238647
1.1483389139175415,-0.5247584581375122,0.48498857021331787
0.7638482451438904,-1.0448106527328491,0.8356641530990601
1.2014307975769043,-0.5244125127792358,1.279525876045227
0.6980533003807068,-0.11059002578258514,1.35752534866333
0.5664853453636169,-0.16775141656398773,1.408299207687378
0.8506692051887512,0.049779921770095825,1.4684875011444092
0.30333131551742554,-0.08537335693836212,1.0996198654174805
0.6243207454681396,-0.5572066307067871,1.5236107110977173
0.921284019947052,-0.6130627393722534,1.144647240638733
0.537639319896698,-0.1566818207502365,0.9981169104576111
0.36188143491744995,-0.2558741569519043,1.1763830184936523
0.49106231331825256,0.032544877380132675,1.4927445650100708
0.5901104807853699,-0.8219204545021057,1.3470966815948486
0.3259430527687073,0.12097210437059402,0.7751895785331726
0.39940330386161804,0.24435396492481232,1.2402324676513672
0.8231600522994995,-0.1995023787021637,1.5411455631256104
0.7020999789237976,-0.7970086336135864,0.8620156645774841
0.5419758558273315,-0.7700319290161133,0.9458403587341309
1.2962453365325928,-0.6523394584655762,1.1146907806396484
0.4265875518321991,-0.13441210985183716,1.5036249160766602
0.24294134974479675,-0.5915215015411377,1.2697798013687134
0.8606250286102295,-0.6838716268539429,1.4005603790283203
0.539362907409668,0.06476781517267227,1.2692676782608032
0.8136537671089172,-0.25462082028388977,1.3919975757598877
0.16380146145820618,-0.2532784938812256,1.1647669076919556
0.9229778051376343,-0.4953243136405945,1.5111310482025146
1.4394997358322144,-0.1860942840576172,1.2136561870574951
1.3591853380203247,-0.13012124598026276,1.0262837409973145
0.45430222153663635,-0.02879711240530014,1.3189433813095093
0.7464908361434937,0.1772749423980713,1.3388121128082275
1.0062201023101807,-0.668663740158081,0.9248611927032471
0.3588266968727112,-0.17426367104053497,1.1605268716812134
0.36349380016326904,-0.7697361707687378,0.562065839767456
0.7320528030395508,0.10395801067352295,1.099263072013855
0.6704790592193604,0.24294185638427734,1.0529541969299316
0.658059298992157,-0.7170850038528442,0.818967342376709
0.4443603754043579,0.037115491926670074,1.2973260879516602
0.8193919658660889,0.26579251885414124,1.239142894744873
0.8691542744636536,-0.2665083110332489,1.5816739797592163
0.41698840260505676,-0.48507219552993774,1.4134896993637085
0.7044075131416321,0.06184494122862816,1.1764583587646484
1.121408462524414,-0.6361944675445557,1.271241545677185
1.1506271362304688,-0.33095210790634155,1.4036359786987305
0.6390780210494995,-0.6591516733169556,1.3141281604766846
0.9960078597068787,-0.22460933029651642,1.549498200416565
1.0786247253417969,-0.8420720100402832,1.1311440467834473
1.0006963014602661,-0.7266748547554016,0.7275598049163818
0.45796921849250793,-0.0724094957113266,1.08967924118042
0.6178507208824158,-0.7076972126960754,0.5217272639274597
0.7288031578063965,-1.0205053091049194,0.9653962850570679
0.8053058385848999,-0.5711769461631775,1.1096432209014893
0.37825119495391846,-0.047547005116939545,0.9962742328643799
0.45296114683151245,-0.06754729151725769,0.9529100060462952
1.022092342376709,0.1333722025156021,0.7589695453643799
0.6022692918777466,-0.5663005113601685,0.7537275552749634
0.9127392768859863,-0.5855326652526855,1.2952369451522827
0.7640014886856079,0.20873059332370758,1.3660317659378052
0.9747751951217651,-0.3921103775501251,0.7712382674217224
0.5360225439071655,-0.5314769744873047,0.791746973991394
0.3891439139842987,-0.1580830067396164,0.8396026492118835
0.811440646648407,0.27203452587127686,1.2385472059249878
0.4259781837463379,-0.4626348316669464,0.912359356880188
0.999568521976471,-0.5306719541549683,1.2762033939361572
0.350275456905365,0.06592189520597458,1.084241509437561
0.5806931257247925,-0.19082318246364594,1.255670189857483
0.13464267551898956,0.12333747744560242,0.8861445188522339
0.8798957467079163,-0.9433552026748657,0.7241138815879822
0.5916317701339722,-0.1234332025051117,1.40472412109375
0.3935677111148834,-0.46149617433547974,0.8973302841186523
0.5887848138809204,-0.1983766108751297,1.2492163181304932
0.5685723423957825,-0.21561948955059052,1.2763293981552124
0.45333942770957947,-0.6556950211524963,0.8150556683540344
0.7332720756530762,0.2077687382698059,1.2216320037841797
0.2903585433959961,-0.6527488231658936,0.7345840930938721
1.1822917461395264,-0.12354224920272827,0.8725228309631348
0.32283246517181396,-0.35253143310546875,1.0062819719314575
0.30996233224868774,-0.42728954553604126,1.3418241739273071
0.6400213837623596,-0.5672652721405029,0.832776665687561
0.8974416851997375,-0.6298081874847412,0.9072953462600708
0.9797428846359253,-0.08530286699533463,0.8934637308120728
0.4843079447746277,-0.4036571681499481,0.9262551665306091
1.2326457500457764,-0.8286637663841248,1.1298904418945312
0.29894185066223145,-0.026393502950668335,0.8578643202781677
0.7815836668014526,0.33832839131355286,1.1264535188674927
0.48514461517333984,-0.7028588056564331,1.082004189491272
0.7356191873550415,-0.7324163913726807,0.8518864512443542
0.784717857837677,-0.9248735904693604,1.2625243663787842
1.045140266418457,0.08177878707647324,1.49723482131958
0.8249232769012451,-0.6035990715026855,1.4299315214157104
0.43842628598213196,0.07809825241565704,1.312888741493225
0.5078966617584229,0.13347163796424866,0.9234830141067505
0.4917478561401367,-0.665958046913147,1.1206870079040527
0.9369840621948242,-0.14022083580493927,1.4400599002838135
0.6567348837852478,-0.5175358057022095,0.8236052989959717
1.1251206398010254,-0.4971524477005005,0.9753304719924927
0.699387788772583,-0.40237659215927124,1.248277187347412
0.563157856464386,-0.43603476881980896,1.1564831733703613
1.0796345472335815,-0.3221845328807831,1.265511393547058
0.08370459079742432,-0.607957124710083,0.9028109312057495
0.8694344758987427,-0.8773680329322815,1.0476341247558594
0.28254449367523193,-0.19297084212303162,0.8624235987663269
0.7363709211349487,-0.2672191262245178,1.5509542226791382
0.27098703384399414,0.18640194833278656,0.8481048345565796
0.3271721601486206,-0.31918638944625854,1.329531192779541
0.38849076628685,-0.2728729844093323,1.4508213996887207
0.5874729752540588,0.2696199417114258,1.3596242666244507
0.8936238288879395,0.14692044258117676,1.4007654190063477
0.3817673325538635,0.08565564453601837,0.9785264730453491
0.6304789185523987,-0.09208709001541138,1.4890297651290894
0.6008628010749817,-0.5060743689537048,1.007673740386963
0.7734137773513794,-0.02237122505903244,1.383183479309082
0.7509875893592834,-0.7141103744506836,0.8354249596595764
0.39363956451416016,-0.0878819152712822,1.2696003913879395
1.0518428087234497,-0.14853332936763763,1.550758957862854
0.7035322785377502,0.005539901554584503,1.4722557067871094
0.4572282135486603,-0.5995640158653259,1.4033756256103516
0.8228560090065002,-0.8296834230422974,0.6547423005104065
0.8855255842208862,0.18137025833129883,0.8960129022598267
1.436344861984253,-0.05197891965508461,1.2864372730255127
0.7754427194595337,-0.46428626775741577,1.3809932470321655
0.8663805723190308,0.15392740070819855,1.2335268259048462
0.39189431071281433,-0.14854580163955688,0.7768478393554688
1.4038655757904053,-0.053259171545505524,0.5061922073364258
0.8747824430465698,0.013675862923264503,1.5482556819915771
0.36897364258766174,0.019901253283023834,1.33448326587677
0.4947671592235565,0.22724007070064545,1.4032301902770996
1.236290454864502,-0.17143785953521729,0.5835376977920532
0.7219685316085815,-0.9555649757385254,0.6266046762466431
0.589019238948822,-0.12405488640069962,1.1754904985427856
0.4759567379951477,-0.19668874144554138,1.318217158317566
0.4599330723285675,-0.024472959339618683,1.5109559297561646
0.9740161895751953,-0.9331896305084229,1.1884007453918457
1.0011833906173706,-0.5527728796005249,1.0705957412719727
1.4611085653305054,-0.3731798231601715,0.5463078618049622
0.4163006544113159,-0.2932230532169342,1.3465673923492432
0.4614454507827759,-0.12805090844631195,1.447030782699585
0.4767875671386719,-0.33988964557647705,1.2771128416061401
0.6834774017333984,-0.6637808084487915,0.7491194009780884
0.6363725066184998,-0.8829284310340881,1.2014851570129395
0.5259066820144653,0.24453701078891754,1.2590190172195435
0.8024473190307617,-0.5526010394096375,1.332859992980957
0.4850412607192993,-0.11861194670200348,0.8099124431610107
0.4559251070022583,-0.49135029315948486,0.9520979523658752
0.3911989629268646,-0.5035693049430847,1.391758918762207
0.26497891545295715,0.1593780368566513,1.1187150478363037
0.6478305459022522,-0.645113468170166,1.4685289859771729
0.4952136278152466,0.01926632970571518,1.490916132926941
1.5572937726974487,-0.4159519374370575,0.7712758779525757
0.7854021787643433,-0.5486923456192017,1.2445363998413086
1.0299603939056396,0.14713312685489655,1.461432933807373
0.7137478590011597,0.18738020956516266,1.4534151554107666
0.7475086450576782,-0.5737712383270264,0.8496906161308289
0.9791892170906067,-0.806046724319458,0.5466910004615784
0.8565317988395691,-0.8531948924064636,1.329803705215454
0.5463948845863342,-0.0429147332906723,1.5108978748321533
1.3150343894958496,-0.026651427149772644,1.308701992034912
0.7434982061386108,-0.700467586517334,1.1863305568695068
1.0558154582977295,0.03761230409145355,0.9974150657653809
0.9571393132209778,0.1920953094959259,1.4254659414291382
0.35836511850357056,0.07299651950597763,1.1861557960510254
1.1026945114135742,-0.35892730951309204,1.1826900243759155
0.6142085790634155,0.2269873321056366,1.3537660837173462
1.0376579761505127,-0.6704244017601013,1.1990875005722046
0.6572569608688354,0.14781707525253296,1.4366687536239624
1.1523585319519043,-0.4189094007015228,1.2501064538955688
0.9758553504943848,-0.9584900140762329,0.7740532159805298
0.4916766285896301,-0.20741033554077148,0.9010592103004456
0.6371986865997314,-0.007828816771507263,0.7666062116622925
0.8578092455863953,-0.7483412027359009,0.5435028076171875
0.40533745288848877,-0.5761009454727173,1.2647370100021362
0.6628402471542358,-0.7597293853759766,1.3516614437103271
0.7216719388961792,-0.7534529566764832,0.6684798002243042
0.4555615484714508,-0.14408640563488007,1.5135347843170166
1.0328565835952759,0.19328248500823975,0.9672814607620239
0.21521832048892975,-0.7924492359161377,0.8299497365951538
0.4138493239879608,-0.5199745297431946,1.157829999923706
0.11471431702375412,-0.40768715739250183,1.2313119173049927
0.6107589602470398,-0.20139211416244507,1.535221815109253
0.3666045665740967,-0.27682238817214966,1.0817832946777344
0.9435484409332275,0.03831101208925247,1.1640534400939941
0.5105298161506653,0.0352625846862793,1.1620171070098877
0.952139675617218,-0.44064655900001526,1.1780644655227661
0.6080468893051147,-0.8417796492576599,1.19441819190979
0.802369236946106,-0.6075912714004517,0.8814956545829773
1.0205925703048706,0.04899698868393898,1.1804255247116089
0.4607068598270416,-0.4549501836299896,1.007082462310791
0.19820035994052887,0.1834452748298645,0.8982784748077393
0.797896683216095,0.07159779965877533,1.318285346031189
0.8465766906738281,0.3482080101966858,1.044689416885376
0.15058615803718567,-0.11622287333011627,1.3089334964752197
0.5850213170051575,0.10218770056962967,1.1271674633026123
0.42220044136047363,-0.7020800113677979,1.0749353170394897
1.0147404670715332,0.024673186242580414,0.7536755800247192
0.8404044508934021,-0.46381983160972595,1.5632264614105225
0.9582465887069702,-0.05481157451868057,1.5238621234893799
1.179569959640503,-0.5729032158851624,1.2827852964401245
0.6204386353492737,0.22975334525108337,0.9905015230178833
0.5640408992767334,-0.8652144074440002,1.229584813117981
0.9061542749404907,-0.6586923003196716,0.9956278800964355
1.2466912269592285,0.025720611214637756,1.2307333946228027
1.0091817378997803,-0.811898410320282,0.6261883974075317
0.881552517414093,-0.5401445031166077,1.3308770656585693
1.0181365013122559,0.21555733680725098,1.1711522340774536
0.6296278238296509,-0.5735647082328796,1.2010101079940796
1.2065064907073975,-0.17918513715267181,1.358430027961731
0.5742179155349731,-0.006108492612838745,1.456397294998169
1.1936368942260742,0.05277561396360397,1.4548773765563965
1.015119194984436,-0.3909587860107422,1.4004385471343994
1.043318510055542,-0.43263840675354004,0.7741630673408508
0.4692927896976471,0.07883040606975555,1.4421501159667969
0.6268289089202881,-0.05042789876461029,0.8099542856216431
0.7015277743339539,-0.783767580986023,1.2707970142364502
0.5766844749450684,-0.16357068717479706,1.3180689811706543
1.4009026288986206,-0.0764002799987793,0.6718586683273315
0.26842638850212097,-0.07208094745874405,1.3991801738739014
1.0087946653366089,0.09749984741210938,1.0935102701187134
0.5954403877258301,-0.7325842380523682,0.800510823726654
0.5035272836685181,-0.5200779438018799,0.9855213165283203
1.0080130100250244,-0.02308870106935501,0.8381971716880798
0.5945700407028198,-0.7238550186157227,0.6055429577827454
0.9747591018676758,-0.830983579158783,0.7257576584815979
1.2328161001205444,-0.17689570784568787,1.256801962852478
0.8707932829856873,-0.40364640951156616,1.579326868057251
0.7092093825340271,-0.9518850445747375,0.7329322695732117
1.3862650394439697,-0.21461975574493408,1.3637757301330566
0.4758468270301819,-0.24554939568042755,0.9525753259658813
1.023834228515625,-0.7507070302963257,0.792160153388977
0.571258544921875,-0.49464258551597595,1.4480485916137695
1.1191743612289429,-0.8488836288452148,1.208725094795227
0.9304637312889099,-0.7898442149162292,1.323712706565857
0.3892573416233063,-0.27297481894493103,1.2976982593536377
0.78805011510849,0.547933042049408,0.7510887384414673
0.6001060605049133,-0.9292659163475037,0.7439953088760376
0.5773289799690247,0.27476486563682556,1.4072974920272827
0.4925854206085205,-0.3587104380130768,1.4064810276031494
1.026047945022583,-0.6047738194465637,0.7762426733970642
0.5212993025779724,-0.24413812160491943,1.449414849281311
0.6245611906051636,-0.7216609716415405,0.9044272899627686
1.2939658164978027,-0.08817096054553986,1.0030930042266846
0.33561521768569946,-0.25136664509773254,1.469817876815796
0.908196747303009,-0.6545145511627197,1.3216476440429688
0.5947344303131104,0.22558186948299408,0.985521137714386
0.5863760709762573,-0.4797816276550293,1.5321135520935059
0.3856413960456848,-0.585219144821167,1.0029653310775757
0.2771548628807068,0.12421800196170807,0.9541620016098022
1.2060192823410034,-0.9211963415145874,0.831788957118988
0.7873963713645935,-0.3452810049057007,1.2450463771820068
0.637708842754364,-0.24861666560173035,0.8299196362495422
0.9781008362770081,-0.9539588689804077,1.1339865922927856
1.2498375177383423,-0.11834907531738281,1.2814483642578125
0.8818384408950806,-0.019234366714954376,1.3854625225067139
0.9725347757339478,-0.17679807543754578,1.461452841758728
0.9935468435287476,-0.6446446180343628,0.7279011011123657
0.520315408706665,-0.6940057277679443,1.3254066705703735
0.6112796068191528,0.11823127418756485,1.1162432432174683
0.6676595211029053,-0.5640715956687927,0.8242064714431763
0.3632132112979889,-0.1972273886203766,0.9695701599121094
0.4952569305896759,-0.7676957845687866,1.193647027015686
1.0546411275863647,0.09711622446775436,1.4966683387756348
0.7186098098754883,-0.49344193935394287,1.3824617862701416
0.897840142250061,-0.738174319267273,0.4439500570297241
0.9897377490997314,-0.18064308166503906,1.1043206453323364
0.876072347164154,0.06550339609384537,0.9667508602142334
0.4982522130012512,-0.3720233142375946,1.1075780391693115
0.26913905143737793,0.05603351444005966,1.060924768447876
0.737782895565033,-0.8096533417701721,1.2230340242385864
0.51340252161026,-0.42608901858329773,0.8553407192230225
1.0553354024887085,-0.1101934164762497,1.270725965499878
0.38000187277793884,0.3189716637134552,1.1915541887283325
0.4430030584335327,-0.18500685691833496,1.394261360168457
0.2203732430934906,0.05759746953845024,0.9282833337783813
1.1621228456497192,-0.28195634484291077,1.4501802921295166
0.839471161365509,-0.37072157859802246,1.5199556350708008
1.0876860618591309,0.05294162034988403,1.4211012125015259
0.7303877472877502,0.13195079565048218,1.304366946220398
0.7794520854949951,0.2969397306442261,0.8457666635513306
0.9486888647079468,0.35208478569984436,1.3079367876052856
0.8519839644432068,-0.15813419222831726,1.5685821771621704
0.943580687046051,0.09221304208040237,1.3287538290023804
0.2664624750614166,-0.7129930853843689,0.6870604753494263
1.2537461519241333,-0.1972944587469101,0.9060686826705933
0.5684202909469604,-0.5697689056396484,1.510587215423584
0.0673898234963417,-0.30504536628723145,1.1233398914337158
0.6991150379180908,0.43356120586395264,0.8823553919792175
0.30219095945358276,-0.5392658710479736,1.0092506408691406
0.2573451101779938,0.10743970423936844,1.0844556093215942
0.29526758193969727,-0.41619962453842163,1.3109209537506104
0.8407793045043945,0.17413166165351868,1.2622077465057373
0.48729825019836426,-0.07391181588172913,0.7917635440826416
0.6297112107276917,-0.21947592496871948,1.576729416847229
1.036869764328003,0.5100294947624207,0.7670271396636963
0.8597961664199829,-0.6862894892692566,1.3975509405136108
0.22539553046226501,0.11126850545406342,0.9496454000473022
0.9324668645858765,-0.4204597473144531,1.1936566829681396
0.17705026268959045,-0.3701550364494324,1.2973326444625854
0.7870461344718933,-0.14658211171627045,1.484374761581421
0.5925272703170776,-0.6780797243118286,1.276750087738037
0.616309404373169,-0.9128336906433105,1.1843301057815552
1.5156850814819336,-0.5714618563652039,0.7901198863983154
1.2226383686065674,0.09790611267089844,0.7287580370903015
1.3528151512145996,-0.11294835060834885,1.2610746622085571
1.0557225942611694,0.2051059603691101,1.245463252067566
1.2716786861419678,0.05060352385044098,0.660761833190918
0.403509259223938,-0.6238292455673218,0.8798151016235352
0.48403018712997437,-0.3497251570224762,1.491781234741211
1.3398494720458984,-0.0945684090256691,1.270742416381836
0.8181408643722534,-0.7416782975196838,1.0580675601959229
0.7355135083198547,-0.3014543056488037,1.172163724899292
0.7669371962547302,-0.5563642382621765,0.7851870656013489
1.101179838180542,-0.7878521680831909,0.8684724569320679
0.5787288546562195,0.05480088293552399,1.4206740856170654
0.3339119255542755,-0.3694460690021515,0.9672122001647949
1.505568265914917,-0.5961202383041382,0.8151391744613647
1.139612078666687,-0.4560607969760895,0.6945652961730957
0.6072662472724915,-0.10714960843324661,1.5034871101379395
0.8306646347045898,0.3174777030944824,1.3624533414840698
0.6858997941017151,-1.025152325630188,0.7528092861175537
0.6409043669700623,-0.012621045112609863,1.243369698524475
0.7746710181236267,0.5130893588066101,0.9697351455688477
0.38421088457107544,-0.606706976890564,0.8951371908187866
0.014979220926761627,-0.3809269368648529,0.9398013353347778
0.30025753378868103,0.05035318434238434,1.1522644758224487
0.9631243944168091,-0.08395847678184509,0.7591328620910645
0.8360432982444763,0.3268204629421234,1.2088291645050049
0.9820482730865479,0.08977878093719482,1.504090428352356
1.1759862899780273,-0.40600913763046265,0.5813974142074585
0.43826496601104736,-0.7045596837997437,1.1973258256912231
0.8522910475730896,-0.6759923696517944,0.6636988520622253
0.3672095537185669,0.2555067241191864,1.1328588724136353
0.38844984769821167,-0.23362532258033752,1.4729459285736084
1.0468053817749023,-0.8959059715270996,0.8656830787658691
1.2949024438858032,-0.5147095918655396,1.3564794063568115
1.0883805751800537,-0.860663115978241,1.230089545249939
1.2534202337265015,0.2781413793563843,0.9876110553741455
1.0555493831634521,0.10361500084400177,1.309862494468689
0.5796360373497009,-0.2562313675880432,1.3137704133987427
0.19773924350738525,-0.07762737572193146,1.1750997304916382
0.661268949508667,-0.4285634160041809,1.5366568565368652
1.0881481170654297,-0.9785236120223999,0.9689127206802368
1.0389665365219116,-0.07852049916982651,1.0862360000610352
0.3395656943321228,-0.02490989863872528,1.4332482814788818
0.4925135672092438,-0.5692861676216125,1.4291527271270752
0.8741902112960815,0.2678457498550415,0.769897997379303
0.5761573910713196,-0.272743821144104,1.537502646446228
1.0533554553985596,-0.3928212523460388,1.233013391494751
0.6000348329544067,-0.61685711145401,1.4492815732955933
0.6031195521354675,-0.9976918697357178,0.736200213432312
0.03673360496759415,-0.23437298834323883,1.0912574529647827
0.5898597240447998,-0.4509502947330475,1.2835960388183594
0.6022050380706787,-0.07698954641819,1.274357557296753
1.2570061683654785,-0.8604258298873901,0.7032721638679504
1.1572786569595337,-0.6629722118377686,1.162871241569519
0.8937307000160217,-0.009335711598396301,1.1215362548828125
0.7196288108825684,0.1715540587902069,1.2313766479492188
0.9125280380249023,-0.5414614677429199,1.061244010925293
0.4016053080558777,0.11115236580371857,0.7983016967773438
0.11425808817148209,0.1782451570034027,0.7930538654327393
0.785076379776001,0.2537773549556732,1.3263731002807617
0.3831576108932495,-0.27530309557914734,1.4930875301361084
1.0545103549957275,0.006746514700353146,0.9041990041732788
0.306580513715744,0.02880379557609558,0.8433432579040527
1.1560227870941162,-0.2907058000564575,0.8521816730499268
0.424500972032547,-0.02797248214483261,1.2263022661209106
1.2532525062561035,-0.5681757926940918,1.3540458679199219
0.8561736345291138,0.044320546090602875,1.307302713394165
0.28957799077033997,-0.3541427254676819,1.1693181991577148
0.9816311597824097,-0.3707626163959503,1.326555609703064
1.063687801361084,-0.7653294801712036,0.6660518646240234
0.34405648708343506,-0.5907669067382812,1.2908406257629395
0.8024281859397888,0.04054322838783264,1.3854875564575195
0.8892080783843994,-0.1630486696958542,1.5811675786972046
0.3880949318408966,-0.3666207492351532,1.4848729372024536
1.391857385635376,-0.1616656333208084,1.1764981746673584
1.0631628036499023,-0.1576150357723236,1.3091943264007568
0.4314979314804077,-0.16594848036766052,0.9295644760131836
0.9461765289306641,0.41658589243888855,1.1381380558013916
0.42208075523376465,-0.03792408108711243,1.1527795791625977
0.4119279086589813,-0.07865273207426071,1.3258239030838013
1.2812482118606567,-0.48269152641296387,1.2856730222702026
0.33693572878837585,-0.47170546650886536,0.8526029586791992
1.1814076900482178,0.05242642015218735,1.2721174955368042
1.0356144905090332,-0.6112223863601685,1.2510524988174438
0.7605308890342712,-0.3119927644729614,1.1697379350662231
1.0249378681182861,-0.7369363307952881,1.3243145942687988
0.5684260129928589,0.2824845612049103,1.2854554653167725
0.23561780154705048,-0.3764449656009674,1.1010925769805908
0.4923548400402069,-0.05384804308414459,1.3929598331451416
0.6997946500778198,-0.6053992509841919,1.4027527570724487
1.3798627853393555,-0.12706175446510315,1.248037576675415
1.2902151346206665,-0.5108206272125244,0.844025731086731
1.0603251457214355,-0.03009415790438652,0.7663204073905945
0.46777182817459106,-0.21193775534629822,1.450766921043396
0.6034688353538513,0.11813394725322723,1.2766278982162476
0.9770255088806152,0.03756355494260788,0.8221933245658875
1.0380442142486572,-0.588535487651825,0.8287386894226074
0.4897327423095703,0.37468546628952026,1.1882786750793457
0.34430578351020813,-0.40242910385131836,1.4668939113616943
0.6788595914840698,-0.58913254737854,0.8212625980377197
1.2910929918289185,-0.26456061005592346,1.2450026273727417
1.017587423324585,-0.2900197207927704,1.5373094081878662
1.0572538375854492,-0.2036971151828766,1.2063857316970825
0.5075951218605042,-0.8130629062652588,0.9835286140441895
1.0022588968276978,0.014381807297468185,1.0230871438980103
1.0917495489120483,-0.21630403399467468,0.9124425053596497
0.6932896971702576,-0.5757406949996948,0.8072968125343323
0.9019092321395874,-0.28884536027908325,1.5769754648208618
0.6531631946563721,-0.470255970954895,1.1287901401519775
0.30644291639328003,-0.09187070280313492,1.1398786306381226
0.29921746253967285,-0.6609959602355957,0.6072128415107727
0.5897453427314758,-0.7399102449417114,1.315490961074829
0.4624215066432953,-0.523997962474823,0.8121712803840637
0.5582749843597412,-0.4257371425628662,1.3288793563842773
0.5350919961929321,-0.10834577679634094,1.5320982933044434
0.5670369863510132,-0.646469235420227,1.2856906652450562
1.253391981124878,-0.6837384700775146,0.9923868179321289
1.2969250679016113,-0.7744638919830322,1.1198079586029053
0.4569593369960785,-0.3330860137939453,0.9294257760047913
0.988239049911499,-0.13593429327011108,1.562778115272522
0.8957462310791016,0.10175438225269318,0.7960392236709595
0.31114524602890015,-0.47130286693573,1.0001401901245117
0.901798665523529,0.07185575366020203,1.1994249820709229
0.3887085020542145,-0.36205023527145386,1.0218937397003174
1.187766671180725,-0.11986106634140015,1.322030782699585
0.6279076933860779,0.48536795377731323,1.055649757385254
0.8587871789932251,0.11986713111400604,0.9463303089141846
0.8237051963806152,0.02360488474369049,0.7503184080123901
0.4267761707305908,-0.2812997102737427,0.8209754228591919
0.4485706388950348,0.3784252405166626,1.0613099336624146
1.1829630136489868,0.005742537789046764,1.183012843132019
0.7254348993301392,0.35304591059684753,0.7859789133071899
0.46798932552337646,-0.16515646874904633,1.3395180702209473
0.21098347008228302,-0.32047683000564575,1.3498984575271606
0.20608611404895782,-0.6255790591239929,0.7777131795883179
1.1536449193954468,-0.8391727209091187,1.1785519123077393
0.6689625382423401,-0.12605907022953033,1.247789740562439
1.3532671928405762,-0.5289456248283386,1.2250416278839111
0.6421474814414978,-0.6047570705413818,0.9722975492477417
0.14687897264957428,-0.284932017326355,0.766804039478302
0.5880104303359985,-0.2261144071817398,1.224900484085083
1.451939344406128,-0.5571810007095337,0.6914396286010742
0.959656834602356,0.30639195442199707,1.3858230113983154
1.1314610242843628,-0.5290442109107971,1.1887093782424927
1.0455912351608276,-0.7434715628623962,0.4810669720172882
0.3368951976299286,0.08814561367034912,0.8850849866867065
0.36822396516799927,-0.5802232027053833,1.1025581359863281
0.3683094382286072,-0.015102498233318329,1.1199604272842407
1.0017502307891846,-0.056348949670791626,1.3310317993164062
1.4205386638641357,-0.4366081953048706,0.9640670418739319
0.1289377510547638,-0.27125024795532227,1.2057303190231323
0.7976987361907959,0.41648799180984497,1.2972643375396729
0.32359951734542847,-0.2009035050868988,0.9072364568710327
0.7993075847625732,-0.04329736530780792,1.2616907358169556
0.5871780514717102,-0.47168922424316406,1.531541109085083
0.8812443614006042,-0.263545423746109,1.5640640258789062
1.1658109426498413,-0.7030037641525269,0.9871028065681458
0.6736159920692444,-1.0094341039657593,1.0403313636779785
0.4359486699104309,-0.07722598314285278,1.5140845775604248
1.0487332344055176,0.2463427186012268,1.3661226034164429
1.1838159561157227,-0.20194664597511292,0.6987380385398865
1.2420369386672974,-0.543437123298645,0.5607870221138
0.345912367105484,-0.45301494002342224,1.0476653575897217
0.2787957191467285,0.048458512872457504,1.222774863243103
0.9505320191383362,-0.5374714136123657,1.3600821495056152
0.6841087341308594,-0.4345491826534271,1.1263428926467896
0.2728967070579529,0.16366471350193024,1.2971144914627075
0.3815486431121826,-0.6596521139144897,1.3320481777191162
0.22791236639022827,-0.38948723673820496,1.2743399143218994
1.3832061290740967,-0.16061386466026306,0.8065073490142822
1.53347647190094,-0.20644070208072662,1.037904977798462
0.8174566030502319,-0.7446163892745972,1.227288842201233
0.693111777305603,-0.8048274517059326,1.197923183441162
1.0478253364562988,0.28134891390800476,0.772810697555542
0.8702032566070557,-0.8960667252540588,1.2848538160324097
0.34838300943374634,0.061940111219882965,1.157592535018921
1.0143742561340332,0.19742953777313232,1.0976929664611816
0.6889500617980957,-0.6970898509025574,1.391730546951294
0.7380552887916565,-0.6615780591964722,0.5262386202812195
1.0950195789337158,-0.02001214027404785,1.3251149654388428
0.9025564193725586,-0.20942743122577667,1.346948504447937
0.8256880044937134,0.12263864278793335,1.365098476409912
0.5070235729217529,0.1244317814707756,1.3295739889144897
0.4987126886844635,-0.3556784987449646,1.4486781358718872
1.3258932828903198,0.32251960039138794,0.7435511350631714
0.336669921875,-0.6203747391700745,1.0549253225326538
0.9952001571655273,0.19788819551467896,0.7755387425422668
0.5979702472686768,0.15794262290000916,1.1115472316741943
1.1358695030212402,-0.28094491362571716,0.8115235567092896
0.8627287745475769,0.14324446022510529,1.1389966011047363
0.8522841930389404,0.008465304039418697,1.352752447128296
0.941328763961792,-0.5376704335212708,1.278929352760315
1.1583586931228638,-0.29536381363868713,1.272127628326416
0.40676337480545044,0.003230404108762741,1.4753849506378174
1.1794493198394775,-0.1535363495349884,0.9494473934173584
1.2630996704101562,-0.712279736995697,0.6724932193756104
1.2775311470031738,-0.34718120098114014,0.999241828918457
0.4115285277366638,-0.21022875607013702,1.3737677335739136
0.8961646556854248,-0.5411375761032104,1.4665048122406006
0.15893784165382385,-0.3571966290473938,1.2033634185791016
0.4971805512905121,-0.21933917701244354,1.4270726442337036
0.8212792277336121,-1.0131784677505493,0.7826985716819763
1.3190326690673828,-0.5290027856826782,0.9713398218154907
0.2796798646450043,-0.1611059457063675,1.04404616355896
0.7500154972076416,0.10057491064071655,0.834851086139679
0.382841557264328,-0.3853989541530609,1.4175838232040405
1.052975058555603,-0.15283969044685364,1.1123270988464355
0.44928213953971863,0.03364986181259155,1.251509666442871
1.067520260810852,-0.48794692754745483,1.2232223749160767
0.8540563583374023,-0.8230709433555603,0.8717225193977356
1.0354650020599365,-0.6279903650283813,0.7415798902511597
1.3047772645950317,-0.09942320734262466,1.2283339500427246
1.1776180267333984,-0.2621370255947113,0.7206395864486694
0.9153152704238892,0.22252751886844635,1.3278210163116455
0.2666194438934326,-0.024426503106951714,1.2055059671401978
0.3418557345867157,-0.1506825089454651,0.8294752836227417
1.0109891891479492,-0.7034856081008911,1.17160964012146
0.2643727660179138,-0.16822151839733124,0.9827225804328918
0.4073657989501953,-0.32278650999069214,1.2783002853393555
0.49770504236221313,0.2290297895669937,0.8781954646110535
0.8093366622924805,-0.8776131868362427,1.03749418258667
0.6721938252449036,-0.3418324589729309,1.5761570930480957
1.3268845081329346,0.21321627497673035,1.220163345336914
1.3343846797943115,-0.2555457651615143,1.1142981052398682
1.0892707109451294,-0.35317501425743103,0.8320581912994385
0.4980691373348236,-0.009388323873281479,0.9138367772102356
0.8849911093711853,0.373553067445755,1.269447684288025
0.5673716068267822,-0.7302563786506653,1.2375036478042603
0.8161992430686951,-0.2760653495788574,1.519089937210083
0.6760220527648926,0.03155416622757912,0.8225476741790771
1.2138164043426514,-0.2890331447124481,0.46273577213287354
1.1048372983932495,-0.7962385416030884,1.2861065864562988
1.217220425605774,0.37162676453590393,1.0017346143722534
1.0030407905578613,-0.04991188645362854,0.7664040327072144
0.2123415321111679,-0.6818461418151855,0.5835680365562439
0.7898687720298767,-0.20142844319343567,1.1680045127868652
1.0805528163909912,-0.03117823600769043,0.7733554244041443
0.9718503952026367,-0.7412025332450867,1.2308396100997925
0.6195135712623596,-0.7054474353790283,0.7163186073303223
0.5183186531066895,-0.7843660712242126,1.0948017835617065
1.051261067390442,-0.13358846306800842,1.4542255401611328
0.5521702170372009,-0.6144481301307678,0.9110252857208252
0.8165507316589355,-0.4076407849788666,1.162117838859558
0.5067675113677979,-0.44061148166656494,1.201560139656067
0.8394355177879333,-0.7006248235702515,0.5395254492759705
0.48284637928009033,0.24940666556358337,1.231331706047058
0.4014089107513428,0.03993367403745651,1.336115837097168
0.5992845296859741,-0.044237375259399414,1.483245611190796
0.5706039071083069,-0.5463197231292725,1.369907259941101
0.7758239507675171,-0.5005133152008057,1.5522258281707764
1.082442283630371,-0.5404865741729736,1.479099988937378
0.2227327674627304,0.13129188120365143,1.2211707830429077
0.29903197288513184,-0.3329857289791107,0.9346247911453247
1.313470721244812,-0.05572189763188362,1.1978822946548462
0.39534905552864075,-0.6042686104774475,1.2400113344192505
1.3890799283981323,-0.4626300632953644,0.8050367832183838
0.183357834815979,-0.4305315613746643,0.9453099966049194
1.2861248254776,-0.011329714208841324,1.3029600381851196
0.3951018154621124,0.36150601506233215,0.8349177837371826
0.884399950504303,-0.4192197918891907,1.4720323085784912
0.9632796049118042,-0.11563184857368469,1.4140043258666992
0.48859941959381104,-0.607144832611084,1.4648865461349487
1.1813007593154907,-0.04963189363479614,1.3922739028930664
0.4456596374511719,-0.5947385430335999,0.755924642086029
0.5279673337936401,-0.05050898343324661,1.2611359357833862
1.4296208620071411,-0.563478946685791,0.6104560494422913
0.9280031323432922,-0.08863048255443573,1.5122802257537842
1.0257407426834106,0.37319403886795044,0.9627476930618286
0.6939853429794312,-0.011760100722312927,1.3298771381378174
0.5159524083137512,0.04202735424041748,1.466076135635376
0.8839715719223022,-0.03025958314538002,1.3271703720092773
0.5206204056739807,-0.6572727560997009,1.4497177600860596
0.26249372959136963,-0.47330835461616516,1.2053428888320923
0.8872803449630737,0.23506344854831696,0.9921268224716187
1.0994940996170044,0.40773117542266846,0.8141025304794312
0.5242820978164673,-0.09303765743970871,0.8519946336746216
1.3940637111663818,-0.4407693147659302,1.2107946872711182
0.12872862815856934,-0.5424016714096069,1.0236010551452637
1.2813920974731445,-0.4279063940048218,1.238789677619934
1.325907826423645,-0.5725889205932617,1.1009026765823364
0.8907999396324158,-0.8894625306129456,1.1853961944580078
1.211500883102417,-0.03376764804124832,0.6401482820510864
0.6948918700218201,-0.025461889803409576,1.4342694282531738
0.11524143069982529,-0.650702178478241,0.8198211193084717
0.9367503523826599,-0.4476468563079834,1.3718070983886719
1.0384917259216309,-0.6376316547393799,1.4345718622207642
0.4795859158039093,-0.361245721578598,1.2526977062225342
0.6329838633537292,-0.011327683925628662,1.3600715398788452
1.0663599967956543,-0.4313339591026306,1.087197184562683
0.6721327304840088,0.41734743118286133,1.0714863538742065
0.6417490243911743,-0.4101651608943939,1.4128375053405762
1.2859869003295898,-0.31186360120773315,1.3941707611083984
1.5071754455566406,-0.2783726751804352,0.8274427652359009
0.1607254296541214,-0.4613986015319824,1.1092565059661865
1.0665452480316162,-0.6255552768707275,1.2375494241714478
0.9998647570610046,-0.5463257431983948,1.368906855583191
0.8302745819091797,-0.6743460893630981,1.4069430828094482
0.5014729499816895,-0.30993616580963135,1.269700527191162
0.9133079648017883,-0.7512994408607483,1.3774458169937134
0.3089546859264374,0.36984139680862427,0.7592846751213074
0.7458984851837158,-0.33225253224372864,1.5675684213638306
1.2133718729019165,0.023752361536026,1.1641900539398193
0.23067541420459747,-0.2915504276752472,1.4009535312652588
0.6285408735275269,-0.8767900466918945,1.2803292274475098
0.9548246264457703,-0.44316211342811584,0.7536977529525757
0.4487982392311096,-0.43591949343681335,0.9456664323806763
1.1970080137252808,-0.8448426723480225,1.0716716051101685
0.3733770251274109,-0.3460980951786041,1.2321559190750122
0.6897553205490112,-0.09981465339660645,1.2227181196212769
0.5371091365814209,0.12193360179662704,1.0612164735794067
0.6132817268371582,-0.22842423617839813,1.5772110223770142
0.6531817317008972,0.12043500691652298,1.0207600593566895
1.3489760160446167,-0.1981465220451355,1.323777675628662
0.9746138453483582,-0.5507792830467224,0.9051921367645264
0.8828271627426147,-0.610916256904602,0.933260977268219
0.8964986801147461,-0.6139218211174011,0.8017860651016235
0.4292473793029785,-0.11568135023117065,1.1312966346740723
1.1137574911117554,0.13800470530986786,0.9949659109115601
0.9997142553329468,0.29361963272094727,0.7716057896614075
0.9814292192459106,-0.7283748388290405,0.8844578862190247
0.6965093612670898,0.21842676401138306,1.0858582258224487
0.8015847206115723,0.0738748088479042,0.828283429145813
0.34030482172966003,-0.5619792938232422,1.2512555122375488
0.2973056137561798,0.22525696456432343,1.2336643934249878
1.3227684497833252,-0.5322691798210144,1.1555521488189697
0.715667724609375,-0.7392755746841431,0.7207423448562622
0.5788930058479309,-0.5932762622833252,0.8514564633369446
1.027138352394104,-0.7002216577529907,1.1875882148742676
0.6524797677993774,0.10065191984176636,1.358981728553772
0.4134555757045746,-0.44871941208839417,0.9082582592964172
1.233420968055725,0.03445633500814438,1.0470393896102905
1.2623538970947266,-0.2364569753408432,0.7009930610656738
0.9874749779701233,0.1587337851524353,1.4172755479812622
1.2100634574890137,0.020695127546787262,1.379884958267212
1.380744457244873,0.23471304774284363,1.1189100742340088
0.5655044317245483,-0.3609464168548584,1.1058143377304077
0.5740287899971008,-0.7596975564956665,0.8888071775436401
0.07960601150989532,-0.32011255621910095,0.8473501205444336
0.5002918243408203,-0.07072114199399948,1.3798866271972656
0.9461934566497803,-0.8097663521766663,0.9550400376319885
1.057457447052002,-0.2121507078409195,1.1538910865783691
0.8943773508071899,0.13502255082130432,1.374434232711792
0.8081855773925781,-0.5101442933082581,1.5170609951019287
1.3598345518112183,-0.5666113495826721,1.1384817361831665
1.1027183532714844,-0.23030301928520203,1.0950181484222412
0.844946026802063,-0.11792533099651337,1.398269772529602
0.7903838157653809,-0.5377382040023804,0.9406201839447021
0.30478692054748535,-0.51999831199646,1.2309253215789795
1.197110891342163,-0.1618855744600296,1.418988585472107
0.6800997853279114,-0.6936995387077332,0.6324049234390259
0.23959094285964966,0.14861537516117096,1.0178261995315552
0.521793007850647,0.1516479104757309,1.1950079202651978
0.5799641609191895,0.14565548300743103,1.1159119606018066
0.9927980303764343,-0.5082008838653564,1.513251543045044
0.8056647777557373,0.2639842629432678,0.9956972002983093
0.1661156415939331,-0.25468891859054565,0.96968674659729
0.7097283601760864,0.1831754744052887,1.126896619796753
0.22058531641960144,0.048708945512771606,0.9184603691101074
0.7172321081161499,0.42713624238967896,1.176773190498352
0.8954936861991882,-0.6719874143600464,0.4703334867954254
0.37422969937324524,0.30279821157455444,1.0255175828933716
0.9400647878646851,-0.686874508857727,0.5683447122573853
1.1126130819320679,-0.40782010555267334,1.3612521886825562
0.397136390209198,-0.9190515279769897,0.8652009963989258
1.052567481994629,0.17600911855697632,1.067267656326294
1.4711536169052124,-0.0332634337246418,1.0203319787979126
0.34455448389053345,0.0714169517159462,1.3669865131378174
0.2644840180873871,-0.36472398042678833,1.3380157947540283
0.6906071305274963,0.043699730187654495,1.3698766231536865
0.6837296485900879,0.15462329983711243,1.3247896432876587
0.6582025289535522,-0.6305872797966003,1.209257960319519
0.683765172958374,-0.36094921827316284,1.3067054748535156
1.0367101430892944,-0.7277820110321045,1.2462642192840576
0.8158067464828491,-0.7609959840774536,1.3179142475128174
0.9470097422599792,0.3172726333141327,1.3060550689697266
1.141963243484497,-0.043385282158851624,0.4207749366760254
0.6219332814216614,-0.1656121164560318,1.1259721517562866
1.3049664497375488,-0.7084482312202454,0.5233067274093628
0.20630855858325958,-0.3219318985939026,1.1269546747207642
0.8918609023094177,-0.07873809337615967,1.2397502660751343
0.43365588784217834,0.08005942404270172,1.0083407163619995
0.8732423186302185,-0.8742316365242004,0.6542496681213379
1.2134907245635986,0.21072687208652496,1.3105560541152954
1.0624476671218872,0.3929736614227295,0.893020749092102
0.8564948439598083,-0.583275318145752,1.3630287647247314
1.0820393562316895,-0.5438306927680969,1.1233164072036743
0.5705831050872803,0.010863441973924637,0.9590263366699219
0.5370383262634277,0.0647604763507843,1.4327131509780884
0.6232130527496338,0.2601700723171234,1.095717191696167
1.055335521697998,-0.5617923140525818,1.3977234363555908
0.7119437456130981,-0.7332096099853516,1.3394243717193604
0.8747022747993469,0.41621801257133484,1.2772876024246216
0.8124581575393677,0.13627606630325317,0.9140365719795227
0.4157010018825531,0.11694690585136414,1.3600549697875977
0.5143938064575195,-0.034524016082286835,0.7795612812042236
0.6091609001159668,0.2974376082420349,1.0607770681381226
0.5490466356277466,-0.7975091934204102,1.0613675117492676
0.8971521854400635,0.37337857484817505,1.3431884050369263
0.5233944058418274,-0.1976422667503357,1.3283660411834717
0.4810587465763092,-0.4397704005241394,0.9870202541351318
1.1658892631530762,0.2914982736110687,1.1262048482894897
0.8681662678718567,0.08866904675960541,1.377707839012146
1.3681483268737793,0.18218523263931274,1.1940449476242065
1.0972020626068115,0.33192670345306396,0.8558998107910156
0.7292486429214478,-0.7310543656349182,0.668499231338501
0.47629687190055847,0.38787394762039185,1.1681735515594482
0.7376476526260376,-0.9006046056747437,1.1783314943313599
0.28523409366607666,-0.34234684705734253,1.2199618816375732
0.0953589379787445,-0.5916674733161926,0.931969165802002
0.3641647696495056,-0.08931632339954376,1.4609839916229248
1.3730716705322266,-0.4472091794013977,0.46002787351608276
0.34949779510498047,-0.5138520002365112,1.0622581243515015
0.7417771816253662,-0.1939578354358673,1.3442758321762085
1.128270149230957,-0.40109947323799133,0.711906909942627
1.0325987339019775,-0.3426209092140198,0.8192488551139832
0.7273003458976746,0.25626543164253235,1.031309962272644
0.45737767219543457,-0.4311107397079468,0.8448067903518677
1.1986738443374634,-0.0207675714045763,1.4126700162887573
0.8896265029907227,-0.3325175940990448,1.574784755706787
0.8007403612136841,0.5593270659446716,0.8133623003959656
0.695834755897522,-0.5366107225418091,1.4602797031402588
1.0486334562301636,-0.03733892738819122,1.017730951309204
0.27196866273880005,-0.05300925672054291,1.1060014963150024
1.006191372871399,0.24698986113071442,1.1774755716323853
1.085810661315918,0.17517903447151184,0.9709598422050476
0.9321003556251526,-0.7375756502151489,1.0858575105667114
1.1004616022109985,-0.2503875494003296,0.8609806895256042
0.6352673172950745,0.2148526906967163,1.1842265129089355
1.202446460723877,-0.1260860413312912,0.9249006509780884
1.3032244443893433,-0.49891209602355957,1.2802395820617676
0.9124209880828857,-0.6024613380432129,1.390010952949524
1.126082181930542,0.23214340209960938,0.7515300512313843
0.46734440326690674,0.07505763322114944,0.8400402069091797
0.5469926595687866,-0.3869653344154358,0.7718514204025269
1.0009381771087646,-0.29332852363586426,1.12901771068573
0.9324385523796082,-0.3889772295951843,0.7676081657409668
1.0647194385528564,-0.18611696362495422,1.2385056018829346
0.2582325339317322,-0.15347224473953247,0.9739207625389099
0.4234759211540222,-0.5462396740913391,1.0346180200576782
0.7948607206344604,0.14451617002487183,1.394338607788086
1.019230842590332,-0.650656521320343,0.8023670315742493
0.6813943386077881,-0.5147363543510437,1.427470088005066
1.144207239151001,-0.5203967094421387,0.441032737493515
0.5744547247886658,-0.11700116097927094,1.2643786668777466
0.6529931426048279,0.03256317228078842,1.350380539894104
0.6898549199104309,0.1773245483636856,1.4170446395874023
0.5258909463882446,-0.6100246906280518,1.1150604486465454
1.185477375984192,-0.3319336771965027,1.2012170553207397
0.629906952381134,-0.6562920212745667,1.4312996864318848
0.5817530155181885,0.09764840453863144,1.2568403482437134
1.1210789680480957,-0.19746096432209015,0.7444362640380859
0.6345762014389038,-0.8148120641708374,0.7675929069519043
0.42913514375686646,0.44915705919265747,1.0065443515777588
0.7027740478515625,-0.019819587469100952,1.3288819789886475
1.2022745609283447,-0.0338420495390892,1.3203814029693604
0.5260912775993347,-0.7819395065307617,1.284248948097229
0.3127809166908264,-0.13492333889007568,1.0501580238342285
0.21669436991214752,0.05424598604440689,0.7803164124488831
0.5648922920227051,0.014247655868530273,1.0675396919250488
0.8714073896408081,0.008230984210968018,1.5266135931015015
1.0678026676177979,0.5154971480369568,0.872197687625885
0.2445015013217926,0.08207952231168747,1.3184220790863037
0.8019527196884155,-0.8291335105895996,1.1476118564605713
0.6309053897857666,-0.8469734191894531,1.2248079776763916
0.0015596561133861542,-0.12808385491371155,0.8088400363922119
1.0047659873962402,-0.3802592158317566,1.2336061000823975
0.7408454418182373,-0.017078839242458344,1.1962488889694214
0.6808092594146729,-0.36682838201522827,1.2774794101715088
1.0116130113601685,-0.8433977961540222,1.1534836292266846
0.587617039680481,0.13905276358127594,1.1170876026153564
0.3657015562057495,0.004696369171142578,1.254616141319275
0.4076540470123291,-0.572300374507904,1.3263226747512817
0.5039318799972534,0.01642264425754547,1.0853540897369385
0.3353351652622223,0.019416064023971558,0.9027588963508606
0.4392911195755005,-0.2096388190984726,1.4334590435028076
0.20953848958015442,0.20938485860824585,0.940318763256073
1.511767864227295,-0.08078882098197937,0.908810019493103
0.4373643696308136,0.3382619619369507,0.784843921661377
0.6785632371902466,-0.09655969589948654,1.566186785697937
0.8390145897865295,-0.540188729763031,0.8649188280105591
0.3330579698085785,-0.5145452618598938,1.2511489391326904
0.5031212568283081,-0.7935066223144531,1.329209804534912
0.5129460096359253,-0.7183085680007935,1.2667899131774902
0.6454578638076782,-0.8163635730743408,0.6640098094940186
0.7164603471755981,0.013891847804188728,1.2312461137771606
0.7126563787460327,-0.07775551825761795,1.5743976831436157
0.5086196064949036,0.3297789692878723,1.1427266597747803
0.9719744324684143,-0.8840932846069336,1.0822993516921997
0.5402432084083557,-0.5751214027404785,1.311644196510315
1.46365225315094,-0.1235780119895935,1.221564769744873
0.19414308667182922,-0.08077786862850189,0.8800252676010132
0.9774587154388428,-0.5517674088478088,1.0806269645690918
0.3518711030483246,-0.5771499872207642,1.3215404748916626
0.7567216157913208,-1.0019781589508057,1.0613898038864136
1.071067452430725,-0.8635092377662659,0.9864472150802612
0.4080454111099243,0.10533647239208221,1.1181117296218872
1.0708863735198975,0.0813332125544548,1.1175549030303955
0.859276533126831,0.011261064559221268,1.3176919221878052
0.5226410031318665,-0.7198071479797363,0.5572302341461182
0.9937188029289246,-0.509701132774353,1.0347636938095093
1.437209129333496,-0.22773253917694092,1.1881697177886963
0.6671618819236755,-0.7975176572799683,1.2711107730865479
0.9493752717971802,-0.8242408037185669,1.0782105922698975
0.850199282169342,-0.5632836222648621,0.9499139785766602
1.1366437673568726,-0.38415512442588806,1.0084073543548584
0.20851834118366241,-0.06481169164180756,1.3543429374694824
0.8559611439704895,-0.5577592253684998,1.26075279712677
1.0772796869277954,-0.034621018916368484,1.4666706323623657
0.6826833486557007,0.19485554099082947,1.2215687036514282
1.2511670589447021,-0.6980350613594055,0.806187629699707
0.6079021692276001,-0.3312690258026123,1.4625434875488281
0.5615633726119995,-0.27846744656562805,1.1047395467758179
1.4350961446762085,-0.17890311777591705,0.9113878607749939
0.11632519960403442,-0.2308962345123291,1.2321662902832031
1.2370600700378418,0.19073434174060822,0.933193564414978
0.6344883441925049,0.0221143439412117,0.9587445259094238
1.2807257175445557,-0.1549181193113327,1.1697123050689697
0.28452104330062866,-0.1413138210773468,1.1172306537628174
0.4927924573421478,-0.21083417534828186,1.5491468906402588
0.6594618558883667,0.4075436592102051,0.9841115474700928
0.6020290851593018,-0.29042720794677734,1.2037702798843384
1.0996445417404175,0.08378179371356964,1.0513794422149658
1.0324534177780151,-0.35889673233032227,1.093511700630188
0.8901115655899048,-0.9660678505897522,0.9426364898681641
0.2728634476661682,-0.2986235022544861,0.8237107396125793
0.5143905282020569,-0.4659055769443512,1.4643126726150513
1.361182451248169,-0.19685858488082886,0.9891150593757629
0.8247639536857605,-0.6606462597846985,0.6975967884063721
0.7890958189964294,-0.5691938996315002,0.8806997537612915
1.4025448560714722,-0.21047323942184448,1.1732491254806519
1.1049864292144775,-0.058431003242731094,1.2014110088348389
0.6172227263450623,0.2955843210220337,1.3309530019760132
0.7711037993431091,-0.6902763843536377,1.45443856716156
0.28657323122024536,-0.13476066291332245,0.9313143491744995
0.46659570932388306,-0.5147643685340881,0.843848466873169
0.46856874227523804,-0.707543134689331,1.2542498111724854
1.1506935358047485,0.26826196908950806,0.7659316062927246
1.2620590925216675,-0.16794216632843018,1.342430591583252
0.3674549460411072,-0.8281983733177185,0.9717798233032227
0.4057128429412842,-0.8198204040527344,1.0960818529129028
0.516024649143219,0.06439545750617981,1.219191074371338
0.914985179901123,0.13251259922981262,0.8363609910011292
1.1121671199798584,-0.14368583261966705,1.3065682649612427
0.5193692445755005,-0.2866251468658447,0.9863295555114746
0.46721604466438293,0.12845708429813385,1.109991431236267
0.8579714298248291,0.042515650391578674,0.768332839012146
0.24621576070785522,-0.32537102699279785,1.3982162475585938
0.583588719367981,-0.8371438980102539,1.120761513710022
0.9239889979362488,-0.04360659793019295,1.2050275802612305
1.0176665782928467,-0.026089273393154144,1.275711178779602
0.3672467768192291,-0.08882132172584534,1.1602336168289185
0.8596298694610596,-0.7357519865036011,0.8980935215950012
0.4202483892440796,-0.21187451481819153,0.7816041111946106
0.5567629933357239,-0.4084712564945221,1.016495704650879
0.7044674158096313,0.29879501461982727,1.0688327550888062
0.4427865147590637,-0.22635073959827423,0.8886631727218628
0.5052249431610107,-0.1982065737247467,1.4155713319778442
0.8747968077659607,-0.08254390954971313,1.3040953874588013
0.43137404322624207,-0.2636931836605072,1.3804529905319214
0.8082147836685181,0.1597220003604889,1.0734543800354004
0.6813599467277527,-0.3985488712787628,1.0913468599319458
1.4423397779464722,0.09651711583137512,1.0024439096450806
1.2782834768295288,-0.3573925495147705,0.5753315687179565
0.652658224105835,-0.6402580738067627,1.446518063545227
0.5452324151992798,-0.3873065114021301,0.8310948610305786
0.4684983789920807,-0.19746455550193787,1.315590500831604
0.5550562143325806,-0.5935202836990356,0.9924384355545044
1.138041615486145,-0.710479736328125,0.793522834777832
0.9977076649665833,0.2804449498653412,1.0117285251617432
1.3488616943359375,-0.43674707412719727,0.4951462149620056
0.7034406661987305,0.1346837878227234,1.3567699193954468
1.1250044107437134,-0.26929032802581787,0.9054876565933228
0.7780852317810059,-0.4554666578769684,0.7516393661499023
1.2968636751174927,0.3054577708244324,1.1344996690750122
1.3077113628387451,-0.08601534366607666,1.3012940883636475
0.8510578870773315,-0.7378583550453186,0.7087301015853882
0.7731421589851379,-0.8247944116592407,1.2179701328277588
1.1520793437957764,0.11569519340991974,1.0167394876480103
0.5809513926506042,0.5357747077941895,0.8236836194992065
0.3786395788192749,-0.26989561319351196,0.9617407321929932
1.4278380870819092,-0.4120783507823944,1.2672886848449707
0.5232895612716675,0.022796891629695892,1.2870934009552002
0.9037672877311707,-0.7439119815826416,1.369202733039856
0.655517578125,-0.016624175012111664,1.1847875118255615
1.297224521636963,-0.506929874420166,1.0318361520767212
1.185263991355896,-0.5383784770965576,0.6548362374305725
0.03537297248840332,-0.4125705659389496,0.9224055409431458
0.44760167598724365,-0.8255131840705872,0.9530840516090393
0.7871573567390442,0.33149951696395874,1.175365686416626
0.9847146272659302,-0.4394794702529907,1.1941787004470825
0.4911293387413025,-0.6029648184776306,1.4513976573944092
0.4463872015476227,-0.13364538550376892,1.4402135610580444
0.3817455470561981,0.11078454554080963,1.318211555480957
0.7025774717330933,0.05396267771720886,1.34748375415802
0.28670766949653625,0.13072240352630615,1.3189866542816162
0.7411353588104248,-0.10362723469734192,1.3107726573944092
1.2248353958129883,-0.25338929891586304,1.1534093618392944
1.240403413772583,0.3630595803260803,0.7884701490402222
1.3852890729904175,-0.10230399668216705,0.8864691257476807
0.21044042706489563,0.2820383906364441,1.0422228574752808
0.9777594804763794,-0.0556698814034462,1.302107810974121
0.1425112783908844,-0.5230327844619751,1.2108707427978516
0.18795765936374664,-0.6813578009605408,1.117913007736206
0.41322875022888184,-0.731756865978241,1.0373176336288452
1.4937167167663574,-0.011031515896320343,0.7011222839355469
0.6370744705200195,-0.4514199197292328,1.4736829996109009
0.2648921012878418,0.31242790818214417,0.9438289403915405
0.9048863053321838,0.3195963203907013,1.3725824356079102
1.0474464893341064,-0.10260474681854248,0.7777643203735352
0.5927562713623047,0.4718669652938843,1.1583430767059326
0.5962502956390381,-0.6521334648132324,1.3573065996170044
0.8124119639396667,0.25329118967056274,1.4050253629684448
0.5080683827400208,-0.8488084673881531,0.7277796864509583
0.6314501762390137,-0.8883489370346069,0.8366024494171143
0.2626625895500183,-0.14232748746871948,0.963280200958252
1.303998589515686,-0.45951929688453674,0.7542630434036255
0.49155285954475403,-0.5073224306106567,1.1861364841461182
1.021860957145691,-0.14714926481246948,0.7819872498512268
1.321242332458496,0.15407952666282654,0.4767999053001404
0.5347215533256531,-0.6629212498664856,1.2056506872177124
0.9664293527603149,-0.9477154016494751,0.7817103862762451
0.31523847579956055,-0.39961740374565125,1.0438719987869263
1.255354881286621,-0.12494371831417084,1.4168121814727783
0.6826046705245972,0.025463012978434563,0.7646415829658508
0.5529326796531677,-0.4631446301937103,0.9850413799285889
0.4326678514480591,-0.27551424503326416,1.3879424333572388
1.3836205005645752,-0.2619723975658417,1.0252150297164917
1.0526353120803833,-0.10947979986667633,1.4848507642745972
1.1938554048538208,-0.41760602593421936,0.7827377319335938
0.7626991271972656,0.007645763456821442,1.5148605108261108
1.1410812139511108,-0.39929911494255066,0.7630994915962219
1.5180912017822266,-0.3425242006778717,1.094693660736084
0.43622130155563354,-0.21376916766166687,1.527722716331482
1.1333686113357544,-0.24982303380966187,0.8263961672782898
0.8992708921432495,0.12294983863830566,1.4270150661468506
0.2695283889770508,-0.0437784418463707,1.4068236351013184
0.864595890045166,-1.0323344469070435,0.7885136604309082
1.2291818857192993,0.06659922003746033,1.0720762014389038
1.1825785636901855,0.21682031452655792,0.616934061050415
0.9736199378967285,-0.7675086855888367,1.1243596076965332
0.5540220141410828,-0.8773171305656433,0.7078667879104614
1.142484426498413,0.020889878273010254,0.6456024646759033
0.6683520078659058,0.07513497769832611,0.9060375690460205
0.5225863456726074,-0.36124077439308167,1.3217999935150146
0.8213103413581848,0.22840341925621033,0.9620869755744934
0.9143226742744446,0.017685197293758392,1.2520264387130737
0.7844885587692261,-0.055929653346538544,1.5264273881912231
0.6867253184318542,-0.4227706789970398,1.5079339742660522
0.584815263748169,-0.12764395773410797,1.4809232950210571
0.7537672519683838,0.31204381585121155,1.1055784225463867
0.5008714199066162,0.1526280641555786,1.3594950437545776
0.9698476791381836,-0.12209837138652802,1.4595344066619873
0.4507799744606018,-0.7183653116226196,1.3685256242752075
1.2456934452056885,0.19810545444488525,0.9249538779258728
0.9753514528274536,-0.551689863204956,1.0204516649246216
0.8320475220680237,0.07924707233905792,0.8521413803100586
0.5498251914978027,-0.36757147312164307,1.268724799156189
0.755686342716217,-0.18960897624492645,1.5168007612228394
1.1653157472610474,-0.36772412061691284,0.6337234973907471
0.26183024048805237,-0.47559088468551636,1.0777405500411987
0.41104742884635925,-0.8529933094978333,1.2014389038085938
1.0824724435806274,-0.19403144717216492,1.540154218673706
1.1978623867034912,-0.18838603794574738,0.7696917057037354
1.1284496784210205,-0.7684851884841919,0.8422807455062866
0.571297287940979,0.3308192193508148,1.099644422531128
0.8792290687561035,0.05435800552368164,1.5176912546157837
0.6091806292533875,-0.16986238956451416,0.761193037033081
0.912530243396759,-0.13594962656497955,1.5689510107040405
1.0700815916061401,0.37136536836624146,0.7986502647399902
0.3790571689605713,-0.1996161788702011,1.1895049810409546
0.3107054829597473,-0.47818154096603394,0.9442445039749146
0.8010674715042114,0.3531537353992462,1.1626735925674438
0.7055882215499878,0.5008467435836792,0.8717482089996338
0.6958489418029785,-0.025677189230918884,1.2126610279083252
0.802749752998352,-0.22590450942516327,1.409373164176941
1.0001193284988403,-0.7082798480987549,0.6985441446304321
0.8264310956001282,0.3278343975543976,1.0191290378570557
0.878832995891571,-0.7740157842636108,1.4165937900543213
0.5515896081924438,-0.4108457565307617,0.9625067710876465
0.7849380373954773,-0.643291711807251,1.1776400804519653
1.1887359619140625,-0.2248728722333908,1.319974660873413
0.30523738265037537,0.06589838862419128,1.1513636112213135
0.8385524749755859,-0.94382244348526,0.8667784929275513
0.9176461100578308,-0.4775272309780121,0.9100080728530884
0.5689858794212341,-0.8559263348579407,0.6775733232498169
0.7875134944915771,-0.13430699706077576,1.5674567222595215
0.5634458065032959,-0.10052385181188583,1.544387698173523
0.6106493473052979,0.09679272770881653,0.7647262811660767
0.42272138595581055,-0.1934695988893509,1.331218957901001
0.8490009903907776,-0.361714243888855,1.2225669622421265
1.20216965675354,-0.26799333095550537,1.185697317123413
1.1115270853042603,0.28182217478752136,0.8503261208534241
1.2159693241119385,-0.3214012384414673,1.326642394065857
0.9261364936828613,0.22879883646965027,0.9892410039901733
1.3270270824432373,-0.8023303747177124,0.8713685274124146
0.2363027036190033,-0.7633489370346069,0.8552696704864502
0.6302513480186462,-0.6896323561668396,1.4512066841125488
0.36198797821998596,-0.23053854703903198,1.2999945878982544
0.790298581123352,0.22857403755187988,1.3923077583312988
1.0173280239105225,-0.2433997094631195,1.1280938386917114
1.0835120677947998,-0.6443713903427124,1.3598889112472534
0.9012994766235352,-0.374152272939682,1.4144104719161987
0.6055372953414917,-0.4815226197242737,1.450620412826538
0.7146795392036438,-0.44601619243621826,1.5553927421569824
0.638784646987915,-0.6197828054428101,0.8768742680549622
1.1756725311279297,0.36595845222473145,1.19021475315094
1.052886962890625,-0.2310861200094223,1.2715656757354736
1.1834731101989746,0.17537008225917816,0.6997545957565308
0.6625206470489502,-0.15703007578849792,1.5721557140350342
0.692264974117279,0.011428609490394592,1.3391013145446777
0.4882645606994629,-0.04206734895706177,0.8817595839500427
1.0587939023971558,-0.911850094795227,0.8139057755470276
0.39737841486930847,0.22176000475883484,1.3322243690490723
0.6286517977714539,-0.5601202249526978,1.1945871114730835
0.818955659866333,-0.5433792471885681,1.254488229751587
1.0191794633865356,-0.17771629989147186,1.3796695470809937
1.4031567573547363,-0.17342907190322876,1.2249215841293335
0.5802949666976929,-0.9109490513801575,1.086448073387146
1.2016801834106445,-0.2528734803199768,0.575080931186676
0.6096834540367126,-0.10752497613430023,0.7736858129501343
0.3687942624092102,-0.45517829060554504,1.0666310787200928
1.319345474243164,-0.008064283058047295,1.327561378479004
0.6584707498550415,-0.03238748013973236,1.273478627204895
0.9664698839187622,-0.2249709665775299,1.1553224325180054
0.5855386853218079,-0.6535234451293945,1.4436767101287842
0.804435670375824,0.06533051282167435,0.8537816405296326
1.0409870147705078,-0.36678802967071533,1.4068360328674316
1.3961576223373413,-0.06390271335840225,0.49976712465286255
0.35009798407554626,-0.20137685537338257,1.4592058658599854
0.5626540780067444,-0.1380799412727356,1.2924362421035767
0.8506908416748047,0.10655853152275085,0.7999404668807983
0.49811723828315735,-0.697035551071167,0.7882863879203796
0.05692904442548752,-0.4398713707923889,1.0616328716278076
0.7119786143302917,-0.5679832100868225,1.5309876203536987
0.6641223430633545,0.10219168663024902,1.3253939151763916
0.5197298526763916,-0.42072707414627075,0.9043732285499573
0.7554110884666443,0.2427988052368164,1.2152236700057983
0.7932440638542175,-1.0315310955047607,0.8936325311660767
0.9456055760383606,-0.7521400451660156,0.9979839324951172
0.19216202199459076,-0.7663966417312622,0.9074844121932983
0.4997618496417999,-0.5263105034828186,1.1854780912399292
1.1712074279785156,-0.4794914722442627,1.095822811126709
0.9596236944198608,-0.7517086863517761,1.1565533876419067
0.48742303252220154,-0.3581164479255676,1.2793633937835693
0.30065804719924927,0.13637027144432068,1.1405420303344727
0.3242996633052826,0.0960543155670166,1.3865044116973877
0.6012238264083862,-0.7103691101074219,1.0525861978530884
0.6528891324996948,-0.7404297590255737,1.2179327011108398
1.416377067565918,-0.24886777997016907,1.0979856252670288
0.6683390140533447,-0.757318913936615,0.8440514802932739
0.27117642760276794,-0.19306591153144836,1.1762373447418213
1.3906564712524414,-0.3464621305465698,0.5843567848205566
0.6926219463348389,0.11404551565647125,1.4887783527374268
0.5148370265960693,-0.17418025434017181,1.3279176950454712
0.6746480464935303,-0.400556355714798,1.566225290298462
1.1437914371490479,-0.817554771900177,0.5254101753234863
0.4766084551811218,-0.32036247849464417,1.356176733970642
1.0134845972061157,-0.02100171148777008,0.8986618518829346
0.9262365698814392,0.0580703541636467,1.1223124265670776
0.6096583604812622,-0.15290716290473938,1.0862613916397095
0.5979784727096558,-0.014901965856552124,1.114823579788208
1.1664851903915405,-0.17606428265571594,1.4881314039230347
0.5190785527229309,-0.5908682942390442,1.3488974571228027
1.0176682472229004,-0.08929994702339172,1.0264919996261597
0.7973266839981079,-0.5449587106704712,1.4830272197723389
0.6541903614997864,0.18835724890232086,1.4193168878555298
0.23378124833106995,-0.16386191546916962,0.9211862087249756
0.6908823847770691,-0.9866712093353271,0.9611078500747681
1.18275785446167,-0.025648780167102814,0.5945392847061157
0.9406328797340393,-0.5047962665557861,0.7816171646118164
0.6440925002098083,-0.2634868621826172,1.5637794733047485
0.8735408782958984,-0.691368579864502,0.4918377995491028
1.0190438032150269,0.3748985230922699,1.0822460651397705
0.5782613754272461,0.22621411085128784,1.4327616691589355
1.3087024688720703,-0.4936796724796295,1.0342662334442139
0.5949297547340393,-0.046912599354982376,1.5431348085403442
0.2613675594329834,0.1108257919549942,1.0694849491119385
0.5332600474357605,0.20359429717063904,0.8679957389831543
1.0737344026565552,-0.2860933840274811,1.2795803546905518
0.04654686152935028,0.04750990867614746,0.8045351505279541
0.6223805546760559,-0.037868648767471313,0.7624462246894836
0.8134324550628662,-0.6729263663291931,1.362349033355713
0.6476922035217285,-0.14999498426914215,1.184666395187378
0.648126482963562,-0.2593323290348053,1.57339608669281
1.0522723197937012,-0.38719242811203003,1.3288370370864868
0.3025229871273041,-0.4832032024860382,0.9753259420394897
0.815290093421936,-0.4596787095069885,1.2476814985275269
0.46317732334136963,0.09145327657461166,1.435448408126831
1.04608154296875,-0.3322722315788269,1.12432062625885
0.8023397922515869,0.2836530804634094,0.8822101354598999
0.639765202999115,0.0839887261390686,0.789505124092102
1.2989559173583984,-0.35950133204460144,1.005624771118164
0.5768293738365173,-0.6129220724105835,1.3156028985977173
0.505246102809906,0.14549687504768372,1.3751795291900635
0.32781103253364563,-0.7666159868240356,0.8695235252380371
1.215386986732483,-0.1989290565252304,0.7656599879264832
0.6230608820915222,-0.3099149763584137,1.109229326248169
0.743272066116333,-0.6585551500320435,0.8284705877304077
0.7590528726577759,0.5524258017539978,0.8340780735015869
1.1517257690429688,-0.7614657878875732,0.9793596267700195
0.6857295036315918,0.0030482113361358643,0.7587001323699951
0.41684865951538086,-0.36252647638320923,0.8781129121780396
0.26951920986175537,-0.2105501890182495,1.333213210105896
1.417056679725647,-0.4795116186141968,1.1075137853622437
0.5614917278289795,0.19633179903030396,1.2383660078048706
1.0857733488082886,-0.40591856837272644,0.9939650893211365
0.3480031192302704,-0.06914287060499191,1.4466075897216797
0.6698837876319885,-0.7160879373550415,1.2890310287475586
1.0350120067596436,-0.24270674586296082,1.3005214929580688
1.250243902206421,-0.4195594787597656,1.1241995096206665
0.32749736309051514,0.1381692886352539,1.12026846408844
1.1214821338653564,-0.5678099393844604,0.9108652472496033
0.6693337559700012,-0.7310454845428467,1.2524352073669434
1.5041488409042358,-0.2630690336227417,0.9227492809295654
0.47114866971969604,-0.3802714943885803,1.2449398040771484
0.8088890314102173,-0.45579928159713745,1.4800124168395996
0.9016404747962952,-0.0035127103328704834,0.7982698678970337
0.8193010091781616,-0.5079240798950195,0.7531797885894775
0.2694874703884125,-0.4748743772506714,0.9469083547592163
0.9802560210227966,-0.33377936482429504,1.274148941040039
0.17179377377033234,0.1554439216852188,1.1707512140274048
0.6464303731918335,0.20077413320541382,1.1049513816833496
0.19173240661621094,-0.2826537489891052,1.2321531772613525
0.6542524695396423,-0.6726454496383667,0.8644129037857056
0.6345741152763367,-0.8200496435165405,1.2835416793823242
0.9443564414978027,-0.2743699550628662,1.1024911403656006
0.9432116746902466,-0.2420712411403656,1.5690022706985474
0.42603880167007446,-0.2853485643863678,1.5216341018676758
1.0522243976593018,-0.4587520658969879,1.1885371208190918
0.639142632484436,-0.33450204133987427,1.5675843954086304
1.264737606048584,-0.26035141944885254,0.429252564907074
0.9069762825965881,-0.5654654502868652,1.2364822626113892
1.121185064315796,-0.14520275592803955,1.2756285667419434
0.7204821705818176,-0.5509191751480103,1.45195472240448
1.294531226158142,-0.5841367244720459,0.5549607872962952
0.5316557288169861,0.0016715042293071747,1.008247971534729
1.0241948366165161,-0.8927783966064453,1.1795144081115723
0.2817389667034149,-0.637431800365448,1.1233038902282715
0.23652391135692596,-0.2143949419260025,1.3060495853424072
0.7997714281082153,-0.4649844169616699,1.0824148654937744
0.8711550235748291,-0.061915066093206406,1.2661010026931763
0.9220187067985535,-0.07098384946584702,1.5682644844055176
0.9515659213066101,0.2029101848602295,1.218559980392456
1.2949105501174927,-0.0438273549079895,1.1719640493392944
0.7497416734695435,-0.6814216375350952,1.2099628448486328
0.46295905113220215,0.009271606802940369,1.266680359840393
0.6554648876190186,-0.774321973323822,0.7169715762138367
0.560613751411438,-0.7518717646598816,1.0807421207427979
1.4405072927474976,-0.20035916566848755,1.0529104471206665
0.9828358292579651,0.24211129546165466,1.2851245403289795
1.3040027618408203,-0.1083042100071907,0.8966901302337646
0.6609224677085876,0.10065808147192001,1.4160256385803223
0.6341298818588257,-0.42187297344207764,1.5679973363876343
0.6448255777359009,-0.8147599697113037,0.8164272308349609
0.4482656419277191,-0.6596924066543579,0.8978955745697021
0.9796819686889648,-0.8254159092903137,1.1462485790252686
0.7487631440162659,0.019664524123072624,1.5477538108825684
0.796035885810852,-0.5503341555595398,0.8035708665847778
1.4193295240402222,-0.595427393913269,1.0863945484161377
0.6613242030143738,-0.45937031507492065,1.5530061721801758
1.3354294300079346,0.22220951318740845,1.185559630393982
1.25730562210083,-0.48743247985839844,1.4354259967803955
0.3143114745616913,0.06938350200653076,1.1994678974151611
1.071150779724121,0.019158095121383667,0.7779502868652344
0.42774319648742676,-0.03434687852859497,1.3369554281234741
0.5360743403434753,-0.09396059811115265,1.5495234727859497
0.8014471530914307,-0.7010337114334106,1.3526225090026855
0.6187857389450073,0.43996214866638184,1.1992710828781128
0.637951135635376,-0.505214273929596,0.7669004797935486
0.4117177128791809,0.2704562544822693,0.8034520149230957
1.0159960985183716,-0.9714173674583435,1.0364279747009277
0.46384239196777344,-0.09779159724712372,0.7613714337348938
1.0859776735305786,-0.39653870463371277,1.4547488689422607
0.6251343488693237,-0.6419374942779541,1.3879725933074951
0.8662204742431641,-0.9610918760299683,0.5532007813453674
1.2881264686584473,-0.4890851676464081,1.3251341581344604
0.7787442207336426,-0.8926552534103394,0.9485477805137634
0.32554641366004944,0.20460012555122375,1.2301247119903564
1.460876226425171,-0.3184671998023987,1.1650670766830444
0.6671845316886902,0.016397876664996147,1.0334383249282837
1.434662103652954,-0.1161828339099884,1.1823053359985352
0.3455435037612915,-0.150691956281662,0.9315707683563232
0.2992100417613983,-0.2956889867782593,1.4409650564193726
0.6127132177352905,-0.6616417765617371,1.3483376502990723
0.7984030246734619,-0.9608031511306763,0.7216454744338989
1.1708112955093384,0.03709300607442856,1.4100688695907593
1.2450001239776611,-0.5837713479995728,1.0729987621307373
0.5280830264091492,-0.5209484696388245,0.8105690479278564
0.6414703130722046,-0.7492024898529053,1.2023838758468628
1.0455397367477417,-0.29864969849586487,0.7925847172737122
0.9429704546928406,0.036366671323776245,0.7933328747749329
0.7969307899475098,0.1711837202310562,0.7698936462402344
0.7278375029563904,-0.784019410610199,0.7292215824127197
1.349740982055664,-0.019639190286397934,1.0558823347091675
0.4368849992752075,0.10209190845489502,0.8708196878433228
0.23404008150100708,-0.1636139154434204,1.2981489896774292
0.9493036270141602,0.02169262431561947,0.8605108261108398
0.27997133135795593,-0.37890905141830444,1.095571517944336
1.1352989673614502,-0.02971046231687069,0.7751059532165527
0.3812011480331421,-0.08624585717916489,1.137049674987793
0.6792739629745483,-0.833644688129425,1.1586041450500488
0.5839662551879883,-0.7861976623535156,1.3564776182174683
1.111236572265625,0.006636880338191986,0.7129771709442139
0.6254251003265381,-0.27204611897468567,1.5791057348251343
0.8870999217033386,-0.2848820388317108,1.2385444641113281
0.3448044955730438,-0.5354970097541809,1.3280730247497559
1.07575523853302,-0.11935406923294067,1.1474155187606812
1.0500580072402954,-0.784872829914093,1.2675029039382935
0.8258481621742249,0.24624744057655334,0.9018604755401611
0.42331230640411377,-0.10852999240159988,1.3631247282028198
0.5724284052848816,0.2554503083229065,1.0961514711380005
0.5128052234649658,-0.6434286236763,1.1468058824539185
0.5444368124008179,-0.5515397787094116,1.1519241333007812
0.15149319171905518,-0.5326398015022278,1.0776771306991577
0.5024313926696777,0.4191456735134125,0.8752977252006531
0.4797937273979187,-0.2246173620223999,1.4725784063339233
0.8340709209442139,-0.309132844209671,1.2632101774215698
0.6794747114181519,-0.6398865580558777,0.5589608550071716
1.05348539352417,-0.28725311160087585,1.287619948387146
0.3261178433895111,-0.4325663447380066,0.8931431770324707
0.44000738859176636,-0.3408835828304291,1.2676951885223389
0.8668221831321716,-0.024190619587898254,1.2288546562194824
0.3971959054470062,-0.7536488175392151,0.7217493653297424
0.7710245847702026,0.17713521420955658,0.9481226801872253
0.8275671601295471,-0.4876185953617096,1.3616019487380981
0.9665542840957642,0.46071773767471313,0.8558418154716492
0.8950568437576294,-0.39563629031181335,1.555699110031128
0.6500439047813416,-0.48529112339019775,0.8321053981781006
1.5079541206359863,-0.5558340549468994,0.7728706002235413
0.5517949461936951,-0.27962854504585266,1.09035062789917
0.6124928593635559,-0.5968002080917358,1.455837368965149
0.7819092273712158,-0.2945553660392761,1.2047220468521118
0.5250725746154785,0.07859815657138824,1.4845044612884521
1.259404182434082,-0.48368263244628906,0.8754860162734985
0.5572625994682312,-0.5913057923316956,1.489241123199463
0.42943280935287476,-0.5444509387016296,1.3026388883590698
0.7661781311035156,0.2595837712287903,0.840238094329834
1.2376155853271484,-0.6943097710609436,0.5388314723968506
0.5602592825889587,-0.17104236781597137,1.091948390007019
0.9901964664459229,0.11421190202236176,1.276737093925476
1.0066746473312378,-0.0449943020939827,1.470829725265503
0.5164525508880615,0.30338966846466064,1.3531466722488403
0.4321982264518738,-0.6146178245544434,1.303750991821289
0.5008037686347961,-0.11833982914686203,1.2496236562728882
0.8920881748199463,0.4988088309764862,1.108067274093628
1.217045783996582,-0.337536096572876,1.2132971286773682
0.6157017946243286,-0.0742889791727066,1.3036961555480957
1.072766661643982,-0.08785894513130188,1.1707159280776978
1.2061903476715088,-0.30858421325683594,0.7272690534591675
1.2338402271270752,-0.17688551545143127,1.484584093093872
0.6800497770309448,-0.13756804168224335,1.2215898036956787
1.36431086063385,-0.504307746887207,1.1024218797683716
1.0104693174362183,0.10816559940576553,1.1447696685791016
1.0225478410720825,0.14943474531173706,1.4753139019012451
0.9828645586967468,-0.404320627450943,1.454471230506897
0.4917498826980591,-0.10005509108304977,1.0669608116149902
0.2074553370475769,-0.23409229516983032,0.8870739340782166
1.0502338409423828,-0.9849472045898438,0.9893050193786621
0.763321578502655,-0.9301363825798035,1.0366110801696777
0.9061636328697205,-0.06118260324001312,1.2446690797805786
0.880496621131897,0.03298179432749748,1.3060874938964844
0.27437421679496765,-0.3949570059776306,1.0013082027435303
0.3424324691295624,-0.3842261731624603,1.3443357944488525
0.16544608771800995,-0.4526180028915405,1.1233985424041748
0.9713723063468933,-0.5290327072143555,0.8143659234046936
0.5487187504768372,-0.5462433695793152,1.3401356935501099
0.8446348905563354,0.2602062225341797,1.0316832065582275
0.8237427473068237,0.15861037373542786,1.0603827238082886
0.3847475051879883,-0.4474831521511078,1.0562264919281006
0.5287413001060486,-0.29235076904296875,1.2574390172958374
0.9313851594924927,-0.13580994307994843,1.255864143371582
0.5052889585494995,-0.5326437950134277,1.020885705947876
0.49365055561065674,-0.23354139924049377,0.9987245798110962
0.6880179047584534,0.2681253254413605,1.3679370880126953
1.2908202409744263,-0.2184792011976242,1.2354352474212646
0.693228542804718,-0.9101065993309021,1.2680063247680664
0.3848830461502075,-0.2033187597990036,1.2262004613876343
1.2133610248565674,0.06983610987663269,1.1719982624053955
0.8778709769248962,0.3866904377937317,1.2114710807800293
0.30050551891326904,-0.7066321969032288,1.088423728942871
1.0807266235351562,-0.8691976070404053,0.9450116157531738
1.43439781665802,-0.038959357887506485,1.066527247428894
0.2271425426006317,0.25563520193099976,1.006121039390564
0.6971315145492554,-0.4676423668861389,1.1992127895355225
0.4895741939544678,-0.565353512763977,0.9746195673942566
0.5314746499061584,-0.45141881704330444,0.7644971609115601
0.5307921767234802,0.10599640756845474,0.955116868019104
0.5383899211883545,0.2922910153865814,0.8894956111907959
0.38535165786743164,-0.13068926334381104,0.9898972511291504
1.0039982795715332,-0.39905473589897156,1.0736175775527954
0.6796300411224365,0.030092228204011917,1.2131836414337158
1.0007623434066772,-0.8036125898361206,0.9409670829772949
0.2477148175239563,-0.11550635099411011,1.1776841878890991
0.6355693936347961,-0.08143552392721176,1.2221039533615112
0.3091113567352295,-0.3272387683391571,1.1503543853759766
0.6426231861114502,-0.6062829494476318,0.8012189865112305
0.397813618183136,0.01189332827925682,1.1555166244506836
0.7761176228523254,-1.0291976928710938,0.8042024374008179
0.446816086769104,-0.6748906373977661,0.766833484172821
1.20109224319458,-0.46699970960617065,0.8440464735031128
0.18336284160614014,-0.35005801916122437,1.3351140022277832
1.0224645137786865,0.21834474802017212,0.9278937578201294
0.6081485152244568,-0.5221337080001831,1.5266544818878174
1.0676794052124023,0.08044736832380295,1.0605368614196777
0.766487181186676,-0.11924087256193161,1.5650460720062256
1.360447645187378,-0.29280075430870056,1.3286166191101074
1.214224934577942,-0.3081280291080475,1.4871227741241455
0.8165852427482605,0.0698893740773201,1.3503618240356445
0.5000125765800476,-0.6503432393074036,1.4482841491699219
0.578569769859314,-0.33006566762924194,1.1704199314117432
0.250110924243927,0.17754468321800232,1.2643252611160278
0.8478511571884155,0.13040000200271606,1.4824589490890503
0.4296138882637024,0.31876254081726074,0.8543016314506531
1.0214167833328247,-0.17416059970855713,1.5506633520126343
0.3572872579097748,0.03356444835662842,1.2958922386169434
1.0042144060134888,0.4904140830039978,0.8730418086051941
1.4098625183105469,-0.34965837001800537,0.9596567153930664
0.8244733214378357,-0.8667122721672058,1.0020586252212524
0.7912804484367371,-0.4466399848461151,1.5739705562591553
1.2348322868347168,-0.739964485168457,0.8969916105270386
0.8898054957389832,-0.6723453998565674,0.5571795701980591
0.07669031620025635,-0.5769310593605042,0.752701997756958
0.6322417259216309,-0.5330536365509033,1.4059807062149048
0.7073252201080322,0.1526232212781906,1.242172360420227
0.44877612590789795,0.47275692224502563,0.7624457478523254
0.8834632635116577,-0.49235451221466064,1.5051031112670898
1.0525751113891602,-0.1341068297624588,1.319535255432129
0.8480077385902405,-1.0393816232681274,0.8754849433898926
0.23080024123191833,-0.13535654544830322,1.3083984851837158
0.6072649359703064,0.20701830089092255,1.2366074323654175
0.36780497431755066,0.0950065478682518,1.4025907516479492
0.8260482549667358,-0.8232975006103516,1.1515045166015625
0.2970713973045349,-0.3240792751312256,1.3632625341415405
0.7240726947784424,-0.8709853291511536,0.7570492029190063
0.3217293918132782,0.0766897052526474,1.309150218963623
0.9092886447906494,0.11543124914169312,1.3741143941879272
0.5568572282791138,-0.7244071960449219,0.9632999897003174
0.7983664274215698,-0.5450118780136108,1.3882126808166504
0.8929603099822998,0.12901446223258972,1.494406819343567
0.7759299874305725,0.017525188624858856,1.438482642173767
1.1898492574691772,-0.21119579672813416,1.3053035736083984
0.7651856541633606,-0.5857067108154297,0.840268075466156
0.997616171836853,-0.4617013931274414,1.5145440101623535
0.6776125431060791,0.17458193004131317,1.109205722808838
0.5257542133331299,-0.10700713098049164,1.1534144878387451
0.3011322319507599,0.0989445149898529,0.9257309436798096
1.169166088104248,-0.2274167686700821,0.7931677103042603
1.0861315727233887,0.05190933868288994,0.8184715509414673
0.8037493824958801,-0.4600040018558502,1.5692387819290161
0.6693775653839111,-0.09803126752376556,1.2345656156539917
0.8423149585723877,0.061034783720970154,0.7566102743148804
1.43436861038208,-0.2543463408946991,1.0742017030715942
0.7123299241065979,0.25022315979003906,1.0976500511169434
0.679682195186615,0.06918040663003922,0.912701427936554
0.35314303636550903,0.16699129343032837,1.054760456085205
1.2800977230072021,-0.11082425713539124,1.0375595092773438
1.4217036962509155,-0.2490195333957672,1.2246270179748535
1.481890082359314,-0.11943003535270691,1.163840889930725
1.0706348419189453,0.13159766793251038,1.3285659551620483
1.249280333518982,-0.15520647168159485,0.5909426212310791
0.3140474259853363,-0.20331843197345734,0.8329993486404419
1.1161730289459229,0.3691885769367218,1.2475601434707642
0.5524941682815552,-0.30432742834091187,1.2819805145263672
1.3771171569824219,-0.5073057413101196,0.8622454404830933
0.2395014762878418,-0.17445731163024902,1.0163904428482056
0.503694474697113,-0.8675998449325562,1.2059568166732788
1.201540470123291,-0.3958588242530823,0.8308931589126587
0.47039932012557983,-0.3397064507007599,1.2081148624420166
1.0060912370681763,0.41278159618377686,1.1634941101074219
0.7770131230354309,-0.5051964521408081,1.2324596643447876
0.3641738295555115,-0.612447202205658,1.0976632833480835
0.35921308398246765,-0.14006385207176208,1.0732736587524414
1.0217140913009644,-0.45943886041641235,1.1861705780029297
1.0250309705734253,-0.9998359084129333,0.7991348505020142
0.6839046478271484,-0.644740879535675,0.9773992896080017
0.20926953852176666,0.25148487091064453,1.0715763568878174
0.49771055579185486,-0.5703085660934448,1.1831942796707153
0.5411917567253113,-0.7332638502120972,1.2479299306869507
0.5642820000648499,-0.6927217245101929,1.0179476737976074
1.0644869804382324,-0.5607954859733582,1.0291516780853271
0.329580694437027,0.2200758457183838,1.2160636186599731
0.7069212794303894,-0.06412862241268158,1.4170454740524292
0.6025023460388184,0.35447436571121216,0.9656927585601807
1.2002129554748535,0.1367509961128235,1.2490915060043335
0.6790499687194824,-0.08523549139499664,1.5627264976501465
0.5646090507507324,-0.051705896854400635,0.7879494428634644
0.7334960103034973,0.10181228816509247,1.4951881170272827
0.8789419531822205,-0.9118763208389282,1.2331764698028564
1.0376495122909546,-0.9699479937553406,0.8043625354766846
0.46474331617355347,0.0958256646990776,1.2648147344589233
0.5437605381011963,-0.5947664976119995,1.008452296257019
1.2587543725967407,-0.1494649350643158,1.0011754035949707
1.0934768915176392,-0.3677428960800171,1.2666888236999512
1.1569726467132568,-0.8314259648323059,0.65730881690979
1.348294734954834,-0.12432973086833954,1.344936490058899
1.1458725929260254,-0.02386542409658432,1.2785842418670654
0.9876775145530701,0.10991756618022919,1.5078164339065552
0.510050356388092,-0.8503233194351196,1.2610162496566772
0.5857564210891724,0.2038625180721283,1.4257780313491821
0.5065476298332214,-0.49161940813064575,1.307617425918579
1.3098607063293457,-0.2834407091140747,1.24013090133667
0.43447956442832947,0.33393341302871704,1.2743279933929443
0.4121128022670746,-0.7059519290924072,1.0263335704803467
0.564827561378479,-0.2782388925552368,1.4043318033218384
1.1096949577331543,-0.22648945450782776,0.7449516654014587
0.7977447509765625,0.07351557910442352,1.3813368082046509
0.8397641777992249,0.30263423919677734,1.313959002494812
1.395563006401062,-0.2825234532356262,1.071070671081543
0.25303030014038086,-0.747900664806366,0.962238073348999
0.6756129264831543,-0.8855136036872864,1.2998157739639282
0.21886985003948212,0.07912808656692505,0.8125485777854919
1.0525810718536377,-0.03556334227323532,0.9028127789497375
1.1414587497711182,-0.0875430703163147,0.9934882521629333
0.7913673520088196,-0.47394877672195435,1.085221767425537
0.5864778161048889,0.07039844989776611,1.1619112491607666
0.7302956581115723,-0.41872549057006836,1.5684564113616943
0.30333811044692993,-0.25954684615135193,1.3088189363479614
0.6074872612953186,-0.33070048689842224,1.254307508468628
0.35589373111724854,-0.5145044326782227,1.4404997825622559
0.47475558519363403,0.14140114188194275,1.4321553707122803
0.5848391056060791,0.15693216025829315,1.4504507780075073
0.7193048000335693,-0.647612452507019,0.9123626947402954
0.496317058801651,-0.3106183707714081,1.532984972000122
0.7925148010253906,-0.8619688749313354,0.8881121873855591
0.9820777177810669,-0.699207067489624,1.3850535154342651
0.24729113280773163,-0.3319220542907715,1.000885009765625
0.6713544130325317,-0.5219610929489136,0.8106405138969421
0.9035394787788391,-0.6544859409332275,0.6069923043251038
1.247476577758789,-0.3934430778026581,0.5181916356086731
0.7802678346633911,-0.7842063307762146,0.8370702266693115
0.2758425176143646,-0.29680225253105164,1.4022594690322876
0.7101194262504578,0.2846693694591522,0.8888781666755676
0.8052540421485901,-0.8956270813941956,0.9793639779090881
0.44376781582832336,0.09829598665237427,0.9536179304122925
1.1653579473495483,-0.1234544888138771,1.5175108909606934
1.1851892471313477,-0.3675941824913025,0.6202969551086426
1.0778305530548096,-0.7487618327140808,1.0709787607192993
1.335697054862976,0.10157172381877899,1.2873060703277588
0.6324197053909302,-0.36874911189079285,1.5276727676391602
0.6229004859924316,-0.4921822249889374,1.1495835781097412
0.8452197313308716,-1.026080846786499,0.7596002817153931
0.5507470965385437,0.1944601684808731,1.38704514503479
1.3270149230957031,-0.5612668991088867,1.1767874956130981
1.0840587615966797,-0.18980778753757477,1.2782107591629028
0.4201846420764923,-0.48821455240249634,1.246678352355957
0.6111775636672974,-0.2352592945098877,1.1508822441101074
0.6629934310913086,-0.42428702116012573,1.3620787858963013
1.3247299194335938,-0.25379273295402527,1.378030776977539
1.2209360599517822,-0.8974630236625671,0.8315160870552063
0.6354708075523376,-0.5799105167388916,1.0350556373596191
0.5270974636077881,0.005999010056257248,1.4148091077804565
1.2756538391113281,-0.15729166567325592,1.2023271322250366
0.5465986728668213,-0.3195619583129883,1.5066941976547241
1.1343806982040405,0.007579226046800613,1.040518879890442
0.48689618706703186,-0.38117140531539917,1.1238126754760742
1.1128184795379639,-0.348693311214447,1.020071029663086
0.6772677898406982,0.07582959532737732,1.1257396936416626
0.5615162253379822,-0.1721705049276352,1.3983622789382935
0.4066452085971832,-0.41689983010292053,1.452974557876587
1.276508092880249,-0.2800019383430481,1.377658486366272
0.8940674662590027,-0.1818280816078186,1.574126958847046
0.9820087552070618,0.19890187680721283,1.2996392250061035
0.23334035277366638,0.14208608865737915,1.2599987983703613
0.3544478416442871,-0.3319013714790344,0.9680402278900146
0.6194568276405334,-0.2846665680408478,1.5680270195007324
0.8345956802368164,-0.23740248382091522,1.4082226753234863
0.9281677603721619,0.3518454134464264,0.9293124675750732
1.504882574081421,0.11035347729921341,0.7590693235397339
0.5975483059883118,0.4752888083457947,1.140027642250061
1.516598105430603,-0.25204840302467346,1.0991597175598145
0.9731674194335938,0.24552173912525177,1.2972486019134521
1.160013198852539,-0.04999246448278427,0.9838156700134277
0.6443346738815308,-0.4718201160430908,1.4198973178863525
0.562076210975647,0.42684924602508545,0.7579507827758789
0.982699453830719,0.05643704906105995,1.4855172634124756
0.24963104724884033,0.05108567327260971,1.3279476165771484
1.1771619319915771,-0.16874882578849792,0.7241387963294983
0.9447306394577026,-0.809065043926239,0.5411651134490967
0.27258601784706116,0.11775322258472443,1.2721991539001465
0.4918350577354431,0.050139062106609344,1.486642599105835
0.8204838037490845,-0.8176615834236145,1.338826298713684
1.093852162361145,0.058991894125938416,1.3776483535766602
1.3045852184295654,-0.26725438237190247,1.3894063234329224
0.6403855085372925,0.24723148345947266,1.3031713962554932
0.6605432033538818,-0.755908191204071,1.1213109493255615
0.3573188781738281,-0.0003485754132270813,1.4105254411697388
1.0705348253250122,-0.013814668171107769,1.5134447813034058
1.0492491722106934,-0.14965541660785675,1.2654085159301758
0.4134855270385742,-0.6809502840042114,1.2800098657608032
0.8533903956413269,-0.08045236021280289,1.4846038818359375
0.7883719205856323,-0.6947084069252014,1.0186114311218262
0.8570032119750977,-0.9098691344261169,0.872928261756897
0.7375321388244629,0.04386155307292938,1.5393180847167969
0.3988930583000183,-0.5570415258407593,1.404200792312622
0.9399939775466919,-0.5358052253723145,1.3605947494506836
0.3857581317424774,0.21210400760173798,0.9615784883499146
1.3497543334960938,-0.5267515778541565,1.2747089862823486
1.2081871032714844,0.07123808562755585,1.0902719497680664
0.5922350883483887,-0.14954262971878052,1.3233885765075684
0.16353371739387512,-0.39678701758384705,1.0728373527526855
0.3530401587486267,-0.7538852691650391,1.009256362915039
1.0373849868774414,0.10197755694389343,1.4654656648635864
0.7636539936065674,-0.7417634129524231,1.3367159366607666
0.614970326423645,-0.8115943074226379,1.1003750562667847
1.0179625749588013,-0.6862848401069641,1.3760570287704468
0.4071969985961914,-0.41033682227134705,0.7907330989837646
0.5913975834846497,-0.4797987639904022,0.8219034671783447
0.7300609946250916,-0.5296658873558044,0.9764348268508911
0.35926127433776855,0.11416634917259216,1.0622389316558838
0.8402212262153625,0.411858469247818,1.2573626041412354
0.5510997772216797,-0.36226317286491394,0.9433315992355347
0.6120232343673706,-0.5537985563278198,1.504068374633789
0.9999974966049194,-0.14350080490112305,1.3110156059265137
0.5055273771286011,-0.4850851595401764,1.5136040449142456
0.6051199436187744,0.2542903423309326,1.1133317947387695
0.6096195578575134,0.24857309460639954,0.9119720458984375
0.7490699291229248,0.27700427174568176,1.145175814628601
0.5684705972671509,0.23490244150161743,1.117336630821228
1.210420846939087,0.10205130279064178,1.3423869609832764
0.6178297996520996,-0.38790032267570496,1.1956117153167725
0.6198853254318237,-0.734022319316864,0.7254540920257568
1.0801365375518799,-0.48110488057136536,1.0048067569732666
1.1215384006500244,-0.8730073571205139,0.6024194359779358
1.0821954011917114,-0.33476465940475464,1.4737327098846436
0.5557066202163696,-0.5438963770866394,0.769691526889801
1.1261401176452637,-0.4089503586292267,1.390868902206421
1.0329011678695679,-0.04921969026327133,1.0383356809616089
0.5799492597579956,0.012246817350387573,1.5167181491851807
0.5774106979370117,0.44214367866516113,1.1609468460083008
0.26857808232307434,-0.7166135907173157,1.2077431678771973
0.8471719026565552,-0.821926474571228,0.8729908466339111
1.1553415060043335,-0.7276998162269592,0.5739902853965759
0.9182191491127014,0.26889288425445557,1.224013328552246
1.2264742851257324,-0.5003084540367126,1.0323277711868286
0.9810686707496643,-0.9855159521102905,0.889150857925415
0.301840603351593,0.10202506184577942,1.331363558769226
1.2443616390228271,-0.18604356050491333,1.3018256425857544
0.16876327991485596,-0.44685032963752747,0.8486385941505432
0.8589882850646973,0.4167003333568573,0.7822777032852173
1.2135980129241943,-0.7766925692558289,0.5821686387062073
0.9044063687324524,-0.3957999646663666,1.4449846744537354
0.43741947412490845,-0.3784600794315338,1.0639231204986572
0.27836620807647705,-0.3952922224998474,1.3959197998046875
0.994593620300293,-0.20505394041538239,1.2690407037734985
0.7034454345703125,-0.07899540662765503,1.2718205451965332
0.2575024664402008,0.13196316361427307,1.0727756023406982
0.8265035152435303,-0.6053391098976135,1.0506436824798584
1.030730128288269,-0.4140867590904236,1.3991639614105225
0.8050605654716492,-0.5340392589569092,1.4552441835403442
0.8153222799301147,-0.1815926730632782,1.4227489233016968
1.5324628353118896,-0.2533600628376007,1.1069936752319336
0.8018327355384827,0.20547637343406677,1.3114705085754395
0.9540420770645142,-0.3410596251487732,1.456565022468567
0.3877968192100525,-0.3082544207572937,0.8150368928909302
0.9597338438034058,0.02886909991502762,1.1643078327178955
1.0780993700027466,0.09445871412754059,1.369391918182373
0.8213502168655396,-0.962397038936615,1.1188493967056274
0.6264709830284119,-0.719723105430603,0.821326732635498
0.29471397399902344,-0.43626123666763306,1.0859137773513794
1.1908109188079834,-0.6018400192260742,0.7223138213157654
1.2874095439910889,-0.032332055270671844,1.1700060367584229
0.13799208402633667,0.15047085285186768,0.8554715514183044
0.599431574344635,0.012847468256950378,1.3566666841506958
1.0678579807281494,0.2677508294582367,1.3151323795318604
0.22172263264656067,-0.19145551323890686,0.9200094938278198
0.46920478343963623,-0.42052125930786133,0.819320559501648
0.7327244281768799,0.13018600642681122,1.3479440212249756
0.860841691493988,0.20248445868492126,1.1306736469268799
0.844224214553833,-0.420066773891449,1.5290254354476929
1.3611363172531128,-0.07169663906097412,1.3269070386886597
1.1269652843475342,-0.1811930388212204,1.3768632411956787
0.3134261667728424,0.07809148728847504,1.1225372552871704
0.6183661222457886,0.018627941608428955,0.7725329995155334
1.0075308084487915,0.4802981913089752,0.8499611020088196
0.35828420519828796,-0.08137620240449905,0.886527419090271
0.9027189612388611,-0.6718515157699585,1.4811619520187378
0.6600689888000488,-0.17081233859062195,1.146147608757019
1.0412787199020386,-0.39976954460144043,1.3958549499511719
0.35455775260925293,-0.31362903118133545,1.4243348836898804
-0.0008883662521839142,-0.3362054228782654,0.7883846163749695
0.35491299629211426,0.14137974381446838,1.2833880186080933
0.9271132349967957,0.09334994107484818,1.4678034782409668
0.596839964389801,-0.5533521771430969,1.4420557022094727
1.3084242343902588,-0.503251314163208,0.9365689158439636
1.2224260568618774,-0.7624717354774475,1.183269739151001
0.6509361863136292,-0.748271107673645,1.1853878498077393
1.039756417274475,-0.4212133586406708,0.7801916599273682
0.6087461113929749,-0.6552368402481079,1.4841922521591187
1.0834723711013794,-0.3628193438053131,1.457197666168213
1.5385822057724,0.030158277601003647,0.742184042930603
0.29520732164382935,-0.2425421178340912,1.0858275890350342
0.4197843074798584,-0.32969436049461365,1.2993212938308716
0.4445122480392456,-0.08227752894163132,1.2875885963439941
0.5977543592453003,-0.5334250926971436,1.2896876335144043
0.8749657273292542,-0.09427496790885925,1.2929357290267944
0.5400801301002502,0.425065279006958,0.8216747045516968
0.42567065358161926,0.030169345438480377,1.2474160194396973
1.1452323198318481,-0.3656165599822998,0.7533193230628967
0.6716028451919556,-0.15788668394088745,1.4472178220748901
0.9978950023651123,-0.4435499608516693,1.3231003284454346
0.7661468982696533,-0.6917917728424072,0.39511018991470337
0.9636478424072266,-0.6655819416046143,1.4535479545593262
0.7229785919189453,-0.7277230024337769,1.3721199035644531
1.1701745986938477,-0.5207293033599854,0.5082171559333801
0.9046304225921631,-0.1434997320175171,1.522027850151062
0.24019023776054382,-0.8174235820770264,0.8932429552078247
0.7882965207099915,-0.8681111931800842,0.9731765985488892
0.5455523133277893,-0.05676525831222534,1.3205599784851074
0.5645409226417542,-0.4581422805786133,1.1176875829696655
0.8171582818031311,-0.8577367663383484,1.198461890220642
0.8357077836990356,-0.13326868414878845,1.3585501909255981
1.032565951347351,-0.23890146613121033,0.8157858848571777
0.830776572227478,0.08008480072021484,0.7584434747695923
0.7695443630218506,0.21464160084724426,0.9034881591796875
1.150048017501831,0.1058412492275238,1.0415019989013672
0.6675243377685547,-0.179570734500885,1.294870138168335
1.039520502090454,-0.6711379885673523,0.9653578996658325
0.5606812238693237,0.23499436676502228,0.8361321687698364
0.5056447386741638,-0.409042090177536,1.2522164583206177
0.747613787651062,-0.8508256077766418,1.2295862436294556
0.3260422348976135,0.04383862763643265,0.8405648469924927
0.6186796426773071,0.2418164163827896,0.8344380855560303
0.6905419826507568,0.10277613997459412,1.0154324769973755
1.1251022815704346,0.48118001222610474,0.8152923583984375
0.5934886932373047,-0.042159780859947205,1.5473920106887817
0.7387465238571167,-0.593592643737793,1.5285413265228271
0.29765889048576355,-0.8768032789230347,0.883710503578186
0.6929593086242676,0.049064237624406815,1.545938491821289
0.8746944665908813,0.07668530941009521,1.258392095565796
0.8922867774963379,0.08608101308345795,1.3955034017562866
0.3815864324569702,-0.24701695144176483,1.2247998714447021
0.5595134496688843,-0.7190892696380615,1.1049737930297852
0.8503096103668213,-0.9790480136871338,1.1418408155441284
0.4310292601585388,-0.2679761052131653,1.4135534763336182
1.1768772602081299,-0.2460329830646515,1.253195881843567
0.7168034315109253,0.10687899589538574,0.7959281206130981
0.2650226950645447,-0.28107959032058716,1.3821358680725098
1.0551589727401733,-0.30780845880508423,1.2439522743225098
0.7933851480484009,0.2184571772813797,0.9348803758621216
0.8564255833625793,0.11809910088777542,0.7870572209358215
0.4383528232574463,0.12419949471950531,1.1476906538009644
1.2871851921081543,-0.3113156855106354,1.1995919942855835
0.4528615474700928,-0.43247732520103455,0.7594764828681946
0.7647945880889893,-0.3641588091850281,1.5713664293289185
0.88682621717453,0.18720152974128723,1.3570778369903564
0.6801570057868958,0.13765370845794678,1.0600478649139404
0.7901099324226379,-0.8135403394699097,1.3219892978668213
0.44670915603637695,-0.4299662709236145,1.097083330154419
1.128546953201294,-0.1170627623796463,1.3535829782485962
1.031495451927185,0.0832442194223404,1.2265512943267822
0.5093681812286377,-0.6188299059867859,1.1862667798995972
0.6409630179405212,0.013769932091236115,0.7705451250076294
1.0317059755325317,-0.694244384765625,1.1030062437057495
0.6309590935707092,0.09957124292850494,1.3059813976287842
0.5287055373191833,-0.4038287401199341,1.0962262153625488
0.5740029811859131,-0.014186864718794823,1.0383422374725342
1.4676048755645752,-0.5070751905441284,0.9543166160583496
1.264209270477295,0.1412639021873474,1.0469093322753906
1.313960075378418,-0.39348718523979187,1.4217547178268433
0.5234819650650024,-0.47110646963119507,1.1211774349212646
0.6432191133499146,-0.149122416973114,1.3858579397201538
0.8627645969390869,-0.6853718757629395,0.8622760772705078
1.1594620943069458,-0.311100572347641,0.7229449152946472
1.188175916671753,-0.42438387870788574,0.6834889650344849
0.838074266910553,0.21845534443855286,1.4327270984649658
0.4047832190990448,0.4122484624385834,1.1132659912109375
0.2770419418811798,0.296299010515213,0.7888541221618652
1.4433925151824951,-0.022196725010871887,0.6602437496185303
1.2230302095413208,-0.4406261742115021,1.155290126800537
0.7727898359298706,-0.0830913856625557,1.4930540323257446
1.1455039978027344,-0.24405597150325775,1.304366111755371
0.5728999376296997,-1.00808846950531,0.8034546375274658
0.5239424705505371,0.0018079753499478102,0.9231261610984802
0.6404340267181396,0.32980379462242126,1.0585722923278809
0.6507092118263245,-0.7975319027900696,1.2169533967971802
1.3524717092514038,-0.29699403047561646,1.1250609159469604
0.4152226150035858,-0.19137205183506012,1.4292559623718262
1.5121649503707886,-0.5979872345924377,0.8218717575073242
0.6303694248199463,0.11799808591604233,1.5022938251495361
0.6057319641113281,0.5312081575393677,0.7778313159942627
0.8559807538986206,-0.5141143798828125,0.9986342191696167
1.5880745649337769,-0.36451607942581177,0.8879073262214661
1.000329852104187,0.0072740837931632996,1.1710655689239502
0.48374834656715393,-0.0935799703001976,0.8777064085006714
0.77773118019104,-0.04659133777022362,1.5350908041000366
1.3278052806854248,-0.37687209248542786,0.5808577537536621
0.8394627571105957,0.2337324470281601,0.808401882648468
0.8201563358306885,0.39773544669151306,1.0896075963974
0.4497089087963104,0.06739635765552521,1.3146930932998657
0.5192759037017822,0.4229554533958435,0.9418123364448547
1.4787930250167847,-0.19792288541793823,1.133020281791687
0.4850922226905823,0.23532691597938538,0.8651076555252075
0.721235990524292,-0.3940269351005554,1.196112036705017
0.6689344644546509,-0.24164898693561554,1.2164644002914429
1.1361827850341797,-0.49370837211608887,1.1528546810150146
1.4866734743118286,-0.0972648337483406,1.101431965827942
0.5367827415466309,-0.32544976472854614,1.0578542947769165
1.157604694366455,-0.3714253008365631,1.1730306148529053
0.5992005467414856,-0.2070930004119873,1.0969502925872803
0.39399439096450806,-0.1300014853477478,1.1625993251800537
0.8285049796104431,-0.01374371349811554,1.1720150709152222
0.1979210376739502,-0.7775346040725708,0.9305554628372192
0.309369295835495,0.22120793163776398,0.7751724720001221
1.135277509689331,-0.7817974090576172,0.7963672876358032
0.42278075218200684,0.011636808514595032,1.4883991479873657
0.6314976215362549,-0.39489153027534485,1.4271773099899292
1.0289850234985352,-0.08359405398368835,1.1141844987869263
0.3650900721549988,0.3694697916507721,0.9002689123153687
1.2106387615203857,0.1828196942806244,1.0763944387435913
0.24911653995513916,0.18190571665763855,0.7599188089370728
1.469825267791748,-0.17096875607967377,1.0367038249969482
0.38825616240501404,-0.49454808235168457,1.0666157007217407
0.6733786463737488,-0.272078275680542,1.5694352388381958
0.9213577508926392,-0.9323570728302002,1.20908784866333
0.7923457622528076,-0.6580802202224731,0.8493778109550476
1.3281500339508057,-0.5699076652526855,0.7707479596138
1.2058732509613037,-0.7698171734809875,0.6025857329368591
1.0831466913223267,0.20766927301883698,1.270840048789978
0.5857247114181519,-0.8077449798583984,1.159544825553894
0.4878990054130554,-0.5062111616134644,1.3447160720825195
0.020091034471988678,-0.050329580903053284,0.7936650514602661
0.3240107595920563,0.3776609003543854,0.9440993070602417
0.2687867283821106,-0.4969226121902466,1.1960712671279907
0.42605310678482056,-0.6882438659667969,1.073022723197937
0.8271763324737549,-0.5397661924362183,1.3807708024978638
0.7289090752601624,0.5337713360786438,0.9555354118347168
1.0013128519058228,-0.24636708199977875,1.1981630325317383
0.5326395034790039,-0.13106897473335266,1.2087581157684326
0.6255267858505249,0.011813215911388397,1.0407253503799438
1.047340989112854,-0.0387037992477417,0.7910816073417664
0.41406533122062683,-0.6099832653999329,1.3399970531463623
0.9419459104537964,-0.5763375163078308,1.1390913724899292
0.6841462254524231,-0.1560787409543991,1.5734764337539673
1.1247037649154663,-0.24879290163516998,1.5308984518051147
1.2509783506393433,-0.5801107287406921,0.4211403429508209
0.5870481729507446,-0.048962485045194626,1.5360177755355835
0.41654902696609497,-0.07392618805170059,1.046407699584961
0.7231300473213196,-0.8284491300582886,1.2129828929901123
0.925201952457428,-0.9543459415435791,0.7802861332893372
0.4283478260040283,-0.1043817549943924,1.0369105339050293
0.9737820625305176,-0.23373059928417206,1.1982976198196411
0.7513967156410217,-0.33887583017349243,1.5711445808410645
1.09671151638031,-0.16031894087791443,0.8609766960144043
0.5130884647369385,-0.5624682903289795,1.4545210599899292
1.5735574960708618,-0.2942414879798889,0.7076541781425476
0.9960969686508179,-0.4826241433620453,0.7888699769973755
1.1695059537887573,-0.3125913739204407,0.3957124650478363
1.1999658346176147,-0.6613072156906128,0.882790744304657
0.9531174302101135,-0.5761348605155945,1.5010347366333008
0.5623550415039062,-0.6026710867881775,0.7710860967636108
1.1281074285507202,-0.5800489187240601,0.8601401448249817
0.6622152328491211,0.008080445230007172,1.189661979675293
0.4550844430923462,-0.38787907361984253,1.0863364934921265
0.20217002928256989,0.14243891835212708,1.1881099939346313
0.21841710805892944,-0.11384396255016327,1.2970458269119263
0.6201422214508057,-0.7319043278694153,1.155524492263794
0.49834346771240234,-0.5497220158576965,0.8418874144554138
1.1362124681472778,0.05890502780675888,0.7177221775054932
1.0998729467391968,-0.26589250564575195,1.3487772941589355
0.9704034924507141,0.0075363889336586,1.5290447473526
0.450011670589447,-0.15197663009166718,1.156346321105957
0.32360929250717163,0.1554277241230011,1.205464482307434
0.4758283793926239,-0.0843769758939743,0.9065412282943726
0.6644633412361145,-0.34402209520339966,1.4202948808670044
0.6779226660728455,-0.35265249013900757,1.5051963329315186
0.28218355774879456,-0.2294301688671112,1.2347283363342285
0.4814726710319519,-0.7018568515777588,0.806291937828064
0.16430094838142395,0.23270228505134583,1.001997470855713
0.5080051422119141,-0.7966336607933044,0.5667102336883545
0.8825576901435852,-0.037239920347929,1.2116022109985352
0.8182343244552612,-0.054101914167404175,1.3496239185333252
0.4982214570045471,-0.3383304476737976,0.9203192591667175
0.49736863374710083,-0.39547595381736755,1.132378339767456
0.7824591398239136,-0.554015576839447,0.8382814526557922
0.5859615802764893,-0.10730691254138947,0.7658758163452148
0.24596309661865234,-0.31254929304122925,1.0607342720031738
0.45399215817451477,-0.2998126447200775,1.1867680549621582
0.8010579347610474,0.2048531472682953,1.3833293914794922
1.2815450429916382,-0.4180583953857422,0.5580448508262634
0.45924872159957886,-0.02812705561518669,1.4103748798370361
0.42997080087661743,-0.4018741846084595,1.5078721046447754
0.7679941058158875,-0.02383621782064438,1.279447317123413
0.322073370218277,-0.03732963651418686,1.4120157957077026
0.24226707220077515,-0.5386152267456055,1.039001703262329
1.1452935934066772,-0.39370718598365784,1.2319893836975098
0.3339937925338745,-0.005951611790806055,1.0277197360992432
0.49653148651123047,-0.39091911911964417,0.7624561786651611
0.37036940455436707,0.15235966444015503,1.2933835983276367
0.5719536542892456,-0.4629879891872406,1.101965069770813
0.4425996243953705,-0.47687584161758423,0.8858343362808228
0.8154998421669006,-0.8267353773117065,1.31706702709198
0.7864643931388855,-0.036587342619895935,1.5471559762954712
1.0665234327316284,0.041274651885032654,0.8362910151481628
0.5068272948265076,-0.2502813935279846,0.8979001045227051
0.17687013745307922,-0.38864606618881226,1.2942218780517578
0.9663045406341553,-0.04089855030179024,0.8170749545097351
1.242893934249878,-0.25177523493766785,1.4129341840744019
1.1015300750732422,-0.32294023036956787,1.125035047531128
0.653939425945282,-0.07429537177085876,1.5583672523498535
0.35455214977264404,-0.010036902502179146,1.3307178020477295
0.6189740896224976,-0.009330496191978455,1.3646047115325928
1.228952169418335,-0.6035013198852539,1.0246758460998535
1.3752566576004028,-0.02100186049938202,0.696945071220398
0.4065558910369873,-0.29937076568603516,1.5159333944320679
0.6449446082115173,0.21490181982517242,1.3270255327224731
0.5092983841896057,-0.0002470463514328003,0.9626575112342834
1.081799030303955,-0.6546920537948608,1.3361343145370483
0.7732802033424377,-0.6218560934066772,1.2620611190795898
0.35139429569244385,-0.05089090019464493,1.063913345336914
0.806289553642273,-0.47127336263656616,1.356748104095459
0.7710987329483032,-0.5047672986984253,1.5428221225738525
1.0738605260849,-0.8417409658432007,0.5630353689193726
0.8731364011764526,-0.46501487493515015,0.8439756035804749
1.0312318801879883,-0.031188853085041046,1.030266523361206
1.0202596187591553,0.07663530856370926,1.4596856832504272
0.5004178285598755,-0.2800760865211487,1.3123888969421387
0.8666152954101562,-0.2350836843252182,1.2956876754760742
0.288082480430603,-0.4163953363895416,0.9431366920471191
0.2499724179506302,-0.15095695853233337,1.1041685342788696
0.5434525609016418,0.5153732299804688,0.9416799545288086
0.47543472051620483,-0.363495409488678,1.1145126819610596
0.6111816167831421,-0.2177332043647766,1.5064358711242676
0.36772167682647705,0.17644888162612915,0.7981241941452026
0.45999211072921753,-0.034740738570690155,1.4009344577789307
0.3862636387348175,-0.15348388254642487,0.8977473974227905
0.4320753216743469,-0.1536068320274353,1.4664020538330078
0.7179744243621826,0.1046736091375351,1.5144658088684082
1.1914172172546387,-0.794849157333374,0.5344714522361755
0.25325244665145874,0.05510726571083069,1.2730342149734497
0.9232906103134155,0.12184173613786697,0.988034725189209
0.3210075795650482,-0.6401761174201965,0.74201899766922
1.0783497095108032,0.15888023376464844,1.4169602394104004
1.1418766975402832,-0.16472390294075012,1.4039170742034912
0.4086742401123047,-0.47707709670066833,1.2691148519515991
0.05336255580186844,-0.38482457399368286,0.794687807559967
1.0934491157531738,-0.34312883019447327,0.8357431888580322
1.0349525213241577,-0.7691592574119568,0.570774495601654
0.676375150680542,0.1091683954000473,1.3051691055297852
0.8757201433181763,-0.7335450053215027,1.3821595907211304
0.8788073658943176,-0.78560471534729,1.2021756172180176
0.6250484585762024,0.02094864845275879,1.2784641981124878
0.28779327869415283,-0.6531217694282532,1.0624639987945557
0.3640105724334717,-0.23962365090847015,0.7974443435668945
0.6558802127838135,-0.8170924782752991,0.8023059368133545
1.253793716430664,-0.5779746174812317,1.3483891487121582
0.29966920614242554,0.0011362992227077484,1.1871604919433594
1.070763111114502,-0.3175760507583618,1.2899644374847412
1.0151089429855347,0.20140217244625092,1.0792484283447266
1.0985928773880005,-0.6577273607254028,1.3673371076583862
0.5771796703338623,-0.7308474779129028,1.2954721450805664
1.0624631643295288,-0.8434857130050659,0.5574602484703064
0.781284511089325,0.35400837659835815,0.8810905814170837
0.9744014739990234,-0.4678036570549011,1.5367783308029175
0.583082377910614,-0.3846747577190399,1.4363043308258057
0.3552308976650238,-0.7987720966339111,0.9849778413772583
0.7410213947296143,-0.8330835700035095,1.2675738334655762
0.3697021007537842,-0.3229637145996094,1.1246092319488525
1.1079891920089722,-0.7921620607376099,1.2712337970733643
0.38353025913238525,0.4173881411552429,1.0230050086975098
1.2991527318954468,-0.43468350172042847,1.0305097103118896
1.4063640832901,-0.23915547132492065,1.1012811660766602
0.5247969627380371,0.26910799741744995,0.9452963471412659
1.005049228668213,-0.8251004219055176,1.3252677917480469
0.7823851108551025,-0.8006448745727539,1.112898826599121
0.7991797924041748,-0.9746869206428528,1.0361310243606567
0.5816488265991211,0.22185450792312622,0.822408139705658
0.6775182485580444,-0.8078985214233398,0.7654646635055542
0.9895829558372498,-0.3009684681892395,1.566275954246521
0.8214352130889893,-0.524680495262146,1.1403768062591553
1.4312701225280762,0.18815989792346954,0.9706281423568726
0.9198234677314758,0.20490340888500214,1.4642703533172607
0.7185983061790466,-0.8648555278778076,0.48539191484451294
1.3251993656158447,-0.08617734909057617,1.1470695734024048
0.7184489965438843,-0.4513644278049469,1.2703979015350342
0.6590747237205505,-0.6230513453483582,1.400407075881958
0.43667134642601013,0.10709364712238312,0.8174307346343994
0.6098553538322449,0.15817224979400635,1.4304990768432617
0.9081557989120483,-0.6187456846237183,0.7770217061042786
1.0010316371917725,-0.2804996967315674,1.2911310195922852
0.39750203490257263,-0.16253210604190826,0.8576152920722961
0.7896294593811035,-0.007441580295562744,1.2595319747924805
0.6274011135101318,0.44731605052948,1.0289698839187622
0.24407683312892914,0.07128902524709702,1.2946550846099854
0.33836299180984497,-0.22284577786922455,0.8486220836639404
1.182042121887207,-0.0426134318113327,1.2524170875549316
0.4868701696395874,-0.06595556437969208,1.003434181213379
0.293899267911911,-0.7958577871322632,0.769137442111969
0.2052004337310791,-0.7240835428237915,0.9689136743545532
0.4842369854450226,-0.6921685338020325,1.2237110137939453
0.528761625289917,-0.6551724672317505,1.1918081045150757
0.4112298786640167,0.18939471244812012,1.2507745027542114
0.8752397894859314,-0.5706207752227783,1.5240389108657837
0.8755234479904175,-0.02101004123687744,1.3424079418182373
0.3772960603237152,-0.5719437599182129,1.2927194833755493
0.6073542833328247,0.17144230008125305,1.2656413316726685
0.8988661766052246,0.21496200561523438,1.472919225692749
0.668968677520752,-0.3245580792427063,1.5255028009414673
1.1326141357421875,0.03365497291088104,0.9424530267715454
0.43894582986831665,-0.5329206585884094,1.260932445526123
0.5584064722061157,-0.29796645045280457,1.2946593761444092
0.6972720623016357,0.2710631489753723,0.7860427498817444
0.9964339733123779,-0.5739965438842773,1.0038838386535645
0.8069801330566406,-0.7569117546081543,0.6954783797264099
1.1414152383804321,-0.3524077236652374,0.9706696271896362
0.9999090433120728,0.1858479231595993,1.2477474212646484
1.3320757150650024,-0.5344939231872559,0.6278489232063293
0.587026059627533,-0.5056991577148438,1.0088846683502197
0.5407781004905701,0.16202117502689362,1.4581440687179565
0.4592232406139374,-0.6260631680488586,0.4213796854019165
1.0831005573272705,-0.18399861454963684,0.8274726867675781
1.3412158489227295,-0.5399491786956787,0.9767681956291199
0.470678448677063,-0.8072754740715027,0.5678551197052002
0.628400981426239,-0.6538184881210327,1.252851128578186
0.30693545937538147,-0.09049881249666214,1.3546857833862305
0.7508161067962646,0.3595813512802124,1.2218297719955444
0.6259646415710449,-0.5343484878540039,1.037064552307129
1.0925877094268799,0.09030085802078247,1.0977261066436768
1.5068155527114868,-0.21181412041187286,1.0662238597869873
0.6754183173179626,-0.8024954199790955,0.4244961440563202
0.2950340211391449,-0.3795885741710663,1.023986577987671
0.6308640241622925,0.31489408016204834,1.1926813125610352
0.1936129629611969,-0.12134060263633728,1.1608328819274902
0.5750573873519897,-0.7521137595176697,1.3853046894073486
1.1370065212249756,0.03298044949769974,1.4832463264465332
1.5191690921783447,-0.5582515597343445,0.7783408164978027
1.4401233196258545,-0.28464871644973755,1.1471627950668335
0.9453256130218506,-0.5113095641136169,1.5082323551177979
0.7030056715011597,-0.3682959973812103,1.5677084922790527
0.08775793015956879,-0.5303518176078796,0.8773758411407471
0.485764741897583,-0.21454021334648132,0.9806215167045593
1.1258704662322998,-0.10141898691654205,1.369286298751831
0.7019115090370178,0.026903696358203888,1.5550469160079956
0.6202125549316406,0.20307189226150513,1.1885349750518799
0.8360856175422668,-0.8975296020507812,1.2741118669509888
0.6600810885429382,-0.49274808168411255,1.4129701852798462
0.379295289516449,0.11136288940906525,1.1833685636520386
0.6926990151405334,-0.28862833976745605,1.1146799325942993
0.5148212909698486,-0.6834457516670227,0.9936671257019043
0.5978286862373352,0.2059093862771988,1.4122467041015625
1.0048927068710327,-0.36392080783843994,1.5072245597839355
0.1192968338727951,-0.31693893671035767,1.144684910774231
1.2634018659591675,-0.577339231967926,1.0255094766616821
1.0174188613891602,-0.06293846666812897,0.8011467456817627
0.24130728840827942,-0.2637102007865906,1.162522554397583
0.8417574763298035,0.2208028882741928,1.3745701313018799
0.7567803859710693,0.5401401519775391,0.9871918559074402
0.8883734941482544,-0.18317797780036926,1.5733630657196045
0.6089653968811035,-0.3201908469200134,1.5612294673919678
1.2984131574630737,-0.014933325350284576,0.5310579538345337
1.0285413265228271,-0.7533969283103943,0.8067350387573242
1.263359546661377,-0.4221886396408081,1.1418485641479492
1.0732170343399048,-0.5825453996658325,1.072152853012085
0.5267042517662048,-0.07411182671785355,1.3225879669189453
0.7261037826538086,-0.47754040360450745,1.5497419834136963
0.6271963715553284,-0.31174227595329285,1.459360957145691
0.9964995384216309,0.007484866306185722,0.7725591659545898
1.3583991527557373,-0.4457213282585144,1.0124859809875488
0.6856411695480347,0.02219892293214798,1.505615472793579
0.6464053988456726,-0.0118758175522089,1.0358355045318604
0.5252418518066406,-0.44803643226623535,1.2604304552078247
1.1070302724838257,-0.5730271339416504,1.2702399492263794
1.009339451789856,-0.3951358199119568,1.4967536926269531
0.4406253695487976,-0.48185038566589355,0.9144077301025391
0.7885094285011292,-0.173620343208313,1.2577303647994995
1.0440952777862549,0.3062405586242676,1.2847890853881836
0.8691414594650269,-0.7651671171188354,1.0451353788375854
0.5546836853027344,0.17911244928836823,0.9471710324287415
1.565510869026184,-0.26107871532440186,0.8924626111984253
0.6106895804405212,-0.46171095967292786,1.1830319166183472
1.3506577014923096,-0.3015974164009094,1.2248225212097168
0.7456083297729492,-0.25961899757385254,1.5541045665740967
0.904511034488678,-0.11826105415821075,1.3389036655426025
0.6199904084205627,-0.041589491069316864,1.5464818477630615
0.26257839798927307,0.08144056797027588,1.0115422010421753
0.8443408608436584,0.08484082669019699,1.3041634559631348
0.5116949677467346,0.10525549203157425,1.2013760805130005
0.7787340879440308,-0.8912993669509888,1.0217580795288086
0.5708048343658447,-0.08290331065654755,1.491590142250061
0.19515258073806763,-0.5430657863616943,0.8540627360343933
0.5499764680862427,-0.5704664587974548,1.1131434440612793
1.0594333410263062,-0.04259732365608215,1.4626262187957764
0.5279840230941772,-0.1943236142396927,1.3092156648635864
1.3716872930526733,-0.09035716950893402,1.0437637567520142
0.31949836015701294,-0.7994599342346191,0.7894260883331299
1.4994465112686157,-0.5872886776924133,1.0275784730911255
0.764636218547821,0.07814475893974304,1.4949238300323486
0.9406263828277588,-0.7233536839485168,1.019471287727356
0.517109751701355,-0.8254933953285217,0.4723396897315979
1.1953705549240112,0.08090153336524963,0.9728455543518066
1.0587600469589233,-0.04474983364343643,0.9891427159309387
0.18295298516750336,-0.37137162685394287,0.7911258935928345
0.6835659742355347,0.033090803772211075,1.090574026107788
1.4400427341461182,0.08135923743247986,1.1789931058883667
0.6191792488098145,-0.7847702503204346,1.1165087223052979
1.1253361701965332,-0.06963769346475601,0.897167444229126
0.21805411577224731,-0.5934516787528992,1.1528829336166382
0.556708812713623,-0.12377727031707764,1.3233643770217896
0.679507315158844,0.18868541717529297,1.3681707382202148
1.131378412246704,0.12020421773195267,1.1874405145645142
0.39218977093696594,-0.33374282717704773,1.2752658128738403
0.886658787727356,-0.9102000594139099,1.0149203538894653
0.56818026304245,0.14802509546279907,1.065295934677124
0.7206507325172424,0.4158678948879242,1.1455971002578735
0.9262394905090332,-0.22006434202194214,1.150733470916748
1.0711501836776733,-0.10162181407213211,0.9203160405158997
1.3430602550506592,-0.009102340787649155,0.9390929937362671
1.0152580738067627,0.3902607262134552,0.8444583415985107
1.0525250434875488,-0.07893525063991547,0.935149073600769
1.2152979373931885,-0.4776310920715332,1.2652612924575806
0.5851303935050964,-0.37163761258125305,1.4411039352416992
0.3592084050178528,-0.46116411685943604,1.3139578104019165
0.3984200656414032,0.13312599062919617,1.138044834136963
0.4477473199367523,-0.3580350875854492,1.4980926513671875
0.7367501854896545,-0.6420716643333435,0.4898223876953125
0.5758959054946899,-0.6770644783973694,1.260523796081543
1.2561196088790894,-0.1613127589225769,1.4672305583953857
0.653471827507019,-0.2742604911327362,1.2021487951278687
0.6099120378494263,0.38330602645874023,1.2503328323364258
-0.0007746787741780281,-0.19873270392417908,0.7987145185470581
0.9326921701431274,-0.5594207048416138,0.918042778968811
0.5357558727264404,-0.27645593881607056,1.436017632484436
0.8075369596481323,-0.28989267349243164,1.580446481704712
1.1273671388626099,-0.094662606716156,0.7255849838256836
0.4176791310310364,-0.7355906963348389,1.3381407260894775
0.5463438630104065,-0.6638261675834656,0.8995547294616699
1.225885033607483,0.09395026415586472,1.3251211643218994
1.0057077407836914,-0.7058783173561096,1.2857366800308228
0.3919126093387604,-0.22292964160442352,1.300181269645691
1.410581350326538,0.04630965366959572,1.005183458328247
0.7005449533462524,0.2623980641365051,1.4204857349395752
0.6678609848022461,0.3130750060081482,1.1182992458343506
0.5479006767272949,-0.6514317989349365,1.0671240091323853
0.06140861660242081,-0.24167154729366302,1.1666377782821655
1.0345344543457031,-0.8050401210784912,1.1208888292312622
1.2177008390426636,-0.10861003398895264,0.5527604818344116
1.0356045961380005,-0.7121286392211914,1.2794089317321777
0.46826696395874023,-0.41435497999191284,0.8584585785865784
0.6292158365249634,-0.31613168120384216,1.177032232284546
0.5122517347335815,0.16386711597442627,1.1478854417800903
1.36757493019104,-0.44923684000968933,0.7370380163192749
0.47704893350601196,-0.4395923614501953,0.7579817771911621
0.2852739989757538,0.08512420207262039,1.1297675371170044
0.641687273979187,-0.2831171751022339,1.288084864616394
1.2710318565368652,-0.277130663394928,1.1675419807434082
1.5312058925628662,0.0647793561220169,0.7849370837211609
0.20357312262058258,-0.7606610655784607,0.9846940040588379
1.0495812892913818,0.05681068077683449,0.930098295211792
0.8865294456481934,0.3699181079864502,1.1607797145843506
0.7414294481277466,-0.6609575152397156,1.3409559726715088
0.5640588998794556,0.3717654347419739,0.9381104707717896
0.6935869455337524,-0.6329607963562012,0.8654913902282715
0.20833316445350647,-0.4461793899536133,0.8442943096160889
0.8017305731773376,-0.5044080018997192,0.8600313663482666
0.47913458943367004,-0.45232507586479187,1.5044867992401123
0.580207109451294,-0.31054675579071045,1.5270071029663086
1.0270472764968872,-0.31206443905830383,1.316542387008667
0.6169456243515015,-0.1403171420097351,0.803727924823761
0.6536151170730591,-0.5992763042449951,1.1473690271377563
0.6075563430786133,-0.6595604419708252,0.975906252861023
0.040133073925971985,-0.0358174666762352,0.7905397415161133
0.5313993692398071,-0.3416423797607422,0.9508375525474548
0.6288742423057556,0.05777342617511749,1.5032758712768555
0.8971904516220093,-0.47908610105514526,0.9393552541732788
1.0265568494796753,-0.07050349563360214,1.419420838356018
0.4455415904521942,0.13854411244392395,1.4272668361663818
0.3215601146221161,-0.3197248876094818,1.1735551357269287
0.914578378200531,-0.36165255308151245,1.5726615190505981
0.5055608153343201,-0.9569296836853027,0.9545700550079346
0.95013028383255,-0.5059465169906616,1.3696818351745605
0.6571210622787476,-0.2454616129398346,1.4909734725952148
0.19558677077293396,-0.06851346790790558,1.041489601135254
0.9156208038330078,-0.5842828750610352,1.5252447128295898
1.2475662231445312,-0.8929630517959595,0.9003648161888123
0.6842054128646851,-0.7748404741287231,1.0190731287002563
0.3954147696495056,-0.3923399746417999,0.8261265754699707
0.9853543639183044,-0.6837179660797119,0.6983078122138977
0.609134316444397,-0.6884615421295166,1.423577904701233
0.8993245959281921,-0.033361323177814484,1.468585729598999
0.5197393894195557,-0.34807926416397095,1.4352930784225464
0.47563570737838745,-0.46112608909606934,0.9385107755661011
0.5368161201477051,-0.6691733598709106,1.1975104808807373
0.4678572416305542,-0.26451385021209717,1.2802741527557373
0.37206587195396423,0.16220566630363464,1.1567775011062622
0.8415179252624512,0.0720723420381546,0.8867818117141724
0.7562862634658813,-0.2487865537405014,1.3058364391326904
0.44362568855285645,-0.3885076642036438,0.7649387121200562
0.3652385473251343,0.35189637541770935,1.1703369617462158
0.4958432614803314,-0.5796557664871216,1.2816588878631592
0.3005063235759735,-0.5186302661895752,1.3894418478012085
0.5732471346855164,0.4412224590778351,1.1340007781982422
0.8104060888290405,0.04519388824701309,0.8835600018501282
1.0374102592468262,0.031632617115974426,0.8440045118331909
0.18738433718681335,-0.7568846344947815,0.9225088953971863
0.5425071120262146,-0.32030248641967773,1.3111042976379395
1.0673644542694092,-0.5804386734962463,1.017053484916687
1.0965368747711182,-0.08901381492614746,1.5366976261138916
0.2472275197505951,-0.41198858618736267,1.114061951637268
0.639813244342804,-0.1646260917186737,1.5635526180267334
0.2567196190357208,-0.17442786693572998,1.223971962928772
1.1599854230880737,0.24682456254959106,1.234720230102539
0.6922767162322998,-0.3999633193016052,1.2459955215454102
0.7494145631790161,0.27591729164123535,1.116529941558838
0.196584090590477,-0.32796406745910645,1.2649799585342407
0.837761640548706,-0.5152642726898193,1.4773485660552979
0.5379178524017334,-0.18709436058998108,1.178409218788147
1.0459977388381958,-0.6748530864715576,0.4737318754196167
0.6237133145332336,0.5129731297492981,0.892653226852417
0.6571170687675476,0.12434062361717224,1.1319047212600708
0.8634747862815857,-0.15616139769554138,1.326878547668457
0.5864262580871582,-0.6760052442550659,0.7983778715133667
0.5297328233718872,0.09886066615581512,1.1633139848709106
0.4794178009033203,0.38376885652542114,0.8309243321418762
1.0030736923217773,-0.04214081913232803,1.4661900997161865
0.5586826801300049,0.3667878210544586,0.763272225856781
0.6723265051841736,-0.7071818113327026,1.115721583366394
0.3965027332305908,-0.2908889353275299,1.3255280256271362
0.528481125831604,-0.6891486048698425,0.5186015367507935
0.7973253726959229,-0.6441426277160645,0.5950727462768555
0.43091288208961487,0.11899407207965851,1.0445728302001953
0.7055234909057617,-0.11311846226453781,1.5714722871780396
0.9706449508666992,-0.36749789118766785,1.4158860445022583
0.7337982058525085,-0.8143453001976013,0.5088868141174316
0.5740001797676086,-0.7569643259048462,1.0130836963653564
1.1087660789489746,-0.513392984867096,1.3357844352722168
0.6259979009628296,0.11245644092559814,0.7902126908302307
0.7012237310409546,-0.3344225287437439,1.3113458156585693
1.0137273073196411,-0.05652036517858505,0.7706055641174316
0.4474850594997406,0.09377624094486237,1.0785316228866577
0.46518245339393616,0.14388158917427063,1.2090460062026978
1.1160622835159302,-0.9484634399414062,0.9837653040885925
0.9516564011573792,0.18123826384544373,1.1443754434585571
0.9691813588142395,-0.27496010065078735,1.4173613786697388
0.9076586961746216,-0.3272576630115509,1.4414242506027222
0.6192017197608948,-0.2354448139667511,1.1639471054077148
0.7912890315055847,-0.8335704803466797,1.2576487064361572
0.9319255352020264,-0.7459363341331482,0.8744642734527588
0.9147584438323975,-0.05020776763558388,1.5313363075256348
0.216262549161911,-0.12786787748336792,0.8102995753288269
0.2751850485801697,-0.04020027816295624,0.9715763926506042
1.125420093536377,-0.06421768665313721,0.80396568775177
0.4237227439880371,-0.5879355669021606,1.2002785205841064
0.20844687521457672,-0.23652975261211395,0.9685080051422119
0.6864105463027954,-0.39490365982055664,1.2531682252883911
0.5876606702804565,0.3409079313278198,0.9822772741317749
0.4019373655319214,-0.22997337579727173,0.7793706655502319
0.6618682146072388,0.07436271011829376,1.2796638011932373
0.5591855645179749,-0.09386385232210159,1.5097748041152954
1.0318173170089722,-0.763757050037384,1.3750967979431152
1.1531051397323608,-0.48476046323776245,0.9680399298667908
0.9796936511993408,-0.8697287440299988,0.5914919972419739
0.4938889443874359,-0.16589951515197754,1.5035812854766846
0.6222615242004395,-0.32213306427001953,1.472472906112671
0.39930659532546997,-0.5555852651596069,1.2544093132019043
0.8312398791313171,-0.617992639541626,1.328276515007019
0.5652915239334106,-0.03217754513025284,1.1794179677963257
1.014104962348938,-0.5791980624198914,1.3541420698165894
0.9163680076599121,-0.11832699924707413,0.7935528755187988
0.6591885089874268,-0.679915726184845,0.721987247467041
0.8630601167678833,-0.6618572473526001,0.9762982130050659
0.7944467663764954,-0.6880701780319214,1.4857847690582275
1.0670673847198486,-0.05986815690994263,0.843605637550354
0.7806388735771179,0.02369360625743866,1.2849175930023193
0.4098561704158783,-0.3261030316352844,1.1785128116607666
0.782070517539978,-0.5113296508789062,1.3712223768234253
0.9779840111732483,0.12964381277561188,0.8486661911010742
0.954220175743103,-0.4492502510547638,1.4843236207962036
0.63194739818573,0.36772415041923523,1.1071677207946777
0.5366621017456055,-0.29686304926872253,1.3210010528564453
1.4278740882873535,-0.16220596432685852,0.914384663105011
0.9581789374351501,-0.49047723412513733,0.7720475792884827
0.6897873878479004,-0.7589780688285828,1.4310641288757324
1.0420596599578857,-0.6405781507492065,0.8056330680847168
0.674669086933136,-0.6459671258926392,1.2856372594833374
0.5263839364051819,-0.15884146094322205,1.392667531967163
0.4349440932273865,0.28125467896461487,1.1313716173171997
0.5903694033622742,-0.7366596460342407,1.1927131414413452
1.2354621887207031,-0.024474497884511948,0.8141894340515137
0.8881414532661438,0.006991717964410782,1.2255381345748901
1.3924249410629272,-0.04745199531316757,1.2138950824737549
1.2358790636062622,-0.6050209999084473,0.860837996006012
0.8040730953216553,-0.47814977169036865,1.3984423875808716
0.46540653705596924,0.17902377247810364,1.2717236280441284
1.2828954458236694,-0.1451101005077362,1.2104840278625488
0.8789998292922974,0.3210598826408386,1.2287238836288452
0.7396396398544312,-0.41135647892951965,1.2787525653839111
0.6814346313476562,0.30128777027130127,1.3444621562957764
0.5001623630523682,-0.5223574638366699,1.4655227661132812
1.1640230417251587,0.03308898210525513,1.1923933029174805
0.3639528453350067,-0.4418941140174866,0.8689050674438477
0.350702166557312,-0.223307803273201,0.9577815532684326
1.0165096521377563,0.13007360696792603,1.2149585485458374
0.3254222273826599,-0.29203611612319946,0.9963923692703247
0.5129770636558533,-0.761196494102478,0.6477967500686646
0.9983752369880676,-0.26780983805656433,0.8420519828796387
0.45707911252975464,-0.30041512846946716,0.9072117805480957
1.4132320880889893,-0.1822158396244049,1.2704973220825195
0.6509411334991455,-0.5811873078346252,0.8607796430587769
0.3303576111793518,-0.5384717583656311,1.3670686483383179
1.2267646789550781,-0.016920341178774834,1.237080454826355
0.5856932997703552,-0.49407005310058594,0.81839919090271
1.254010796546936,-0.3326542377471924,1.4379167556762695
0.43361979722976685,0.03362482041120529,1.347535252571106
0.4752640128135681,-0.4531257152557373,1.2723947763442993
0.4143388271331787,-0.24871736764907837,1.1485470533370972
0.8159457445144653,-0.3055880665779114,1.3611867427825928
0.7624305486679077,-0.843626081943512,0.8706488609313965
0.2685971260070801,-0.39416807889938354,1.0742688179016113
0.27276611328125,0.13761144876480103,1.1094356775283813
1.2120556831359863,-0.8088854551315308,1.0200845003128052
0.7304900884628296,-0.017685964703559875,1.5646092891693115
0.6567369699478149,-0.32252222299575806,1.3820230960845947
0.8575476408004761,-0.08722423017024994,1.5174401998519897
0.748988926410675,-0.6108405590057373,0.8042799234390259
0.8760368227958679,-0.4504159390926361,0.7661635875701904
1.2346543073654175,-0.4529254138469696,0.8099775314331055
0.5649806261062622,0.005041487514972687,1.2298510074615479
0.5351111888885498,-0.5137776732444763,0.9713435769081116
1.0552761554718018,0.12971532344818115,0.8921367526054382
0.9217102527618408,-0.9092142581939697,1.071237564086914
0.8840522170066833,-0.028145059943199158,1.1135543584823608
1.446332335472107,-0.39308345317840576,1.1827306747436523
0.8073326349258423,-0.6957133412361145,1.3129504919052124
0.6635403633117676,-0.8168613910675049,1.093726396560669
0.46538880467414856,-0.1501346379518509,1.494885802268982
0.3951936364173889,-0.70567786693573,1.3578214645385742
0.9515738487243652,-0.11816238611936569,1.5723851919174194
0.8450368642807007,-0.8841983079910278,0.8635596632957458
1.056896686553955,-0.32491061091423035,1.422444224357605
0.44455257058143616,-0.6484291553497314,0.4396970570087433
1.2488670349121094,0.3667090833187103,0.8457318544387817
0.8916105031967163,-0.0635933130979538,1.5717082023620605
0.3735653758049011,-0.5829058289527893,1.3842928409576416
0.32768481969833374,-0.5025134682655334,0.890380859375
0.5516186952590942,0.0170711949467659,1.0269932746887207
0.25800037384033203,0.17957469820976257,1.2456610202789307
1.1257708072662354,0.20426765084266663,1.215570092201233
0.9709324836730957,-0.9849600195884705,0.8937038779258728
1.1235604286193848,-0.10879100114107132,1.2693506479263306
1.5172913074493408,-0.11816661059856415,1.082364797592163
1.0881134271621704,-0.5689232349395752,0.8364009857177734
1.3316457271575928,-0.47355830669403076,1.2403208017349243
0.5843576192855835,-0.4093356132507324,1.3675060272216797
0.6359916925430298,-0.012104406952857971,1.3154499530792236
0.21830525994300842,0.15863008797168732,0.8064601421356201
0.9927014112472534,-0.17048650979995728,1.2944676876068115
0.6389829516410828,-0.04872380942106247,1.4324687719345093
0.6198278665542603,0.06246195733547211,0.9664316177368164
1.025124430656433,-0.6621818542480469,1.3146867752075195
0.6591013073921204,-0.5949370861053467,1.5092639923095703
0.2566831707954407,-0.3490663766860962,1.0745248794555664
0.9067185521125793,-0.6856582164764404,1.3058562278747559
0.8337088823318481,-0.2453557699918747,1.2744178771972656
0.45329970121383667,-0.1590791642665863,1.488710641860962
0.4552016258239746,-0.4325329065322876,1.1411547660827637
0.5695011615753174,-0.19684527814388275,1.4197075366973877
1.3209413290023804,-0.32907891273498535,1.425057053565979
0.4905358552932739,-0.46985316276550293,1.346207618713379
1.138590931892395,-0.9098986387252808,1.1278200149536133
0.5060949921607971,-0.25206995010375977,1.4389619827270508
0.9299787282943726,0.1349869817495346,0.8681591749191284
0.34994781017303467,0.1379382163286209,0.9117963910102844
0.9614706039428711,-0.3682056665420532,1.327604055404663
1.0408414602279663,-0.4035620391368866,1.2883747816085815
1.2193676233291626,-0.2194311022758484,1.389487862586975
1.0811588764190674,0.08909261971712112,1.3662784099578857
0.502187967300415,-0.8080074191093445,0.9791439771652222
0.9963787198066711,-0.23983967304229736,1.347192406654358
0.9673999547958374,-1.0127289295196533,1.001121997833252
1.1986925601959229,0.1268618255853653,1.1260915994644165
1.3619277477264404,0.15668541193008423,1.226554036140442
0.8590767979621887,0.43068593740463257,0.9377428293228149
0.5822485685348511,0.24734759330749512,1.188344955444336
0.9419587254524231,-0.3234379291534424,1.5184028148651123
0.5134971141815186,0.004532882943749428,1.035567283630371
1.301384449005127,-0.11526758968830109,1.061353325843811
0.37250959873199463,-0.10987751185894012,1.474763035774231
0.3590203821659088,-0.37169909477233887,1.0125011205673218
0.6285614967346191,-0.2058735340833664,1.5002521276474
0.2644364833831787,-0.4230166971683502,1.0216107368469238
0.8834670782089233,-1.016066551208496,0.7775294780731201
1.1104456186294556,-0.29569488763809204,0.7621868848800659
0.35737141966819763,-0.223420649766922,0.8695493340492249
0.2280811369419098,-0.1905871331691742,0.8806924223899841
1.0250669717788696,-0.14910539984703064,1.2102737426757812
0.508222758769989,0.15963388979434967,0.8337536454200745
0.21354737877845764,-0.39903056621551514,1.1990087032318115
1.2292664051055908,-0.16748487949371338,1.46360182762146
0.18611429631710052,-0.3373120427131653,0.8882200121879578
1.1023367643356323,-0.4366553723812103,0.7952101826667786
0.5976700782775879,-0.7027928829193115,0.6121947169303894
1.029650330543518,-0.11234184354543686,1.2237085103988647
0.39727145433425903,-0.041543081402778625,0.7617063522338867
0.6393728256225586,-0.4716772139072418,1.132354497909546
1.009010672569275,-0.43942850828170776,1.550289273262024
1.0298492908477783,-0.2088719606399536,1.3314833641052246
1.118666410446167,-0.48841923475265503,1.343389630317688
0.7358352541923523,-0.1721349060535431,1.2135814428329468
0.8167142868041992,-0.640936017036438,1.194677472114563
0.49728959798812866,0.01987788826227188,1.4152320623397827
0.5100632905960083,0.16862937808036804,1.391836166381836
1.183881163597107,-0.5807715654373169,1.374640703201294
0.5886133313179016,-0.34731826186180115,1.3240073919296265
1.5034918785095215,-0.13964428007602692,0.8136951327323914
1.393831491470337,-0.1674332320690155,1.0644569396972656
0.4417915940284729,-0.5288428068161011,0.9805111885070801
0.7957497835159302,-0.6051164865493774,1.2105960845947266
0.6022979617118835,0.4652027487754822,1.1670976877212524
1.3245275020599365,0.12061762809753418,1.0135464668273926
0.798387348651886,-0.8290905952453613,1.148275375366211
0.5730805397033691,0.045232873409986496,1.287339687347412
0.4536951780319214,0.01473681628704071,1.2323588132858276
0.5567868947982788,0.01925879716873169,0.9757323265075684
0.613397479057312,-0.3668375313282013,1.172353982925415
0.8244847059249878,-0.5811925530433655,0.854499340057373
1.3818155527114868,-0.23959806561470032,0.48198771476745605
0.5934029817581177,-0.7282692193984985,0.4856867492198944
0.37059056758880615,-0.5921618938446045,1.2241241931915283
0.8161329030990601,0.128260999917984,0.8099040985107422
0.30788588523864746,-0.3807705342769623,0.7692711353302002
0.18614527583122253,-0.45011061429977417,1.3056849241256714
0.6450396776199341,-0.6612178087234497,1.1979882717132568
0.2847156524658203,-0.19701407849788666,1.1008458137512207
0.6089624166488647,-0.4923592805862427,0.8049839735031128
0.90483158826828,0.13486576080322266,0.9103184938430786
0.6688128709793091,-0.7544720768928528,0.605075478553772
0.9095958471298218,-0.2594030797481537,1.2313734292984009
1.182822585105896,-0.36031997203826904,0.5033495426177979
1.0546324253082275,0.07559548318386078,1.3223224878311157
0.4114362299442291,0.07482826709747314,1.29648756980896
0.7998054623603821,-0.74156653881073,0.5734955072402954
1.1028224229812622,-0.6761941313743591,0.7652034759521484
0.9859106540679932,-0.8958829641342163,0.7005428671836853
0.33661943674087524,-0.5082419514656067,1.3281240463256836
0.3637084662914276,0.24792900681495667,1.0688506364822388
0.8898569941520691,0.3251706659793854,1.0694129467010498
1.1326390504837036,0.20917314291000366,0.7697271704673767
0.6285353899002075,-0.9282191395759583,0.9154452085494995
0.9787653088569641,-0.781218945980072,0.8240992426872253
0.23321136832237244,-0.12135820090770721,1.1972520351409912
1.19930100440979,-0.4425292909145355,0.6551134586334229
0.36585184931755066,-0.09100231528282166,0.7842081785202026
0.8639475107192993,0.2542523443698883,1.329227089881897
1.4839454889297485,-0.3212602436542511,0.5236345529556274
0.5587679147720337,-0.6699859499931335,0.6971517205238342
1.144365906715393,0.05378950387239456,1.2029139995574951
0.7304399013519287,0.055672407150268555,1.5403224229812622
0.9317891001701355,-0.10100073367357254,1.5550860166549683
0.6384612321853638,-0.7023413181304932,1.032315969467163
0.08852506428956985,-0.317287415266037,0.8668780326843262
0.576618492603302,0.2917170524597168,1.1196943521499634
0.5731697082519531,0.3363974690437317,1.3128856420516968
0.9949105381965637,-0.7460575699806213,1.0367696285247803
1.241420865058899,-0.15763665735721588,1.2907791137695312
1.4060752391815186,-0.07759340107440948,1.1306581497192383
0.7585514783859253,0.09853789210319519,1.2502998113632202
0.3054279088973999,-0.32379719614982605,1.4332542419433594
1.2550700902938843,0.14193706214427948,1.2664809226989746
0.4641249477863312,-0.6326797604560852,1.3844507932662964
1.070242166519165,-0.08565133810043335,0.8082566261291504
0.5199131965637207,-0.48880982398986816,1.180816650390625
0.5820951461791992,0.2438303828239441,1.0626938343048096
0.903963565826416,-0.01883333921432495,1.2677758932113647
0.4026516079902649,-0.3295292854309082,0.9636960029602051
0.34525734186172485,0.21899637579917908,0.9472019076347351
1.363397479057312,0.01438065990805626,0.8396080732345581
0.6932657361030579,-0.5060070753097534,1.293453335762024
0.3005356788635254,-0.14726342260837555,1.1847872734069824
0.9492854475975037,-0.5862539410591125,1.3611990213394165
1.5108686685562134,-0.278189480304718,0.9800861477851868
1.1529744863510132,0.3423680067062378,0.5882135033607483
0.3446497619152069,-0.8813587427139282,0.9075515866279602
0.3876170516014099,-0.2590027451515198,1.2253531217575073
0.431918740272522,-0.08286377042531967,1.3292465209960938
0.6403206586837769,0.2840403914451599,1.1380994319915771
0.4604809582233429,0.3725935220718384,1.0042355060577393
0.21966597437858582,0.06162324175238609,1.2505015134811401
0.7966604232788086,-0.668853759765625,0.7967125177383423
0.3216114044189453,-0.24210569262504578,1.0339512825012207
0.621889054775238,-0.26385149359703064,1.5736570358276367
0.29695749282836914,-0.38327252864837646,1.1744710206985474
0.8882920145988464,-0.6309568881988525,1.3402001857757568
0.328762412071228,0.08808086812496185,1.3969205617904663
0.23696792125701904,-0.37346917390823364,1.2501747608184814
0.6345533728599548,-0.030367456376552582,1.4533129930496216
0.5608644485473633,-0.5847551226615906,0.9086592793464661
0.6858069896697998,-0.09544426202774048,1.4487630128860474
0.41413283348083496,-0.042887091636657715,0.8558834791183472
1.0234941244125366,0.19318391382694244,1.0616028308868408
1.0415706634521484,-0.20868918299674988,1.2821800708770752
1.1624674797058105,-0.40042272210121155,1.239844560623169
0.7138546109199524,0.25751951336860657,1.2349299192428589
0.1386890709400177,-0.3191886246204376,0.8861317038536072
1.1171993017196655,0.11704041063785553,1.4553134441375732
0.47245675325393677,-0.34202030301094055,1.485185146331787
0.5584921836853027,0.11075662821531296,1.475637435913086
1.1735233068466187,-0.12354618310928345,1.2095236778259277
0.8430795073509216,-0.6734334826469421,0.37458014488220215
0.3991914689540863,-0.20130887627601624,0.8522688150405884
0.7125309109687805,0.11105313897132874,1.4886534214019775
0.8294639587402344,-0.8697935938835144,0.7328798770904541
0.8903381824493408,-0.7121729254722595,0.5042747259140015
0.9055696129798889,0.010796893388032913,1.3700037002563477
0.9491976499557495,0.09818176925182343,0.9582391977310181
0.7253369092941284,0.21831899881362915,0.8667120337486267
0.3485981822013855,-0.30874529480934143,1.3059691190719604
1.071535587310791,-0.4211471378803253,1.211893916130066
1.357196569442749,-0.17106540501117706,1.3238391876220703
0.7013136744499207,-0.7899936437606812,1.0882818698883057
0.8548972010612488,0.3011772036552429,1.1931874752044678
0.4747929573059082,0.33481261134147644,1.2732312679290771
1.2055485248565674,-0.3965587615966797,0.8846143484115601
0.8323009610176086,0.09242437779903412,1.4406602382659912
0.7477301955223083,-0.47393935918807983,1.0416513681411743
1.070345401763916,0.1271393895149231,1.321535348892212
0.6634652018547058,-0.22591626644134521,1.5239275693893433
0.6663597226142883,0.5275939702987671,0.8989709615707397
0.43743962049484253,-0.6057567596435547,0.825813353061676
1.3726412057876587,-0.6688772439956665,1.1717650890350342
0.03510155528783798,-0.5039955973625183,0.7908512949943542
0.977906346321106,0.15703807771205902,1.2005579471588135
0.5598193407058716,-0.4470931589603424,1.2912771701812744
0.9988729357719421,-0.35297393798828125,0.8889557719230652
0.7762774229049683,-0.8175368309020996,0.7608935832977295
0.1523788869380951,-0.2330312728881836,1.2983183860778809
0.5045858025550842,-0.5275494456291199,0.9028947353363037
0.25876015424728394,-0.13748303055763245,1.2474645376205444
0.4582236111164093,-0.5406138896942139,1.0991759300231934
0.7854647636413574,-0.5727524757385254,1.3297253847122192
0.9605228304862976,-0.18347562849521637,1.4245010614395142
0.39638257026672363,-0.4048965573310852,0.9238426089286804
0.9929362535476685,-0.7453666925430298,1.203425645828247
0.9383987188339233,-0.6955296993255615,0.5619480013847351
1.5543040037155151,-0.44606488943099976,0.878838300704956
0.895130455493927,-0.8441640138626099,1.1446418762207031
0.3844433128833771,-0.5458081960678101,1.171333909034729
1.033068299293518,0.2167477309703827,1.246962070465088
0.7936972975730896,-0.3828180730342865,1.2314602136611938
1.1411832571029663,0.24229291081428528,1.2653990983963013
0.7677754163742065,-0.08600126206874847,1.5632811784744263
1.2107610702514648,-0.018358752131462097,1.4576098918914795
0.9778504371643066,0.322467178106308,1.28267240524292
0.8546308279037476,-0.396586149930954,1.4668529033660889
0.23650610446929932,-0.25071239471435547,1.2718793153762817
0.9479603171348572,0.3822140395641327,1.1993012428283691
0.4959736764431,-0.6747586131095886,0.6587221622467041
0.43957647681236267,0.09216666221618652,1.4162230491638184
0.6451266407966614,-0.4560057818889618,1.188901662826538
0.6683984994888306,-0.898303210735321,1.2696352005004883
0.4523319900035858,-0.15944214165210724,0.7811597585678101
0.6664669513702393,0.08044277131557465,1.0699560642242432
0.7573132514953613,-0.7387705445289612,1.3158520460128784
0.8771744966506958,0.18604588508605957,1.301601529121399
0.5071552991867065,-0.40604549646377563,0.8336789011955261
1.1889723539352417,0.020684868097305298,1.344970464706421
0.5929465889930725,-0.3385705351829529,1.2523716688156128
1.1468156576156616,-0.12206603586673737,0.6334578394889832
0.7965496778488159,0.1035073846578598,1.2887009382247925
0.9556670188903809,-0.4553552269935608,1.3188408613204956
1.259737253189087,-0.23448529839515686,1.3545345067977905
0.42676424980163574,-0.44400715827941895,1.3955174684524536
0.3509713113307953,-0.17121896147727966,1.4458218812942505
1.259047031402588,-0.453495591878891,1.4299665689468384
0.9097200632095337,0.46383219957351685,1.1856440305709839
1.4058228731155396,-0.043960124254226685,0.683817446231842
0.4614110291004181,-0.4745563864707947,0.7628836035728455
0.46837544441223145,-0.38020357489585876,1.2572107315063477
0.6504403352737427,-0.7415972948074341,1.1039185523986816
0.8566854000091553,-0.8692419528961182,1.0696101188659668
0.5234299302101135,-0.12362430989742279,1.058346152305603
0.32470598816871643,-0.7966265678405762,0.8144696950912476
0.9664011001586914,0.22330239415168762,1.1069849729537964
0.970283031463623,-1.0017014741897583,0.96865314245224
0.08475825935602188,-0.48560279607772827,1.0342698097229004
0.38305115699768066,-0.6703121662139893,1.2399595975875854
0.8422468900680542,-0.33862510323524475,1.3211884498596191
0.9805405139923096,0.44079118967056274,0.9155515432357788
1.0058140754699707,0.017931200563907623,1.136638879776001
0.7232436537742615,-0.6682749390602112,0.5446105599403381
0.4327644109725952,-0.40428853034973145,0.8049160242080688
0.3401607573032379,-0.39092057943344116,1.2515826225280762
0.33011049032211304,-0.47740644216537476,1.3825668096542358
0.8426788449287415,-0.7567611336708069,0.9649245738983154
1.0907576084136963,-0.9579882621765137,0.8233661651611328
1.1255961656570435,-0.034670084714889526,1.1180360317230225
0.7414380311965942,0.2761925458908081,0.8862383365631104
0.629237711429596,-0.6725000739097595,0.905316948890686
0.731593668460846,-0.506729245185852,1.5169597864151
0.232575923204422,-0.13858018815517426,1.2501304149627686
0.8762498497962952,-0.6404877305030823,1.4522517919540405
1.1064482927322388,-0.5213107466697693,1.3075933456420898
0.9704166650772095,-0.21156811714172363,1.1674846410751343
0.647524356842041,0.2582348585128784,1.4216530323028564
0.7043066024780273,-0.886366605758667,0.9681988954544067
0.9602423906326294,-0.837644636631012,0.6981435418128967
1.0357857942581177,0.06162479147315025,1.1136738061904907
0.2659699320793152,-0.0920749306678772,0.9108269214630127
0.6168735027313232,-0.36382225155830383,1.0785470008850098
0.5373853445053101,0.08831478655338287,1.0552133321762085
0.2078588604927063,-0.011683851480484009,1.2421069145202637
1.4183818101882935,-0.17178553342819214,0.9898511171340942
0.5267156362533569,-0.29884639382362366,1.3565690517425537
1.2732599973678589,-0.3565557301044464,0.6104578971862793
1.207485318183899,-0.2600173056125641,1.4764201641082764
0.45834749937057495,0.12785202264785767,1.434868574142456
1.3030489683151245,-0.1850736141204834,0.699195384979248
1.0150721073150635,-0.32530996203422546,0.8721532225608826
0.8266884684562683,-0.783143937587738,1.3965866565704346
0.7562206387519836,-0.8734863996505737,1.291326880455017
0.5173524618148804,0.4277305603027344,1.071982502937317
0.7423229217529297,0.31457212567329407,1.33054518699646
1.5287284851074219,0.034142859280109406,0.9465333223342896
1.340831995010376,-0.05170333385467529,1.1181234121322632
0.73886638879776,-0.4365214705467224,1.1464096307754517
0.9573792219161987,-0.4507288336753845,1.4498971700668335
0.7594436407089233,0.3799016773700714,1.3450473546981812
0.22918033599853516,-0.14230018854141235,1.3029189109802246
1.0508251190185547,-0.6289162635803223,0.8243014812469482
0.743833601474762,0.333041250705719,1.3868885040283203
0.9740347266197205,0.13115054368972778,0.8758947253227234
0.5168077945709229,-0.35778695344924927,0.969956636428833
0.8584128022193909,0.05925914645195007,1.2651299238204956
0.1971435844898224,-0.35345137119293213,0.9842802882194519
0.6796133518218994,-0.532748281955719,0.8140773177146912
0.6844261884689331,0.3259130120277405,1.278099536895752
0.9442400932312012,0.03393532708287239,1.4532207250595093
0.699155330657959,0.01585981249809265,1.158514380455017
0.615226149559021,-0.6610348224639893,1.2173407077789307
0.7260109782218933,-0.3500690162181854,1.5722150802612305
0.5088481307029724,-0.6418973803520203,0.8779506683349609
0.807565450668335,0.153661847114563,1.2412972450256348
0.8768752813339233,0.34568876028060913,1.3504149913787842
0.9745098948478699,-0.4051642417907715,0.7702803611755371
0.5058535933494568,-0.5314944982528687,1.4566898345947266
0.27977070212364197,-0.49784016609191895,0.9784711003303528
0.7949482202529907,0.33342093229293823,1.273169755935669
0.5591728687286377,-0.6540011167526245,1.1659495830535889
0.7983007431030273,-0.002991069108247757,0.896274745464325
1.1329407691955566,0.21956875920295715,1.0358922481536865
0.5505134463310242,-0.35687726736068726,1.5287399291992188
0.504077672958374,-0.5303568840026855,1.017674446105957
0.8447245955467224,-0.8666226863861084,1.3099738359451294
1.0765761137008667,-0.3807668387889862,1.4476170539855957
0.39822256565093994,-0.87441086769104,0.9387722015380859
0.9575022459030151,0.08730282634496689,1.3721084594726562
0.5209577083587646,-0.1018473282456398,1.5360360145568848
0.6001625061035156,0.030093474313616753,1.1578830480575562
0.35993731021881104,-0.6331904530525208,0.7492039799690247
1.055732011795044,-0.1683792918920517,1.0801831483840942
0.500212550163269,-0.6047012805938721,0.9486578702926636
0.2702791392803192,0.04297513887286186,1.1063292026519775
0.5149826407432556,0.003789162263274193,1.5163400173187256
1.3752626180648804,-0.6097740530967712,0.5042622089385986
0.20304973423480988,-0.27761855721473694,1.3785500526428223
0.23568843305110931,-0.32905134558677673,0.8003356456756592
0.5113091468811035,-0.6513764262199402,1.1208624839782715
0.6366059184074402,-0.1897154450416565,1.2766278982162476
0.6470823884010315,-0.6697671413421631,0.8258864283561707
1.4383907318115234,-0.5210118293762207,0.6950318813323975
1.2485135793685913,-0.38923680782318115,1.2598203420639038
0.4537534713745117,0.2696627676486969,0.79683518409729
0.413357138633728,-0.43877720832824707,1.0727999210357666
0.5430979132652283,-0.15700259804725647,1.5005437135696411
1.168286681175232,-0.019268475472927094,0.6968960165977478
0.15320946276187897,-0.6926783919334412,0.95762699842453
0.19169670343399048,-0.5065075159072876,1.133542776107788
0.8383747935295105,0.20241175591945648,0.8251628875732422
0.6287795305252075,-0.1279599964618683,1.1649470329284668
1.539452075958252,-0.4943801760673523,0.7459836006164551
0.5768969058990479,-0.5178645253181458,0.8227696418762207
0.3617647588253021,0.1349852979183197,0.8783653974533081
1.076493740081787,-0.8930131793022156,0.7370200157165527
0.6321938037872314,-0.6788954734802246,0.5600056648254395
1.5674241781234741,-0.21615226566791534,1.0236015319824219
1.07746160030365,0.28791770339012146,1.3106924295425415
1.1222984790802002,-0.2037709504365921,0.9090900421142578
1.2269552946090698,-0.6596370935440063,1.2625304460525513
0.4476234018802643,-0.4300321042537689,0.9203013181686401
0.4458079934120178,0.41295361518859863,0.8383578062057495
0.5810592174530029,0.07419656217098236,0.955068051815033
1.2173380851745605,-0.22314198315143585,1.371437907218933
0.6507025361061096,-0.5790002346038818,1.0759278535842896
0.7664462327957153,0.28182849287986755,1.3746799230575562
0.9727216958999634,0.3211732506752014,0.9332385659217834
0.9893357753753662,-0.2754266858100891,1.2257510423660278
1.0171122550964355,-0.2696877121925354,1.5282654762268066
0.6582273840904236,0.37211209535598755,1.0371475219726562
0.8070275783538818,-0.9446535706520081,0.961519181728363
0.16557443141937256,-0.543053388595581,0.7770174741744995
0.2720875144004822,-0.46725472807884216,0.8700337409973145
0.5406467914581299,-0.3901466727256775,1.3729712963104248
1.5123510360717773,-0.041277289390563965,0.8390948176383972
0.7383992671966553,-0.6434494256973267,0.7312999963760376
1.07877779006958,-0.02300022728741169,1.45427405834198
0.6866850852966309,-0.22224311530590057,1.451776385307312
0.78738933801651,0.40763357281684875,0.8799134492874146
1.042472004890442,-0.6511820554733276,0.5847862958908081
1.3561480045318604,-0.21580523252487183,1.0961239337921143
0.9672206044197083,0.17406558990478516,1.2753942012786865
0.40814921259880066,-0.09721426665782928,1.0035574436187744
0.6745496392250061,-0.11284498870372772,1.275529384613037
0.7047429084777832,0.059818968176841736,1.0770697593688965
1.335444450378418,-0.5277881622314453,1.1619188785552979
0.8276282548904419,-0.23485420644283295,1.526355504989624
0.39568614959716797,0.12951409816741943,1.2437421083450317
0.30340707302093506,0.06142426282167435,1.2993806600570679
0.6373573541641235,-0.4531225264072418,1.5065966844558716
0.5627221465110779,-0.3847578465938568,1.389716625213623
0.9163352847099304,-0.6469012498855591,1.321198582649231
0.9742165207862854,0.22778138518333435,0.8872944116592407
0.8303053975105286,-0.6085256338119507,0.8765573501586914
0.5574852228164673,-0.31564003229141235,1.1240551471710205
0.7891876697540283,0.26332345604896545,1.1425487995147705
1.5493873357772827,-0.05043172836303711,0.9279011487960815
0.4027531147003174,-0.46236544847488403,1.4641176462173462
0.5347946286201477,-0.6377562284469604,0.9545731544494629
1.4198518991470337,0.2539128065109253,0.9556219577789307
0.7698189616203308,-0.1562199592590332,1.5669397115707397
0.7880080938339233,0.31331297755241394,0.8057843446731567
0.06228024512529373,-0.397463858127594,0.9025136828422546
0.5460450053215027,0.16893534362316132,1.2834067344665527
0.6173055171966553,-0.6477534770965576,1.4161264896392822
1.097717046737671,-0.45055490732192993,1.4031733274459839
0.6874513030052185,-0.6025500297546387,1.3364360332489014
0.5384564399719238,-0.19168363511562347,1.3841947317123413
0.7580971717834473,-0.48259270191192627,1.458333969116211
0.699687659740448,-0.8636118769645691,1.3084793090820312
0.4328794777393341,-0.43411585688591003,1.3278584480285645
1.021768569946289,-0.20173576474189758,1.5434272289276123
0.8704964518547058,0.05750246345996857,1.3893547058105469
0.9142623543739319,-0.5224140286445618,0.7536205053329468
1.3742008209228516,-0.5137262344360352,1.1414299011230469
1.2936749458312988,-0.7491887807846069,0.7547889947891235
0.3103031516075134,-0.6716007590293884,0.5638339519500732
0.6490276455879211,0.05475335568189621,0.881517767906189
0.7980762124061584,0.042294107377529144,1.5449832677841187
0.6124186515808105,0.04425385221838951,0.9163112640380859
0.25817564129829407,-0.6223410367965698,1.0974093675613403
0.5402991771697998,0.31518319249153137,0.8376157283782959
0.8642963171005249,0.2457505464553833,1.2975034713745117
1.2719616889953613,-0.6203811168670654,1.113945722579956
1.3101810216903687,-0.3170238137245178,1.373976469039917
0.7780051231384277,-0.03389383852481842,1.5602328777313232
0.8898612856864929,0.08722929656505585,1.2685861587524414
1.1963462829589844,-0.5884591937065125,0.4176396131515503
0.9028443098068237,-0.0608883798122406,1.480819821357727
0.2360696941614151,0.09747598320245743,1.1566503047943115
1.1457293033599854,-0.9400368332862854,1.0060175657272339
0.7782551050186157,-0.8673896193504333,1.018667221069336
1.345252275466919,-0.5558039546012878,1.1778764724731445
0.9745036959648132,-0.2724745273590088,1.4895602464675903
0.9467998147010803,0.19180597364902496,1.4394968748092651
1.0179952383041382,0.26643598079681396,1.3000727891921997
0.49549752473831177,-0.22400332987308502,1.2479969263076782
0.35964640974998474,-0.7724858522415161,0.7172277569770813
0.6363973617553711,-0.6609702706336975,1.1379446983337402
1.3460098505020142,-0.08726892620325089,0.7971434593200684
0.5651105046272278,-0.122947096824646,1.5581635236740112
1.0043725967407227,-0.028767473995685577,1.3333481550216675
0.9110658168792725,0.38125529885292053,1.310816764831543
1.2986196279525757,-0.37997451424598694,1.1196677684783936
0.5111646056175232,-0.6896839737892151,1.298992395401001
1.241162896156311,-0.5116091370582581,1.0139491558074951
0.9207817316055298,-0.7075038552284241,0.9101002216339111
0.5419949293136597,-0.22153595089912415,1.5323728322982788
0.3948073387145996,-0.7158617973327637,0.6236743927001953
0.782476007938385,-0.2714162766933441,1.5748085975646973
0.44168102741241455,0.1569688320159912,1.1160104274749756
0.8650820851325989,0.2947666645050049,0.9848710298538208
0.9382606148719788,-1.0191484689712524,0.8003829717636108
0.9137926697731018,0.1730513572692871,0.7577191591262817
0.6707219481468201,-0.25541719794273376,1.1316823959350586
1.0490773916244507,-0.16627073287963867,1.5430155992507935
0.1831449270248413,0.15935808420181274,1.107896089553833
1.0090237855911255,-0.08400091528892517,1.3247061967849731
0.4806913733482361,-0.6889128684997559,0.9189736843109131
1.3394734859466553,-0.5641274452209473,0.9571150541305542
0.3950519561767578,-0.09672804176807404,0.9402109980583191
0.8789533376693726,0.09548120945692062,1.4049352407455444
0.4791910946369171,-0.17172926664352417,1.32634699344635
1.2297117710113525,-0.09665581583976746,1.394360065460205
0.7847872376441956,-0.6682406067848206,1.374791145324707
0.6617581844329834,-0.6500518918037415,0.9595963358879089
0.53856360912323,-0.528812825679779,1.5066567659378052
0.6146776676177979,-0.39448097348213196,1.2314043045043945
0.4137478768825531,-0.25399160385131836,1.5131574869155884
1.1516244411468506,0.10681173950433731,1.1545523405075073
0.7112078666687012,-0.6635691523551941,1.4268264770507812
1.3712549209594727,0.1357039362192154,1.1047786474227905
0.29937881231307983,0.11408713459968567,1.3066692352294922
0.466143399477005,-0.4347750246524811,1.4299774169921875
1.0846030712127686,-0.5949930548667908,1.1780133247375488
0.8054037094116211,-0.907842755317688,0.9632480144500732
1.228441596031189,-0.5643730163574219,1.2745217084884644
0.7795376181602478,-0.4202045202255249,1.3885257244110107
0.9949585795402527,-0.9692370891571045,1.1290644407272339
0.9439035058021545,0.03686355799436569,1.5051946640014648
0.5392550230026245,0.4185566306114197,1.1782480478286743
1.5456836223602295,-0.1748817265033722,1.0483803749084473
0.524896502494812,-0.16664445400238037,1.2632811069488525
0.41533130407333374,-0.2929369807243347,0.9169670343399048
1.280443787574768,-0.5353074073791504,0.9088370203971863
1.1877158880233765,0.015748068690299988,0.9357168674468994
0.6381144523620605,-0.3507075309753418,1.122229814529419
0.5078321695327759,-0.07693247497081757,1.1321145296096802
0.8264991641044617,-0.41532301902770996,1.57853102684021
0.49347952008247375,-0.10459388792514801,1.4840052127838135
1.1416007280349731,-0.09955205023288727,1.5209816694259644
0.41836297512054443,0.18013060092926025,1.1099456548690796
0.9307808876037598,-0.5045986175537109,1.2995378971099854
1.066869854927063,-0.4848910868167877,0.7531111836433411
1.1799484491348267,-0.8110642433166504,0.9361019730567932
0.2524873912334442,-0.12109806388616562,0.9014415740966797
1.2634280920028687,0.25623780488967896,1.161690354347229
0.6280967593193054,0.015324093401432037,1.1451674699783325
0.5394396185874939,0.4298035800457001,1.0510756969451904
0.9088248014450073,0.29401063919067383,0.9725453853607178
0.25167104601860046,-0.1256508231163025,1.2235316038131714
0.5171889662742615,-0.28368669748306274,1.3693861961364746
0.7541184425354004,0.021157613024115562,1.4326894283294678
1.1414133310317993,-0.14256466925144196,0.655653178691864
1.0525528192520142,-0.04631127044558525,0.8590396046638489
1.196850299835205,-0.4364550709724426,0.6141496300697327
0.8493584990501404,-0.3381105959415436,1.569079041481018
0.8058173656463623,-0.5911612510681152,1.2512264251708984
0.7884016633033752,-0.6330083608627319,1.2983049154281616
0.5743448734283447,-0.6021313071250916,0.8056804537773132
0.4760277569293976,-0.7280961275100708,1.1833186149597168
1.150014877319336,0.3627467155456543,1.2199952602386475
0.999843180179596,-0.03767573833465576,1.1330591440200806
1.26548433303833,0.37331724166870117,1.0045663118362427
0.2300519049167633,-0.04489584267139435,1.2885667085647583
1.1291000843048096,0.2990255653858185,1.2558047771453857
1.5551351308822632,-0.42241010069847107,0.7363405227661133
0.3766128420829773,-0.04690892994403839,1.351041316986084
0.4832593500614166,-0.018614277243614197,1.3872593641281128
1.2256087064743042,0.1265994906425476,1.2843788862228394
0.6779488325119019,-0.9301958680152893,0.694381594657898
0.4230536222457886,0.11968784034252167,0.9554591178894043
0.7916387319564819,-0.7430436015129089,0.9197945594787598
1.253631830215454,0.17397913336753845,1.0319074392318726
1.1217539310455322,-0.14104390144348145,0.8589942455291748
1.0378403663635254,0.31191423535346985,1.1771352291107178
0.3548164963722229,-0.28586652874946594,1.108099341392517
1.117455005645752,-0.0034971535205841064,1.1863133907318115
0.7065991163253784,-0.6545196771621704,0.8281804919242859
0.8418702483177185,0.21477648615837097,0.9624286890029907
0.9902195334434509,-0.4029187262058258,1.555395483970642
0.4980044960975647,-0.22447490692138672,1.1038495302200317
0.41691941022872925,-0.47713252902030945,1.1323481798171997
0.9450691938400269,-0.7987414598464966,0.6374222636222839
0.2818171977996826,-0.6351877450942993,0.7959846258163452
0.5251287221908569,-0.49641042947769165,0.8797106742858887
1.2357292175292969,0.25563356280326843,1.2817668914794922
1.0599958896636963,-0.2236967533826828,1.152405858039856
0.861870288848877,-0.12208712100982666,1.579908847808838
0.7492261528968811,-0.6991075873374939,1.4607106447219849
0.7404172420501709,0.13178497552871704,0.9574579000473022
1.359413504600525,-0.3690108358860016,1.0769647359848022
0.8128021955490112,-0.368995726108551,1.5799973011016846
0.943999707698822,-0.8803375959396362,0.5049279928207397
1.078597903251648,-0.1807415634393692,1.4130324125289917
0.9142212271690369,-0.79988032579422,0.6979522705078125
1.1672852039337158,-0.41868817806243896,1.4372875690460205
0.8248296976089478,0.5333245396614075,0.8655081987380981
1.0825587511062622,-0.4543303847312927,0.8419955968856812
0.4092475473880768,0.014574229717254639,1.1165088415145874
0.5641509294509888,0.388765811920166,0.9484550952911377
0.3239937424659729,-0.7496370077133179,0.603995680809021
0.36119264364242554,-0.2054610401391983,1.3987585306167603
0.06396426260471344,-0.4491060972213745,0.9975292086601257
0.9380505681037903,0.17619603872299194,0.9800059199333191
0.6159417033195496,-0.9576295614242554,1.0432915687561035
0.5990286469459534,-0.4481533169746399,0.8950018882751465
1.0103610754013062,-0.1898200809955597,0.8216479420661926
0.8579040169715881,-0.707429826259613,1.3826706409454346
0.98722904920578,-0.44141891598701477,0.8493910431861877
0.1974261999130249,-0.6161972284317017,1.225882887840271
0.700583279132843,-0.05329115316271782,1.3323017358779907
0.5186265707015991,-0.4746834337711334,0.7527209520339966
0.6933917999267578,-0.4625629186630249,1.5336918830871582
1.0670088529586792,-0.09454187750816345,1.492226481437683
0.2343190312385559,-0.29424840211868286,0.931383490562439
0.41131994128227234,-0.23801478743553162,1.1744145154953003
0.6396045088768005,0.01622692123055458,0.8928121328353882
1.0982264280319214,-0.2727375328540802,1.549795150756836
0.34639668464660645,-0.44111907482147217,1.1602518558502197
0.1540924459695816,-0.040220871567726135,0.8393916487693787
0.6538900136947632,-0.35538944602012634,1.565468192100525
0.9919534921646118,-0.42707452178001404,1.4020642042160034
0.009404940530657768,-0.1804661899805069,0.846015453338623
1.2602003812789917,0.2067057490348816,0.5636377334594727
0.9815106391906738,-0.19692784547805786,1.306557059288025
1.2940001487731934,-0.011738255620002747,1.2749909162521362
0.6479438543319702,-1.0301814079284668,0.8974542021751404
1.2404942512512207,-0.3002958595752716,1.2526509761810303
0.16756179928779602,-0.5492488145828247,1.211966633796692
0.6476844549179077,0.15188387036323547,0.9447283744812012
0.7594853639602661,-0.7711353302001953,1.3021128177642822
0.6883295774459839,-0.5310413837432861,1.3362290859222412
0.3600285053253174,-0.3492242097854614,1.322790265083313
0.18582655489444733,-0.4429716169834137,1.0757954120635986
0.49412092566490173,0.16719713807106018,1.2900198698043823
0.5658906698226929,-0.08589742332696915,1.5503513813018799
0.20439982414245605,0.20584332942962646,0.890959620475769
0.9830828309059143,0.37282323837280273,1.3143938779830933
0.1097068190574646,-0.3245859146118164,1.2582738399505615
1.0699138641357422,-0.6397613286972046,0.7522907853126526
0.7849583029747009,-0.9207428097724915,1.028784155845642
0.6052874326705933,-0.2783298194408417,1.2446727752685547
0.15033572912216187,-0.4676264524459839,1.1723953485488892
0.6353235244750977,0.21906951069831848,1.0555213689804077
0.3641425371170044,0.1434539556503296,1.1978907585144043
1.2850983142852783,-0.6041790246963501,0.7377398014068604
0.7920855283737183,-0.0539991520345211,1.5736902952194214
0.3364545702934265,-0.038773637264966965,0.9978821277618408
0.6888713836669922,-0.49690964818000793,0.9354046583175659
1.4545183181762695,-0.2203928828239441,1.0878746509552002
0.42817360162734985,0.15825490653514862,0.9605762958526611
0.2035733014345169,-0.10869913548231125,1.3580647706985474
0.7180444002151489,-0.861121416091919,0.5839245319366455
0.4914136230945587,-0.4603583514690399,0.7924310564994812
0.9178102612495422,-0.7270445227622986,1.221061110496521
1.136512279510498,0.11720618605613708,0.794194757938385
1.1308538913726807,0.48681360483169556,0.9083912372589111
1.1431171894073486,-0.8600368499755859,1.2169221639633179
0.39125239849090576,0.1647617220878601,1.0175940990447998
0.6297896504402161,-0.011438198387622833,1.2403595447540283
1.0863722562789917,-0.25324633717536926,1.2729899883270264
0.7535289525985718,-0.5887131690979004,1.4604334831237793
0.3913096487522125,-0.2299460619688034,1.3947285413742065
1.0449451208114624,-0.1964774876832962,0.983756422996521
0.31685957312583923,0.07915705442428589,1.2123548984527588
0.8829613924026489,0.05827343836426735,0.8513801097869873
0.6757449507713318,-0.6074181199073792,1.345771074295044
0.28505802154541016,-0.515023946762085,1.182826042175293
0.6599156856536865,0.12985974550247192,1.2798357009887695
0.8159149885177612,0.01920117437839508,1.2825887203216553
1.0257095098495483,-0.814136266708374,0.52436763048172
0.811301589012146,-0.8908315300941467,1.3087843656539917
0.49568095803260803,0.28773194551467896,1.1848843097686768
0.2759963274002075,-0.32461684942245483,1.082710862159729
0.30963486433029175,0.04177694767713547,1.0930051803588867
0.46248480677604675,-0.8331553339958191,0.6203164458274841
0.5810458064079285,-0.11663355678319931,0.7762138247489929
0.33007532358169556,-0.18847467005252838,1.0441354513168335
0.5860936641693115,-0.020591318607330322,1.3622006177902222
0.7566835880279541,0.22016599774360657,1.4109346866607666
1.0090372562408447,0.47295641899108887,0.9122164249420166
1.3861510753631592,-0.1920233517885208,1.3175084590911865
0.4606778025627136,0.05095912516117096,0.965526819229126
0.6795997619628906,0.41779500246047974,1.1727246046066284
1.0400131940841675,-0.4849903881549835,1.4077808856964111
1.231708288192749,-0.2413654625415802,1.423914909362793
0.5380232930183411,0.14837950468063354,0.9747154712677002
1.077526330947876,-0.24981635808944702,1.5420407056808472
0.8925536870956421,0.0038929209113121033,1.435160756111145
0.9742633700370789,0.019407935440540314,1.3203544616699219
0.9800547361373901,-0.5550945401191711,1.0015053749084473
0.40828606486320496,-0.3021870255470276,1.2278733253479004
0.3550240993499756,-0.03617764636874199,0.9324257373809814
0.4775015413761139,0.09963590651750565,0.8608444333076477
1.4130897521972656,-0.43211981654167175,0.5796148180961609
0.7180323600769043,-0.5750917792320251,1.5255546569824219
0.8179467916488647,-0.8211326003074646,0.9221292734146118
0.3939908742904663,-0.3155623972415924,1.483428955078125
0.8477818965911865,-0.08109670132398605,1.247749924659729
0.38216841220855713,-0.31734150648117065,0.8004473447799683
0.719208836555481,0.18782073259353638,1.0525445938110352
0.7334497570991516,-0.3975966274738312,0.7523020505905151
1.359087586402893,-0.2793468236923218,1.3013046979904175
0.29736804962158203,0.3833277225494385,0.906119704246521
0.5268574357032776,-0.8264708518981934,0.8831262588500977
0.46075335144996643,0.2454923391342163,1.0568625926971436
0.8720458149909973,-0.7163561582565308,0.5908069610595703
0.9969519376754761,0.165763258934021,1.4614145755767822
1.406371831893921,-0.551794707775116,0.8786197900772095
1.1871615648269653,-0.4830799400806427,1.1923035383224487
0.6655219793319702,0.3467276394367218,1.2286792993545532
0.6578361392021179,0.3255559206008911,1.118074655532837
1.126136302947998,-0.1768139898777008,1.530667781829834
0.028715938329696655,-0.3930278718471527,0.9427927136421204
0.5864113569259644,-0.16639675199985504,1.0806236267089844
1.0227528810501099,0.3152158856391907,1.1784759759902954
0.48716023564338684,-0.5427389144897461,0.8071614503860474
0.7644795179367065,0.23043575882911682,0.8092918395996094
0.4356224536895752,-0.3293699622154236,0.9457931518554688
1.086237907409668,-0.3595937192440033,1.276146650314331
0.5337333679199219,-0.47646501660346985,0.8746160268783569
1.2272697687149048,-0.031058132648468018,1.1793298721313477
1.3091063499450684,-0.6592925786972046,0.9216039180755615
0.4999081492424011,-0.29696258902549744,1.044432282447815
1.0066509246826172,0.3575184941291809,1.2911676168441772
0.19760578870773315,-0.37974923849105835,0.988917350769043
1.1549081802368164,0.4174211323261261,0.7680095434188843
0.45393359661102295,0.11160992830991745,0.9830304980278015
0.5657734870910645,-0.07583816349506378,0.7698676586151123
0.25782400369644165,-0.4001580774784088,1.2631893157958984
0.7392644882202148,0.5572938919067383,0.8148160576820374
0.6911966800689697,-0.7873638272285461,1.4072624444961548
0.5466271042823792,0.2299157828092575,1.1192924976348877
0.5665996670722961,0.0198332741856575,0.9093655347824097
0.8713619112968445,-0.5841211676597595,1.527635097503662
0.4515361785888672,-0.32959631085395813,0.9063279628753662
0.40121474862098694,-0.23567979037761688,1.1924726963043213
1.408514142036438,-0.19382436573505402,0.999268114566803
0.8722187876701355,0.06589128077030182,1.2749934196472168
0.4747765362262726,-0.8368730545043945,1.1755883693695068
1.0266026258468628,-0.30544623732566833,0.8429970145225525
0.5312798023223877,-0.5864042639732361,1.2787163257598877
0.9156548380851746,0.04124614596366882,1.461183786392212
0.33038124442100525,-0.7607977390289307,1.0829464197158813
0.9440096616744995,-0.6910289525985718,0.982416033744812
1.5117334127426147,-0.32075977325439453,1.0575695037841797
0.4767776429653168,-0.7638692855834961,0.9078186750411987
1.5040428638458252,-0.18263070285320282,1.175689935684204
1.3110413551330566,0.3565317392349243,0.8201806545257568
0.6458091735839844,-0.15631043910980225,1.1803914308547974
1.1150879859924316,-0.4551161527633667,1.3761237859725952
1.166501760482788,0.238684743642807,0.9205605387687683
0.7176814675331116,-0.11296922713518143,1.569329857826233
0.47569647431373596,-0.5043451189994812,1.3552782535552979
0.7327975630760193,-0.5307482481002808,1.4362120628356934
0.9972553253173828,0.15103214979171753,1.063124656677246
1.1424204111099243,-0.5528849959373474,0.7174873352050781
0.8635411858558655,0.004155398346483707,0.7804875373840332
0.7281768918037415,-0.9093695282936096,0.7016089558601379
0.4962087571620941,0.2841341495513916,0.8282392024993896
1.57656991481781,-0.22763215005397797,0.9646158218383789
1.230683445930481,-0.59389728307724,1.1797574758529663
0.6836093068122864,0.38739368319511414,1.1085166931152344
0.4004078805446625,-0.07114549726247787,1.154543399810791
1.0124071836471558,-0.3341408967971802,1.3246824741363525
0.26894038915634155,-0.18466129899024963,1.0278916358947754
1.0977009534835815,-0.3448513150215149,1.0164978504180908
0.9422285556793213,-0.9556289911270142,1.1772047281265259
1.1700851917266846,-0.8478896617889404,0.7926259636878967
0.8389426469802856,-0.5543452501296997,0.8206769824028015
0.41817668080329895,-0.4496517479419708,0.8761526346206665
0.6643482446670532,0.07838499546051025,1.335809588432312
0.5740169882774353,0.07545676827430725,0.8671911954879761
1.214492917060852,-0.17597827315330505,0.595026433467865
0.8841124176979065,0.3028806149959564,1.1168313026428223
0.185045063495636,-0.06663404405117035,1.132775902748108
0.7922415137290955,-0.818561315536499,0.43219488859176636
0.6648242473602295,0.0210597924888134,1.0634028911590576
0.4376862943172455,-0.39543649554252625,0.9275735020637512
1.5467082262039185,-0.18471834063529968,0.891231119632721
0.31797969341278076,-0.17313572764396667,1.4051071405410767
1.3405555486679077,-0.3778879642486572,1.1757245063781738
1.0317437648773193,-0.09256202727556229,1.0493474006652832
0.5430707335472107,-0.6909847259521484,0.5894564390182495
1.0945593118667603,-0.9722330570220947,0.8421077728271484
0.9193329811096191,-0.10395453125238419,1.560616135597229
0.37398332357406616,-0.6150723695755005,0.9045572280883789
1.366385579109192,-0.21609032154083252,1.1989823579788208
1.027429223060608,-0.7429666519165039,0.49608534574508667
0.7506822943687439,-0.6185614466667175,0.7957119345664978
0.9754976034164429,0.4186672568321228,1.1138962507247925
1.2856769561767578,-0.5585876703262329,1.0501365661621094
0.7114630937576294,-0.8397842645645142,0.7524727582931519
0.7428011894226074,0.3425106704235077,1.3779520988464355
0.6862992644309998,-0.30299705266952515,1.5779024362564087
1.429220199584961,-0.7259043455123901,0.7856869697570801
0.8784874677658081,-0.1755121648311615,1.2213842868804932
1.1652699708938599,-0.8746755719184875,1.0377014875411987
1.346714735031128,-0.3597411811351776,1.1369478702545166
0.9931288957595825,0.10735923051834106,0.9426871538162231
0.5215069055557251,-0.340903639793396,1.443344235420227
0.5026795268058777,0.3416174650192261,1.0312409400939941
0.8932045698165894,0.24353793263435364,1.0491092205047607
0.31605517864227295,-0.49984458088874817,1.24398934841156
0.7703357934951782,0.21009692549705505,1.4104565382003784
1.1328353881835938,-0.3271849751472473,1.3488355875015259
0.41427081823349,-0.4270978569984436,1.1677104234695435
0.9682035446166992,-0.15265250205993652,1.1497275829315186
1.1962581872940063,0.23577973246574402,1.2412174940109253
0.58876633644104,-0.0504736453294754,1.1545169353485107
0.233937606215477,-0.45461171865463257,1.0555883646011353
0.6113426685333252,-0.7314965128898621,1.338509440422058
0.5762141942977905,-0.3693690299987793,1.3514292240142822
0.21476507186889648,-0.5232017040252686,1.2219734191894531
1.472756028175354,-0.14315491914749146,1.085839033126831
0.652337372303009,0.17571687698364258,1.4805307388305664
0.42552632093429565,-0.2709650993347168,0.9026784896850586
0.34064942598342896,0.04063291475176811,0.9899554252624512
0.553155243396759,-0.6595547199249268,1.0939215421676636
1.2243413925170898,-0.81330406665802,0.8076732754707336
0.5420879125595093,-0.9392176866531372,1.0496827363967896
1.1175442934036255,-0.13759933412075043,1.4966539144515991
0.8721779584884644,-0.3892829418182373,1.5403646230697632
0.9815633893013,0.5214812159538269,0.8103762865066528
0.6272315979003906,0.39286211133003235,1.102186679840088
1.3014897108078003,-0.5612192153930664,0.5588372349739075
1.0977596044540405,0.1268857717514038,1.0082165002822876
0.3334175646305084,-0.6963395476341248,1.3160886764526367
0.6193437576293945,0.37405160069465637,1.1004499197006226
0.973917543888092,-0.16486027836799622,1.465932011604309
0.49140405654907227,-0.7232905030250549,0.8846662044525146
0.4780869483947754,-0.22081413865089417,0.7967246770858765
0.6780365705490112,-0.013802077621221542,1.322754144668579
1.0351994037628174,-0.22276881337165833,1.374450922012329
1.0961939096450806,-0.17458119988441467,0.8352156281471252
0.5520048141479492,-0.5053941607475281,1.4568185806274414
0.5271022319793701,-0.49747776985168457,1.031447410583496
0.7422382831573486,0.34215083718299866,1.0979907512664795
0.6607191562652588,0.0425686314702034,1.3285751342773438
0.33699530363082886,0.2263391613960266,1.033020257949829
0.6507134437561035,-1.0196096897125244,0.9980392456054688
0.913536787033081,0.1871112585067749,0.7766804695129395
0.5537183880805969,0.1302335262298584,0.8055997490882874
0.5520170331001282,0.259954035282135,1.1139349937438965
0.7452426552772522,-0.635400652885437,0.896138072013855
0.6065375804901123,-0.6906186938285828,1.268557071685791
0.8478572368621826,0.36231136322021484,0.9933871030807495
0.9057035446166992,-0.9210029244422913,1.1628938913345337
0.08960319310426712,0.015733864158391953,0.8122225999832153
0.57894366979599,0.16937008500099182,1.3406660556793213
0.5687338709831238,-0.491108238697052,1.4899781942367554
0.8668559789657593,-0.5916376113891602,0.8427810668945312
0.44018879532814026,-0.22705714404582977,1.5277085304260254
1.3178551197052002,0.03776794299483299,0.5893698930740356
1.43296480178833,-0.17615288496017456,0.9399150609970093
1.0358082056045532,-0.7200194597244263,1.387078046798706
0.6554434299468994,-0.9798470735549927,1.085092544555664
0.9615973234176636,-0.26892489194869995,1.26817786693573
0.5212879180908203,-0.5352182984352112,1.2124342918395996
0.5253356695175171,0.1953272521495819,1.4112658500671387
0.756633460521698,0.1320200264453888,1.3651236295700073
0.9141761660575867,-0.05034175515174866,1.1717736721038818
1.2864526510238647,-0.4079517424106598,0.6153184771537781
0.3626902103424072,-0.5159754753112793,1.411886215209961
0.871821939945221,0.5395604968070984,0.7550848722457886
0.5026266574859619,-0.6009923815727234,1.0662977695465088
0.42336177825927734,-0.5124614238739014,1.4257510900497437
1.1051417589187622,-0.6577834486961365,0.861262321472168
0.3874964714050293,-0.7705807685852051,1.163964867591858
0.990943968296051,0.31680911779403687,1.1488841772079468
0.9059263467788696,-0.7462872862815857,1.4102822542190552
0.5267841815948486,-0.453640341758728,1.088239073753357
0.5941705703735352,-0.573407769203186,0.9762569665908813
0.4743325710296631,-0.8197212219238281,1.0201759338378906
0.4242744445800781,-0.11561658978462219,1.1681225299835205
0.4295417368412018,0.16214588284492493,1.3758782148361206
1.0577651262283325,0.36557450890541077,0.9892721176147461
0.7054908275604248,0.31572484970092773,1.0004113912582397
0.6736361980438232,0.10262808203697205,0.8148128986358643
0.3206300139427185,0.05117281153798103,1.1903879642486572
0.805296003818512,-0.05295002460479736,1.3984432220458984
0.4833815395832062,-0.05439288914203644,0.9873688817024231
0.9195595979690552,-0.10769590735435486,1.565564751625061
0.48695510625839233,-0.036066826432943344,0.8258278965950012
0.6232815384864807,0.11800053715705872,1.4945491552352905
0.629483163356781,-0.23020312190055847,1.563736915588379
0.6101775169372559,-0.8262755274772644,1.1821839809417725
0.9609235525131226,-0.1596853882074356,1.5258941650390625
0.3212648034095764,0.11979339271783829,1.3403854370117188
0.9532207250595093,0.07227551192045212,1.316887378692627
0.0225753765553236,-0.45788338780403137,0.8452194333076477
0.5338969230651855,-0.09147942066192627,0.7864978313446045
0.9711984992027283,0.11652219295501709,0.8735953569412231
0.6464673280715942,-0.624545693397522,0.766986608505249
0.44119566679000854,-0.43792539834976196,1.156893014907837
0.5160781145095825,-0.7238924503326416,1.2744988203048706
1.0348968505859375,-0.42721012234687805,1.065647006034851
1.1019898653030396,-0.9060757160186768,0.6565002202987671
0.8070700764656067,-0.8240237236022949,0.6806430816650391
1.0003072023391724,-0.7971441745758057,0.8821084499359131
0.7112180590629578,-0.27227771282196045,1.5687495470046997
1.2242110967636108,0.17076916992664337,0.7081784605979919
0.6928133964538574,-0.540648877620697,1.2292464971542358
1.224017858505249,-0.09077568352222443,1.157233715057373
0.7629326581954956,0.16860780119895935,1.407771348953247
1.389282464981079,-0.17864058911800385,0.9033007621765137
0.4862682521343231,-0.2039112150669098,1.400866150856018
1.3065170049667358,-0.2113557606935501,0.7262650728225708
1.4885753393173218,-0.21414119005203247,1.0763013362884521
0.49094158411026,-0.7836880087852478,0.935390830039978
0.29427236318588257,-0.5110881328582764,0.8182263970375061
0.5923075675964355,-0.18649299442768097,1.220740556716919
1.2640608549118042,-0.8264478445053101,0.6184588670730591
1.267311453819275,-0.5341392755508423,1.1928048133850098
0.2427171766757965,-0.7588205933570862,0.6552217602729797
0.6807042360305786,0.15191307663917542,0.7893513441085815
0.7716285586357117,-0.5695413947105408,1.5386815071105957
0.46213585138320923,-0.5076399445533752,1.3166066408157349
0.9462307095527649,-0.10601570457220078,1.1839081048965454
1.1172651052474976,0.02650281973183155,1.2372779846191406
0.8754359483718872,-0.670456051826477,1.4912216663360596
0.3795815408229828,0.34402549266815186,1.024571418762207
1.1430326700210571,-0.02761843055486679,1.4325329065322876
0.46883466839790344,-0.020694822072982788,0.9238086342811584
0.9836199283599854,-0.43283116817474365,0.8214372396469116
1.1857273578643799,-0.6735072135925293,1.3035564422607422
1.2269911766052246,-0.4590316712856293,1.2908111810684204
0.7238456010818481,-0.9235121607780457,0.8840379118919373
0.6494330763816833,0.3166547119617462,0.9204363822937012
0.5034608244895935,-0.2837695777416229,1.363566279411316
0.23831862211227417,-0.6525940895080566,0.9195007681846619
0.803973913192749,-0.21153497695922852,1.3327560424804688
1.022438406944275,-0.6053375601768494,1.4539928436279297
0.6241165399551392,-0.4985504746437073,1.1670875549316406
0.8290708661079407,-0.40956202149391174,1.5730180740356445
0.5729567408561707,-0.05003604292869568,1.367861032485962
0.7348712682723999,-0.6868765950202942,0.45326870679855347
1.0034430027008057,-0.5812820196151733,1.4164690971374512
1.0057238340377808,-0.6040070056915283,1.331169605255127
0.5796263217926025,0.09010259807109833,1.0518149137496948
0.716930091381073,-0.23862236738204956,1.430568814277649
1.437932014465332,-0.4922592341899872,0.5504765510559082
0.4051869511604309,-0.06834544241428375,0.9048968553543091
0.48366424441337585,-0.15639269351959229,0.8011454343795776
0.3695196211338043,-0.496867835521698,1.4330852031707764
0.42115724086761475,-0.9340808391571045,0.9313884973526001
1.3050906658172607,-0.14635077118873596,0.8174946308135986
0.914634108543396,0.14393317699432373,1.2203145027160645
1.387912392616272,-0.1253812313079834,0.6037147045135498
1.0935710668563843,-0.21479184925556183,1.521114468574524
0.4512083828449249,0.30307772755622864,1.1147083044052124
1.2165727615356445,-0.44020068645477295,0.645188570022583
0.7178725004196167,0.31887543201446533,0.8241753578186035
0.26496854424476624,-0.49740955233573914,1.1247072219848633
0.27355679869651794,-0.8222166895866394,0.7327471375465393
0.4442911744117737,-0.7495758533477783,0.7725880146026611
1.3454720973968506,-0.14098939299583435,1.182784914970398
0.7695634365081787,0.01949235424399376,0.7511754035949707
1.1081093549728394,-0.09376507252454758,1.4833004474639893
1.0399779081344604,0.21429190039634705,0.8970752358436584
0.21918389201164246,-0.31140750646591187,1.0855363607406616
0.48120421171188354,-0.5767980813980103,0.8772602677345276
0.3110329210758209,0.19944684207439423,1.3064155578613281
0.6871304512023926,-0.6973314881324768,1.3753876686096191
1.134293794631958,-0.19724243879318237,1.3388872146606445
0.7263462543487549,0.11339486390352249,1.4293437004089355
0.26792389154434204,-0.7587153315544128,1.0443905591964722
0.4970763921737671,0.032921262085437775,1.5090792179107666
0.9942314624786377,-0.012138936668634415,0.8729465007781982
1.046584129333496,-0.1930774450302124,1.3206393718719482
1.3703560829162598,-0.44738179445266724,1.116575837135315
0.23793575167655945,-0.397065132856369,1.3038486242294312
0.6967942714691162,-0.53705894947052,1.1620852947235107
1.4788179397583008,-0.5306148529052734,1.1136621236801147
1.0476349592208862,0.03356953710317612,1.4838662147521973
1.5534316301345825,0.010951772332191467,0.8917149901390076
0.7302733659744263,-0.030887190252542496,1.1112712621688843
0.36117708683013916,-0.5436190366744995,0.9083414077758789
0.6188804507255554,-0.8001810312271118,0.944505512714386
0.564589262008667,-0.04657357186079025,1.271591067314148
1.4549108743667603,0.19619672000408173,0.7572782635688782
1.0931814908981323,-0.5206108689308167,1.2623794078826904
0.6692832112312317,0.04212883114814758,1.3087528944015503
0.8762340545654297,-0.7581000924110413,1.4187742471694946
0.8178078532218933,-0.8451260924339294,1.1081255674362183
1.3572598695755005,-0.3194410502910614,0.9351792335510254
0.8120357394218445,-0.3556632995605469,1.5701223611831665
1.15488600730896,-0.6058694124221802,0.7673879861831665
0.47665727138519287,-0.48549240827560425,1.3975989818572998
0.9578929543495178,-0.5214645862579346,0.8110759258270264
0.500207781791687,-0.36825037002563477,1.1831587553024292
0.6874658465385437,0.5065635442733765,0.910291314125061
0.6988809108734131,-0.7851006388664246,1.3464864492416382
0.20267942547798157,-0.42695412039756775,1.2197933197021484
0.18216557800769806,-0.3483341336250305,1.1608853340148926
0.8616273999214172,-0.026592686772346497,1.209510087966919
0.8141055703163147,0.34764420986175537,0.8782074451446533
0.7678261995315552,-0.8601506948471069,0.7123069167137146
0.6433331966400146,0.0314323753118515,0.8023368120193481
0.19764742255210876,-0.35937178134918213,0.8520106077194214
0.8501884937286377,0.038922011852264404,1.314443826675415
0.7078369855880737,-0.22158823907375336,1.3245739936828613
0.5883468389511108,-0.14111846685409546,1.5160279273986816
0.28708261251449585,-0.01808100938796997,1.278778314590454
0.3576396107673645,-0.35668426752090454,1.4651485681533813
0.923693835735321,-0.5137797594070435,1.152543306350708
1.3801130056381226,0.25760287046432495,1.0215903520584106
0.7116402983665466,0.3142940402030945,1.0576838254928589
0.674590528011322,-0.2544870972633362,1.4368996620178223
0.5980861783027649,-0.5472328662872314,1.285091519355774
0.6283749938011169,-0.401748389005661,1.4308712482452393
1.388951301574707,0.21441137790679932,1.1294059753417969
0.4254278838634491,0.24007007479667664,1.346998929977417
0.5614991784095764,-0.7072919607162476,0.9845085144042969
1.2504165172576904,-0.17143355309963226,1.4742083549499512
0.47078341245651245,-0.2220967411994934,0.7746384739875793
0.7325598001480103,-0.858281135559082,0.43861517310142517
0.5850756168365479,-0.31315335631370544,1.241520643234253
0.8669134378433228,0.12818394601345062,1.0077978372573853
1.5171504020690918,-0.10873153805732727,0.7604780197143555
1.2427586317062378,-0.36752235889434814,1.2891708612442017
0.3929159343242645,-0.11955289542675018,0.9805354475975037
0.4974535405635834,0.01610366255044937,1.5142802000045776
1.4119666814804077,-0.10929100960493088,1.2169907093048096
0.8076440095901489,0.17052492499351501,0.9944663643836975
0.9976180195808411,-0.7618694305419922,0.5010539293289185
1.2159230709075928,-0.5097012519836426,1.2343732118606567
0.2437461018562317,0.2444305568933487,0.9830136895179749
0.44673043489456177,-0.18007339537143707,1.2092090845108032
0.39231595396995544,-0.42733442783355713,1.2067756652832031
0.3355753421783447,-0.5306929349899292,1.360344648361206
0.7854999303817749,0.02425234019756317,0.7668198943138123
1.0741217136383057,-0.34034934639930725,0.8055820465087891
1.2970150709152222,-0.09797089546918869,0.7381800413131714
0.43745553493499756,-0.6132726073265076,0.9371549487113953
0.7254346013069153,0.09029247611761093,1.0654826164245605
1.38127601146698,-0.12285354733467102,1.2024301290512085
0.7923605442047119,0.5415948629379272,1.0054514408111572
0.37908393144607544,-0.37192463874816895,1.1790199279785156
1.1222068071365356,0.13543489575386047,0.9292168617248535
0.3215162456035614,-0.3103083670139313,1.4415419101715088
1.058037281036377,-0.27917227149009705,0.8839423656463623
0.38224291801452637,-0.35356637835502625,1.065100073814392
0.8692995309829712,0.3596763014793396,1.0236091613769531
0.5463614463806152,-0.3867828845977783,1.3969053030014038
0.7524774670600891,-0.42463546991348267,1.5746954679489136
0.9788237810134888,-0.9014387130737305,1.2182931900024414
0.492957204580307,-0.7434418201446533,0.7543061971664429
0.9111698865890503,0.0015191510319709778,1.5573511123657227
0.25192174315452576,-0.46457627415657043,1.3516286611557007
0.8390871286392212,-0.9719060659408569,0.9868649244308472
0.9038577079772949,-0.47875654697418213,1.2482222318649292
0.44553613662719727,-0.10458844155073166,1.5183570384979248
0.18117091059684753,-0.025553539395332336,1.2610814571380615
1.0068578720092773,-0.2293243557214737,1.184151530265808
1.2244561910629272,-0.3818821907043457,0.5784018039703369
0.808292806148529,-0.4009966254234314,1.5675768852233887
1.2540632486343384,-0.6838288307189941,0.8474006652832031
0.3717379570007324,0.06870410591363907,1.2301080226898193
0.5202093720436096,-0.5556222200393677,1.3269145488739014
0.5109592080116272,0.008783668279647827,1.5031650066375732
0.543090283870697,-0.18045711517333984,1.5456682443618774
0.49154341220855713,-0.2377253770828247,1.1338268518447876
0.9405988454818726,0.1188841164112091,1.4326318502426147
0.7169444561004639,-0.9895219802856445,0.689988374710083
0.46019798517227173,-0.38559606671333313,1.2143847942352295
0.9641933441162109,0.18936681747436523,1.3024612665176392
0.5618630647659302,0.19306710362434387,1.1781127452850342
0.23311911523342133,-0.2439914047718048,0.7621181011199951
0.8131354451179504,-0.38441434502601624,1.3712084293365479
1.0701534748077393,-0.24802905321121216,1.0922819375991821
0.5512391328811646,0.1010969802737236,1.2551627159118652
0.551539957523346,-0.25212591886520386,1.2388988733291626
1.2807228565216064,-0.4828183352947235,1.3102580308914185
1.168079137802124,-0.3163716495037079,0.7883639335632324
1.130672812461853,-0.8824615478515625,0.8116968870162964
0.5760965347290039,0.02136263996362686,1.3974730968475342
1.1952728033065796,-0.2821618318557739,0.802729606628418
1.1628692150115967,-0.9527972936630249,0.9210191965103149
0.6156222820281982,-0.7939631342887878,0.8526341915130615
0.47545069456100464,-0.4558917284011841,0.9173840284347534
1.291342854499817,-0.28782039880752563,0.8629018068313599
1.2542247772216797,-0.04921089857816696,0.8361827731132507
0.2194099724292755,0.06797999143600464,0.8550988435745239
0.3330656886100769,-0.6238682270050049,1.233567714691162
1.0185892581939697,-0.8834608793258667,0.6297417283058167
0.8928149342536926,-0.9172831177711487,1.2109979391098022
0.6445435285568237,-0.28720229864120483,1.2517722845077515
0.1801140159368515,-0.6566544771194458,0.6952218413352966
0.6017075181007385,-0.6391478776931763,0.7102376222610474
0.6419727802276611,-0.6468247175216675,0.9381911158561707
0.5080093145370483,-0.6365483403205872,0.71567302942276
0.19007432460784912,-0.21629029512405396,0.8018980026245117
0.6361638903617859,-0.8136338591575623,0.7178324460983276
0.5431809425354004,0.0524485781788826,1.0145676136016846
1.2802507877349854,-0.10101908445358276,1.3525497913360596
0.6294927597045898,-0.5218377709388733,1.4535577297210693
0.6525403261184692,-0.2959059476852417,1.4292323589324951
1.4558000564575195,-0.12534794211387634,1.148926854133606
0.35670191049575806,-0.37483328580856323,1.147647500038147
0.7425415515899658,-0.26582223176956177,1.5763589143753052
0.32144030928611755,-0.19624677300453186,1.380376935005188
0.36726251244544983,-0.6259505748748779,1.2758080959320068
0.18935783207416534,-0.2596234083175659,1.0864129066467285
1.1138628721237183,-0.027078483253717422,0.7914510369300842
0.7837275266647339,-0.5667464137077332,1.3956059217453003
1.2577595710754395,-0.28672224283218384,1.392751693725586
0.4851275384426117,-0.4660385251045227,1.2762811183929443
1.448675274848938,-0.2351323664188385,1.106111764907837
0.5217914581298828,0.204569011926651,1.4259952306747437
1.2326104640960693,-0.513166606426239,0.44316795468330383
1.157749891281128,-0.9111196994781494,0.7158361077308655
0.568760871887207,0.17030683159828186,1.3685364723205566
0.20372647047042847,-0.7747962474822998,0.7800828814506531
0.37589848041534424,-0.3217114508152008,0.9696087837219238
0.40631183981895447,0.2364303022623062,0.8106588125228882
1.1165984869003296,-0.007326846942305565,0.7941374778747559
0.9021244645118713,-0.7892500162124634,0.9408936500549316
0.5143892765045166,-0.5658618211746216,0.9143365621566772
1.4470322132110596,-0.22306980192661285,1.2967102527618408
0.5587727427482605,-0.03933510184288025,1.2173960208892822
0.9386844038963318,-0.6458727717399597,1.314118504524231
0.9559555053710938,-0.16268229484558105,1.5709877014160156
0.4795995354652405,-0.49059465527534485,1.0367807149887085
0.7133674621582031,0.11663917452096939,0.9554089307785034
0.9712934494018555,0.034882642328739166,1.1250739097595215
0.7977877259254456,-0.7956175208091736,0.8919986486434937
0.5162091851234436,-0.48094993829727173,0.8992365598678589
0.3462112545967102,-0.135809987783432,1.1016377210617065
0.5632410049438477,0.0807761698961258,1.243188500404358
0.3976970911026001,-0.11231677979230881,0.8140331506729126
0.41116490960121155,-0.5040966272354126,0.9912775754928589
0.007524210959672928,-0.336406409740448,0.9292389154434204
0.7078239917755127,-0.6380898356437683,0.8098539113998413
0.6145505905151367,0.16312947869300842,0.9478580951690674
0.9159243702888489,-0.4382994771003723,1.5639152526855469
0.8905702233314514,0.29234617948532104,1.2652767896652222
0.7237650156021118,-0.7348976135253906,1.3242257833480835
0.5858262181282043,-0.05128314718604088,1.2017842531204224
0.8347303867340088,-0.714206337928772,0.49909707903862
0.8445536494255066,-0.5780284404754639,1.4783613681793213
0.46104174852371216,0.20535485446453094,1.1326911449432373
0.5199086666107178,-0.6091589331626892,0.948910117149353
0.6294911503791809,0.03702353686094284,1.2883113622665405
0.743034839630127,-0.6017332077026367,1.0480979681015015
0.7192087769508362,0.19329988956451416,0.8731308579444885
0.5635050535202026,0.17158395051956177,1.0658971071243286
0.8237878084182739,0.31722426414489746,0.8303253650665283
0.9928549528121948,-0.31063705682754517,1.5389665365219116
0.7543127536773682,-0.7133485674858093,0.5094520449638367
1.0703355073928833,0.2328779101371765,1.0118623971939087
0.7986941337585449,-0.7248216867446899,1.191442608833313
0.3656376302242279,-0.5083169341087341,0.8871712684631348
0.16861280798912048,-0.29871881008148193,1.151018738746643
0.6449264883995056,-0.20342907309532166,1.4431874752044678
0.5786241888999939,-0.5533656477928162,1.1632153987884521
0.42996084690093994,-0.11981351673603058,1.219053030014038
0.2868797481060028,0.0044518038630485535,1.3302693367004395
0.9519014954566956,-0.5705938935279846,1.1939358711242676
0.5271586775779724,-0.10193763673305511,1.5486339330673218
0.5895810127258301,-0.4810202121734619,1.0622649192810059
0.39708179235458374,-0.2802635133266449,1.203927755355835
1.008927822113037,-0.5053660273551941,1.2437313795089722
1.0385816097259521,-0.9554031491279602,0.7471544742584229
0.1878671944141388,0.01170973852276802,1.2069716453552246
0.49097388982772827,-0.09723524749279022,1.2682039737701416
0.8300129175186157,-0.9087263345718384,0.795173168182373
0.21906425058841705,-0.38037970662117004,1.3724604845046997
0.7087294459342957,0.11847801506519318,0.8753952383995056
0.46440815925598145,-0.24886271357536316,0.848487377166748
1.2913345098495483,-0.7029632925987244,1.2005506753921509
0.28685685992240906,-0.12862765789031982,0.912361204624176
0.30589404702186584,-0.5841671228408813,0.8165367841720581
0.662959098815918,0.2100394070148468,1.2676105499267578
1.1635364294052124,0.05305418372154236,0.8353743553161621
1.0257675647735596,0.1343955397605896,0.8422278165817261
1.2254096269607544,-0.8277202844619751,1.0435764789581299
1.2348271608352661,-0.487170934677124,0.6315619945526123
1.045163631439209,-0.4838489294052124,1.3865472078323364
0.7231900691986084,-0.3197025656700134,1.5425907373428345
0.3102380931377411,-0.0029486268758773804,1.131253719329834
0.5572084784507751,-0.12186460942029953,1.302069067955017
1.2999838590621948,-0.21031132340431213,1.2142174243927002
0.7526342868804932,0.07638943195343018,0.7779923677444458
0.29397621750831604,-0.6889737844467163,0.5724270343780518
0.3196767568588257,-0.4706851840019226,1.4249578714370728
1.3067688941955566,-0.13578248023986816,1.249025821685791
1.3924838304519653,0.025118306279182434,0.7866244316101074
1.0463855266571045,-0.20034074783325195,0.8127580285072327
0.6793249845504761,-0.5682803392410278,1.3788716793060303
0.5725602507591248,-0.38428953289985657,1.411504864692688
0.5821994543075562,-0.7404077649116516,0.8472013473510742
1.0286974906921387,0.3266288638114929,1.0959097146987915
0.32627400755882263,-0.31439220905303955,1.3383060693740845
0.6015670895576477,-0.5982006192207336,1.5016196966171265
0.6978504657745361,0.3407045602798462,1.3027886152267456
0.6703298687934875,-0.6380029916763306,0.9830866456031799
0.7189010977745056,-0.6220646500587463,1.10133695602417
0.3549196720123291,0.1272052526473999,1.0854750871658325
0.8040623664855957,0.4013333320617676,1.1317790746688843
1.0254894495010376,-0.31629353761672974,1.4547512531280518
0.43055373430252075,0.0574006587266922,1.459958791732788
0.12759065628051758,-0.18898792564868927,1.1970758438110352
0.5904247760772705,0.36760878562927246,1.2826426029205322
1.1450129747390747,-0.6510307788848877,1.0010796785354614
0.39953044056892395,0.013478579930961132,1.2994740009307861
0.34232670068740845,0.3385763466358185,0.9071276187896729
1.1456055641174316,-0.4585610628128052,1.1857069730758667
1.0284847021102905,-0.01697443425655365,1.3273179531097412
0.1800621747970581,-0.20333364605903625,1.1594069004058838
0.9603829383850098,-0.7028220891952515,1.4111359119415283
0.7579594254493713,-0.25760677456855774,1.2232837677001953
0.9029631614685059,-0.15595196187496185,1.4828070402145386
0.887782096862793,0.03354549780488014,1.3090829849243164
0.6784118413925171,-0.007387768477201462,1.0516718626022339
0.6967765092849731,-0.497070848941803,1.404225468635559
0.2856108546257019,-0.8378232717514038,0.7378753423690796
0.6482779383659363,-0.5190244317054749,1.0763033628463745
1.1124838590621948,-0.1010468378663063,1.0086748600006104
0.7566754817962646,-0.877502977848053,0.8069943785667419
0.9573808312416077,0.03989380598068237,1.0623507499694824
0.9651105403900146,0.06613323092460632,1.3839805126190186
1.0584962368011475,-0.5303681492805481,1.3069385290145874
0.3656153082847595,-0.29456794261932373,1.1960070133209229
0.35537365078926086,0.053418368101119995,1.4270819425582886
1.0125430822372437,-0.06483195722103119,1.00701904296875
0.9550110697746277,-0.9934532046318054,0.9867541790008545
1.3770577907562256,-0.1888096034526825,1.2099947929382324
1.0160174369812012,0.018765036016702652,0.8774508833885193
0.4110519289970398,-0.013193659484386444,1.0381513833999634
0.44173237681388855,-0.4956066310405731,1.322758674621582
0.16145053505897522,-0.6750096082687378,0.7852578163146973
0.6522152423858643,-0.6728656888008118,0.6371360421180725
0.7909170389175415,0.2969955801963806,0.8493715524673462
1.0903692245483398,-0.33347463607788086,0.8011307716369629
0.9875630736351013,-0.877724826335907,1.235442876815796
0.47097834944725037,0.05317547917366028,1.4179863929748535
1.0939451456069946,-0.7702590823173523,1.1614285707473755
0.46331465244293213,-0.32809507846832275,1.171424388885498
0.6428869962692261,0.14146219193935394,1.3874667882919312
0.677445650100708,-0.5588479042053223,1.2453495264053345
0.4512372612953186,-0.38327041268348694,0.8911023139953613
0.42998307943344116,-0.5741280913352966,1.0110480785369873
0.1806933879852295,-0.3799850046634674,1.2320737838745117
0.4826604425907135,-0.01432277262210846,1.2080010175704956
0.6464723348617554,-0.7207982540130615,0.6965818405151367
0.8406639099121094,-0.6786390542984009,1.3247535228729248
0.47042399644851685,-0.7478448748588562,1.0549378395080566
0.7415117621421814,-0.3355379104614258,1.1412034034729004
0.4902028441429138,0.29883384704589844,1.306750774383545
1.3255120515823364,-0.03332917019724846,0.8390531539916992
0.2616491913795471,0.17557334899902344,0.8850293755531311
0.22064262628555298,0.11107878386974335,1.09273362159729
0.49430716037750244,-0.16791361570358276,1.3730053901672363
0.4899335503578186,-0.6412229537963867,0.9789906740188599
0.5315290689468384,-0.12087197601795197,1.3710523843765259
0.2899259328842163,-0.037935566157102585,1.420170783996582
0.6491814851760864,-1.023880958557129,0.7902696132659912
0.18892982602119446,0.04118076711893082,1.277910590171814
0.8265594840049744,0.046097856014966965,1.2805917263031006
0.7447550296783447,-0.4115513265132904,1.2792065143585205
0.3082789182662964,-0.23940995335578918,0.9569005370140076
0.8572612404823303,-0.8232091069221497,1.2975146770477295
1.4932812452316284,-0.6279428601264954,0.8703905940055847
0.3192611634731293,-0.6141455173492432,0.7672103643417358
1.3516995906829834,-0.12351614236831665,1.3184658288955688
0.6898534893989563,-1.0273487567901611,0.8062762022018433
1.0864620208740234,-0.27723827958106995,1.2948944568634033
0.35551953315734863,-0.7580154538154602,0.6310404539108276
0.5787472128868103,-0.25516974925994873,1.0730299949645996
0.3194506764411926,0.00035325251519680023,1.3848199844360352
0.41832566261291504,-0.11457104980945587,0.9180395603179932
1.141991138458252,-0.7405397295951843,1.2068979740142822
0.5677762627601624,-0.6876561641693115,0.4217517673969269
0.36315488815307617,0.20946629345417023,1.063802719116211
0.6688272953033447,-0.14998705685138702,1.3382465839385986
0.2936755120754242,-0.10026354342699051,1.4376764297485352
0.8600153923034668,-0.9502288103103638,0.9765797853469849
1.1381481885910034,-0.26711395382881165,1.4337328672409058
0.42111849784851074,0.30249935388565063,1.0016071796417236
1.3670918941497803,0.09030523896217346,0.8644577264785767
0.45509064197540283,-0.6426754593849182,1.1172431707382202
0.9625146985054016,-0.4043009281158447,1.2178401947021484
0.17260079085826874,-0.06258902698755264,1.2436587810516357
0.9184468984603882,0.2380741536617279,1.160486102104187
0.6136888265609741,-0.5109738111495972,1.3311066627502441
0.5193226337432861,-0.498444139957428,1.4996169805526733
0.8625410795211792,0.37376970052719116,0.8643036484718323
1.0976637601852417,-0.26257479190826416,1.456538200378418
0.5543414354324341,0.3782971203327179,1.1677253246307373
0.8136627674102783,-0.22303837537765503,1.317280650138855
0.9024066925048828,-0.7669717669487,0.8990716934204102
1.4170109033584595,0.04046563804149628,0.6701735854148865
0.7861044406890869,0.14218437671661377,0.775576651096344
0.5301725268363953,0.031119443476200104,1.3287571668624878
1.5232393741607666,-0.1988552361726761,1.0303163528442383
0.2877211570739746,-0.38043707609176636,0.9489147663116455
0.45475316047668457,0.007200634106993675,1.3656108379364014
0.8309119343757629,0.3117467761039734,1.1001076698303223
1.139140009880066,-0.6160886287689209,0.7611068487167358
0.8785921931266785,-0.6033494472503662,1.4861869812011719
0.9350357055664062,-1.0222117900848389,0.7392768859863281
0.8423900604248047,0.20207224786281586,1.4845811128616333
0.9170448184013367,0.15156975388526917,0.8677639365196228
1.0198583602905273,-0.5915245413780212,1.4629138708114624
0.24978679418563843,-0.0026829317212104797,1.2385103702545166
1.2344727516174316,-0.5884160995483398,0.9775386452674866
0.6107720136642456,0.06312878429889679,0.8598518967628479
0.35885879397392273,0.2951725721359253,1.1992391347885132
0.7009125351905823,0.18074963986873627,1.419795274734497
1.0905746221542358,-0.8756312727928162,1.2138680219650269
1.0399556159973145,0.3242265582084656,1.2400307655334473
0.8747521042823792,0.5489844083786011,0.8723044395446777
0.6416463851928711,-0.2309805303812027,1.5691940784454346
0.9687538146972656,0.025174878537654877,0.9148423075675964
0.8272039890289307,-0.5110800266265869,1.5440685749053955
0.4936239719390869,-0.5087971091270447,1.5003740787506104
0.3397054076194763,-0.4190824031829834,0.9715279936790466
0.3341769576072693,-0.49400418996810913,1.1972765922546387
1.1718436479568481,-0.29016056656837463,0.6699118614196777
0.10355016589164734,0.14696413278579712,0.7596663236618042
1.396105408668518,-0.13901789486408234,1.1991779804229736
0.9348186254501343,-0.6590064764022827,1.1803674697875977
0.5198981761932373,-0.8458172678947449,1.145915150642395
0.2654469907283783,-0.4540478587150574,1.265141248703003
0.4361101984977722,-0.6259062886238098,1.2418317794799805
1.2748883962631226,-0.6521228551864624,1.0628442764282227
0.6217336654663086,-0.19343970715999603,1.3986766338348389
0.42945432662963867,-0.26229166984558105,1.5229418277740479
0.5596516132354736,-0.3374374806880951,1.1403800249099731
1.1687052249908447,-0.3034137487411499,0.6217885613441467
0.7978458404541016,-0.9516206383705139,1.015916109085083
0.17278984189033508,-0.15945076942443848,0.8799571990966797
0.9241742491722107,-0.7422145009040833,0.5791099667549133
0.23078548908233643,-0.3307119607925415,1.0741393566131592
0.4191330075263977,-0.4328157603740692,0.9451197981834412
0.36957454681396484,0.041718389838933945,1.2352521419525146
0.892111599445343,-0.0027240216732025146,1.2814511060714722
0.628868043422699,-0.8875099420547485,1.0345921516418457
0.5588715672492981,0.23104803264141083,1.3576432466506958
0.4784310758113861,-0.34704843163490295,0.9615404605865479
1.1763741970062256,-0.42475271224975586,1.2818692922592163
0.9674949645996094,0.3201688528060913,1.0336799621582031
0.8623854517936707,-0.8679469227790833,0.9995179176330566
0.40856534242630005,-0.15675890445709229,0.9326959252357483
0.6746149063110352,-0.740708589553833,1.0545761585235596
0.620746910572052,-0.17399445176124573,1.274703860282898
0.9682957530021667,-0.6870535612106323,0.955586850643158
0.5847958922386169,-0.029682867228984833,1.2817951440811157
0.4854040741920471,-0.2901664674282074,1.1060625314712524
0.20558235049247742,-0.0012695426121354103,0.7681012153625488
0.712252676486969,-0.657711386680603,1.4875309467315674
1.366973876953125,0.31790459156036377,0.9228979349136353
0.9889238476753235,-0.4492265284061432,1.086756944656372
0.7377249598503113,0.39663541316986084,1.2923232316970825
0.9918949604034424,-0.9908197522163391,1.0626516342163086
0.6007242798805237,0.032400041818618774,1.400117039680481
0.3396992087364197,0.11036550998687744,1.1510629653930664
1.273159384727478,-0.1650024652481079,0.5230316519737244
0.9592600464820862,-0.18910999596118927,1.2298849821090698
0.617525041103363,-0.8057149052619934,0.9584528207778931
0.7361291646957397,-0.7119826078414917,1.0707427263259888
0.8074853420257568,-0.5944105386734009,1.228493571281433
0.677314043045044,0.006690233945846558,1.3539464473724365
0.588744044303894,-0.5745750069618225,0.9278311133384705
0.36219581961631775,0.3202948570251465,1.213787317276001
0.18410682678222656,0.28020548820495605,0.8612135648727417
1.0242749452590942,0.3770498037338257,0.9534276127815247
0.8065354824066162,-0.6868457198143005,0.9050227403640747
1.298368215560913,-0.6457367539405823,1.1784554719924927
0.7673308849334717,0.15479998290538788,0.9129918217658997
0.32260969281196594,-0.7605936527252197,1.1355928182601929
0.43436384201049805,-0.6132289171218872,1.3305301666259766
0.9519508481025696,-0.1478615254163742,1.3266799449920654
0.693228006362915,-0.6224190592765808,0.8882781863212585
1.0587354898452759,0.2776058316230774,1.0942891836166382
0.49291837215423584,-0.19205737113952637,1.3843380212783813
0.3537355065345764,-0.7781840562820435,0.8838065266609192
0.5791568756103516,0.1962694525718689,0.8671751618385315
0.7062956094741821,0.5586848258972168,0.8864964246749878
0.8090499043464661,-0.8407360315322876,0.9754015207290649
1.118781328201294,0.140817329287529,1.4158649444580078
0.7183935046195984,-0.5885417461395264,1.3093560934066772
0.464155912399292,-0.41217485070228577,1.0771946907043457
1.1164698600769043,-0.25514060258865356,1.2971395254135132
0.7066578269004822,0.1373753398656845,0.9426664113998413
0.971916675567627,-0.34994250535964966,1.2106260061264038
1.0524200201034546,-0.47581836581230164,1.2382586002349854
0.15031801164150238,-0.18580478429794312,1.258487582206726
0.4425947070121765,0.09022688865661621,1.0568729639053345
1.2380495071411133,-0.586054265499115,0.9227612018585205
1.2364932298660278,0.05602051690220833,1.4115307331085205
1.064950704574585,-0.8953179121017456,0.926581621170044
0.787004292011261,-0.6550329923629761,1.408543586730957
0.5173718929290771,-0.7514215707778931,0.7981289625167847
0.49141019582748413,-0.5404086709022522,0.9549952745437622
1.2762651443481445,-0.19882136583328247,1.3834614753723145
0.7615477442741394,-0.4650772213935852,0.8072211742401123
0.5323978662490845,-0.1554049253463745,1.429368257522583
0.11881539225578308,-0.6586632132530212,0.758339524269104
0.5978444218635559,0.08334001898765564,1.350721836090088
0.9238249659538269,-0.5141987204551697,1.514150619506836
0.31370458006858826,-0.3804323077201843,1.2947050333023071
1.294416904449463,-0.5251907110214233,1.1669962406158447
0.40514957904815674,-0.8860228657722473,0.9228852987289429
0.4366462826728821,0.21818220615386963,1.2620973587036133
1.1563760042190552,-0.3945082426071167,1.4351528882980347
1.1379497051239014,-0.09311924874782562,1.2807413339614868
0.4919418394565582,-0.5525122284889221,1.382468581199646
1.3117094039916992,0.08300343155860901,0.7581311464309692
0.6350631713867188,-0.7400283217430115,0.9233875274658203
1.1724262237548828,0.06369230896234512,1.2616195678710938
0.6168085932731628,0.3047981858253479,1.2741327285766602
0.6074315309524536,-0.3887096345424652,1.3819535970687866
0.45749205350875854,-0.18900014460086823,1.4976805448532104
1.223516821861267,-0.7183272242546082,0.7143715620040894
0.7922067642211914,-0.13090389966964722,1.5829836130142212
0.7906628847122192,-0.9105048775672913,1.100142240524292
0.9553506374359131,-0.14042708277702332,1.0559169054031372
0.6931991577148438,-0.49372100830078125,1.1249001026153564
0.28651174902915955,-0.14156171679496765,1.1049439907073975
0.5043594837188721,-0.37443506717681885,0.8665412068367004
0.797188401222229,-0.7009208798408508,0.996009111404419
0.9722914695739746,-0.053899966180324554,1.022024154663086
0.5778595805168152,-0.4675212502479553,1.4333406686782837
0.6106908321380615,-0.6765045523643494,0.5112316012382507
0.8615593314170837,-0.7837616205215454,1.4036749601364136
0.5688812136650085,0.48686808347702026,0.9965696334838867
0.8742313981056213,-1.0058215856552124,0.9881868958473206
1.0884369611740112,-0.3816109299659729,0.9158861637115479
0.519107460975647,-0.111844502389431,1.3719134330749512
0.6452958583831787,-0.31785890460014343,1.2822591066360474
0.7771894335746765,-0.043426599353551865,1.2609492540359497
0.4380614161491394,0.013343345373868942,0.8686176538467407
0.7591721415519714,-0.6897056698799133,1.410528302192688
0.9741922616958618,0.4053834080696106,0.8905197381973267
0.44765397906303406,-0.5326831340789795,1.4661351442337036
0.26801568269729614,-0.5925549268722534,0.9069116115570068
0.3717323839664459,0.13715791702270508,0.926484227180481
0.9044151306152344,-0.12897880375385284,1.349277377128601
1.194413185119629,-0.5179792046546936,1.305161476135254
1.185823678970337,-0.21613384783267975,1.283014178276062
0.426531046628952,-0.38525158166885376,0.7829346656799316
1.0062191486358643,0.13565781712532043,1.4582306146621704
0.7342277765274048,0.3016451895236969,1.05341637134552
0.5094855427742004,0.03825022280216217,1.4606812000274658
0.6671977043151855,-0.8609662055969238,1.0603666305541992
0.9321298599243164,-0.7982004284858704,1.2551634311676025
0.6929701566696167,0.14411447942256927,1.0523078441619873
0.4391002357006073,-0.6686670780181885,1.217563271522522
0.72382652759552,0.3777729272842407,0.909436821937561
0.9345414638519287,-0.8118175864219666,1.17840576171875
0.5512758493423462,-0.4241822063922882,1.0844995975494385
1.282793641090393,-0.44036784768104553,1.4073344469070435
0.7659050226211548,-0.7128113508224487,0.6551307439804077
0.859582781791687,-0.2194599062204361,1.345474123954773
0.4223654866218567,-0.49599719047546387,0.7530038952827454
0.23698952794075012,-0.2796715795993805,1.2747529745101929
0.8856860995292664,-0.8702349066734314,0.6984536647796631
0.9480466842651367,-0.4278697073459625,0.9958402514457703
1.1564151048660278,-0.19944919645786285,0.8099513053894043
0.2567594647407532,-0.21687403321266174,1.1467671394348145
0.5916433334350586,-0.2717262804508209,1.1242777109146118
0.7988036870956421,-0.8155831694602966,0.8394724726676941
0.25826671719551086,-0.3126947283744812,1.403651237487793
0.892726480960846,-0.48046794533729553,0.8501777648925781
0.5631635785102844,-0.044698044657707214,1.538785696029663
1.550529956817627,-0.0024637728929519653,0.967088520526886
0.4634028673171997,-0.4286564886569977,0.8483399748802185
0.3761993646621704,-0.47443485260009766,1.4065672159194946
0.7559536695480347,-0.6443995833396912,1.1367335319519043
0.5543220043182373,-0.48954489827156067,1.5239357948303223
0.13104389607906342,0.12691164016723633,0.8561069369316101
0.46282562613487244,-0.6908677816390991,0.8352195620536804
0.6857906579971313,-0.4602060317993164,1.1698516607284546
0.7345178127288818,0.0697035938501358,1.2731778621673584
0.44537627696990967,0.03706008940935135,1.4290995597839355
0.6329401731491089,0.25491082668304443,0.878665566444397
0.39472782611846924,-0.18901437520980835,0.8293704986572266
0.09265459328889847,0.13354255259037018,0.776494562625885
0.648853063583374,0.04969843849539757,0.840196967124939
1.2545139789581299,-0.5119372010231018,1.270788311958313
0.4278501570224762,0.16088007390499115,1.2552833557128906
0.9678072929382324,-0.058296892791986465,0.8522031903266907
0.7096123695373535,-0.40473997592926025,1.059626579284668
1.2369266748428345,0.0700404942035675,1.2098673582077026
0.6896983981132507,-0.5121297836303711,1.0199451446533203
0.6073380708694458,0.16810475289821625,1.3570976257324219
1.050980567932129,0.4430277347564697,0.9756240248680115
0.4206673502922058,-0.758661687374115,1.0433013439178467
1.1133981943130493,-0.6537706851959229,1.1085084676742554
1.1542383432388306,-0.10565691441297531,1.012343406677246
0.5553337335586548,0.03528447449207306,1.0192341804504395
0.7455512881278992,-0.6853224635124207,0.7403544187545776
0.9658883213996887,-0.19521985948085785,1.510477900505066
1.365525484085083,-0.2860358953475952,1.2023061513900757
1.521888256072998,-0.5123537182807922,0.7492697238922119
0.3489617705345154,-0.039757952094078064,1.2229918241500854
0.5190770626068115,-0.5193830728530884,0.8740582466125488
0.8972746729850769,-0.358694851398468,1.5778534412384033
0.8810988664627075,0.050224386155605316,1.3943421840667725
0.6214846968650818,0.19513410329818726,1.3018224239349365
0.6632177829742432,-0.8228961825370789,0.7662482261657715
1.1063131093978882,0.2883569002151489,0.8916465044021606
0.8240485191345215,0.18430885672569275,1.240626573562622
0.41401466727256775,-0.07902694493532181,1.5024290084838867
0.3186303377151489,0.10708490759134293,1.3721823692321777
1.1794214248657227,-0.4752088189125061,1.268873929977417
0.20722903311252594,-0.615994393825531,1.1109856367111206
0.41965141892433167,-0.017679359763860703,1.4513059854507446
0.43192481994628906,-0.36712533235549927,1.0376720428466797
0.8767686486244202,-0.611566960811615,0.4477405250072479
1.0252115726470947,0.21758869290351868,1.4221822023391724
0.18147417902946472,-0.5286953449249268,0.8216561079025269
0.5865236520767212,-0.7731688022613525,1.208552598953247
1.1052355766296387,-0.9412463903427124,0.7236471176147461
0.4504202604293823,-0.4519447982311249,1.2579877376556396
1.5091164112091064,-0.5693036317825317,0.785187840461731
1.2711551189422607,-0.2194215953350067,1.0672603845596313
1.3645035028457642,-0.0033174753189086914,1.027305006980896
0.7977033853530884,0.033967189490795135,1.3173086643218994
0.7655109167098999,-0.3411422669887543,1.1823729276657104
1.0096005201339722,-0.17016778886318207,1.27106511592865
0.33658987283706665,-0.18554557859897614,1.4319522380828857
0.39929696917533875,-0.938365638256073,0.841651201248169
1.0836999416351318,0.11335104703903198,0.9313181638717651
0.4415555000305176,-0.3634575605392456,0.9302182197570801
1.2457269430160522,-0.43910592794418335,0.7471039295196533
0.504242479801178,-0.4615428149700165,0.8193212747573853
0.7461681365966797,-0.6881235837936401,0.5984104871749878
0.6677972674369812,0.010837551206350327,1.2699720859527588
0.6963706612586975,0.29118067026138306,0.8012239933013916
0.7172236442565918,-0.8305288553237915,0.8136689066886902
0.6686668395996094,-0.5110396146774292,0.8567412495613098
0.5541313290596008,-0.20810621976852417,1.3438866138458252
0.8602179288864136,-0.7462928891181946,1.3886594772338867
0.5842037796974182,-0.42697322368621826,1.5569853782653809
0.681384265422821,-0.7627742290496826,0.8624772429466248
1.063209056854248,-0.17538058757781982,1.4088715314865112
0.38063663244247437,-0.34166258573532104,1.3653424978256226
0.16948294639587402,-0.1759967803955078,0.9622349739074707
0.755817174911499,0.03562299907207489,1.31402587890625
0.7739089727401733,-0.3330942988395691,1.5673667192459106
0.8287028074264526,-0.9824853539466858,1.125997543334961
0.5066627264022827,-0.7673947215080261,1.3402642011642456
0.6641053557395935,-0.6949651837348938,1.115520715713501
0.977897584438324,0.3503515124320984,0.9563133716583252
0.19400344789028168,0.22618389129638672,1.0327348709106445
0.8914947509765625,-0.7125023007392883,1.1810975074768066
0.9912238121032715,-0.49802273511886597,1.4802796840667725
1.2867276668548584,-0.34825336933135986,1.4466187953948975
0.44889193773269653,0.35471251606941223,1.1647382974624634
0.5113257765769958,0.2049364596605301,0.756635308265686
0.9296410083770752,-0.20493119955062866,1.5752222537994385
0.7371189594268799,0.25639161467552185,0.9182643294334412
1.0568394660949707,-0.5110249519348145,1.3570022583007812
0.8622673153877258,-0.7450220584869385,0.7884856462478638
1.114547610282898,0.19066475331783295,1.2412288188934326
1.370736837387085,-0.27642157673835754,1.1214252710342407
0.5880005359649658,0.2364560067653656,1.1346856355667114
1.5205492973327637,-0.566699743270874,0.7861374020576477
1.344679355621338,0.15514490008354187,0.8885940313339233
0.9226022958755493,-0.45874160528182983,1.4238907098770142
1.2785981893539429,0.03738580644130707,0.9443921446800232
0.7588658928871155,-0.14473344385623932,1.5801339149475098
0.6563675403594971,-0.7997328639030457,0.6791549324989319
0.45754891633987427,-0.17874595522880554,1.1580266952514648
0.6835391521453857,-0.7555633187294006,1.0368316173553467
0.6206400990486145,0.16152000427246094,0.8981203436851501
1.040795087814331,-0.8649609088897705,0.7190701961517334
0.37471067905426025,-0.003918252885341644,1.178853154182434
1.1752129793167114,-0.00174037367105484,1.0201722383499146
1.3066749572753906,-0.6381626725196838,0.5037769079208374
0.7740913033485413,-0.8580284714698792,1.3413764238357544
0.5141429901123047,-0.1531463861465454,1.1052155494689941
0.8737781047821045,-0.7724793553352356,1.2448335886001587
1.4511322975158691,-0.1438557505607605,1.0518640279769897
0.6597453951835632,-0.16978858411312103,1.570319414138794
0.592343270778656,-0.010299734771251678,1.0492570400238037
0.33644044399261475,-0.3103366196155548,1.3947844505310059
0.24717463552951813,-0.4694291353225708,1.0841187238693237
0.8249808549880981,-0.4680977165699005,1.5655349493026733
0.9467514753341675,-0.9028716087341309,1.1835672855377197
1.0845527648925781,-0.6978427171707153,0.4457302391529083
0.17948482930660248,-0.021445564925670624,0.9093038439750671
0.7069898843765259,-0.6638809442520142,1.0603238344192505
1.1215574741363525,-0.34231439232826233,0.7134577631950378
0.7723363041877747,0.41352859139442444,1.0294086933135986
0.896135151386261,0.002966456115245819,0.9742798805236816
0.5970762372016907,-0.18602871894836426,1.334463357925415
0.8523442149162292,-0.49296751618385315,0.9940993189811707
0.23852501809597015,-0.4216042459011078,0.9092833995819092
0.6295558214187622,-0.599793016910553,1.3592151403427124
0.4649445116519928,-0.7409902215003967,0.7378113269805908
0.6493721008300781,0.2148163914680481,0.8370461463928223
0.5290827751159668,0.07709462195634842,0.8774592876434326
0.8161744475364685,0.12509685754776,0.9638626575469971
0.3566518723964691,-0.12922757863998413,1.3318812847137451
1.4600775241851807,0.16145411133766174,0.7386167645454407
0.9110091924667358,-0.6113417148590088,1.3711810111999512
0.6585094332695007,-0.6436905860900879,1.314205527305603
0.5755137205123901,-0.7313694357872009,1.1432018280029297
0.3450705409049988,-0.4429115056991577,0.7601958513259888
0.3789244294166565,-0.26302093267440796,0.9508008360862732
0.34084898233413696,0.038583144545555115,1.1614298820495605
0.5919180512428284,0.45945364236831665,1.1778517961502075
0.9766071438789368,-0.8176882863044739,1.0559475421905518
1.1404292583465576,-0.15685515105724335,0.7916530966758728
1.1600035429000854,0.444862425327301,1.0167375802993774
0.9188259840011597,0.006024643778800964,1.4857934713363647
0.38132262229919434,-0.07181700319051743,1.060384750366211
1.2302402257919312,-0.3087230920791626,0.6240234375
1.1622028350830078,-0.16497455537319183,1.198960781097412
0.4034261405467987,0.0912797823548317,1.3043601512908936
1.4724417924880981,-0.5297228097915649,1.0279815196990967
0.5693902969360352,-0.017934054136276245,1.472194790840149
1.231762409210205,-0.18639618158340454,1.3369555473327637
0.4626718759536743,-0.443015456199646,1.017781376838684
0.9524190425872803,-0.8105969429016113,0.642038106918335
0.6603435277938843,-0.30928874015808105,1.2404428720474243
1.0889232158660889,-0.45115217566490173,1.3502124547958374
0.5983774065971375,-0.6939263939857483,0.9240052700042725
1.064339518547058,-0.019931036978960037,1.5004606246948242
0.9090064167976379,0.46954819560050964,0.9053158760070801
0.5940049290657043,-0.8596047163009644,0.9523661136627197
1.0642393827438354,-0.6876254081726074,1.3047564029693604
1.1352553367614746,0.18719682097434998,0.6801756620407104
0.9347672462463379,-0.4630494713783264,0.9796803593635559
0.5727440118789673,0.3045904040336609,0.9565589427947998
0.7575414776802063,0.10307810455560684,1.528176188468933
0.6147809624671936,-0.7886213064193726,0.9400612711906433
0.35310110449790955,-0.01476067304611206,1.219242811203003
0.3885654807090759,0.176133930683136,1.2551884651184082
0.23176845908164978,0.21649499237537384,1.1937963962554932
0.36722883582115173,-0.4488420784473419,1.1828553676605225
0.49480733275413513,0.22102110087871552,1.0027134418487549
0.29234305024147034,-0.44403380155563354,1.1330190896987915
0.5101310014724731,-0.7148659229278564,0.39362961053848267
1.2194751501083374,-0.3088127374649048,0.6413248777389526
1.146439552307129,0.1189400777220726,1.364000678062439
1.293731451034546,-0.30464136600494385,0.6142817735671997
0.45727235078811646,-0.5279746055603027,1.0174856185913086
0.5569129586219788,-0.5339438915252686,1.506920337677002
1.4036545753479004,0.22331248223781586,0.8953496813774109
0.4360195994377136,0.13969799876213074,1.3087385892868042
0.9694856405258179,0.07586604356765747,1.1509573459625244
0.5104238986968994,-0.34433963894844055,1.1400924921035767
0.5084563493728638,-0.4551536440849304,1.2583832740783691
0.8261545896530151,-0.2024725079536438,1.2649405002593994
0.5223953127861023,-0.04888831451535225,1.2076505422592163
0.4444640278816223,-0.01835472136735916,0.8777980804443359
0.7205320596694946,-0.8199415802955627,1.1672035455703735
0.9254502058029175,0.047597505152225494,0.8840434551239014
1.1017342805862427,-0.12402993440628052,1.351532220840454
0.3382927179336548,0.15942831337451935,1.303494930267334
0.34832972288131714,-0.23886989057064056,1.3316984176635742
0.019089072942733765,-0.36990201473236084,0.7748937606811523
0.39337676763534546,-0.7259105443954468,0.8996086716651917
0.6746211051940918,-0.9598169326782227,1.1895931959152222
0.8052611351013184,-0.02302449941635132,1.2448432445526123
0.3720351457595825,-0.260886549949646,1.3434085845947266
0.5098171830177307,-0.32975947856903076,1.0776444673538208
0.9491042494773865,-0.7020248174667358,1.111465334892273
0.7686836123466492,0.0794830396771431,1.5059046745300293
1.0816292762756348,-0.6540568470954895,1.3607286214828491
0.9832485914230347,-0.9255346059799194,1.0549025535583496
0.5339118242263794,-0.3000582158565521,1.262427806854248
0.6607831716537476,0.1513177752494812,1.0113041400909424
0.5504352450370789,-0.4704841077327728,0.8289989233016968
0.7847550511360168,-0.022830499336123466,1.5632469654083252
0.5770095586776733,-0.2641719877719879,1.540244460105896
0.9978952407836914,-0.07121340930461884,1.2470813989639282
0.5228627920150757,0.12397679686546326,1.3704277276992798
0.5563240647315979,-0.4150988757610321,0.7852803468704224
0.6506561636924744,0.029671669006347656,1.469522476196289
0.7357709407806396,-0.7985177636146545,1.095542073249817
0.13069884479045868,-0.1873496174812317,1.2427279949188232
0.19500142335891724,0.13447386026382446,0.8598319292068481
0.28738293051719666,0.01785913109779358,1.175323724746704
0.38761237263679504,-0.33800816535949707,1.0488221645355225
1.3403302431106567,-0.7792943716049194,1.0682108402252197
0.2674919664859772,0.1878197193145752,1.2154090404510498
0.8556235432624817,-0.8037139177322388,1.3777825832366943
0.8962287306785583,-0.959235429763794,1.1608624458312988
0.9263037443161011,-0.03557272255420685,1.4825496673583984
1.1377969980239868,-0.24962039291858673,0.9956564903259277
0.21788856387138367,-0.22987034916877747,1.0658178329467773
1.1054152250289917,-0.4167470335960388,0.7655782103538513
0.9565703272819519,0.1828508973121643,1.4655530452728271
0.8683732748031616,-0.41401541233062744,1.3157358169555664
1.0204215049743652,-0.5999794602394104,1.4567816257476807
0.7917245030403137,-0.5028382539749146,1.0694785118103027
0.36486631631851196,0.09358516335487366,0.956405758857727
0.5209171175956726,-0.9049438834190369,0.6268624663352966
1.3060942888259888,0.11992805451154709,1.0817216634750366
0.5195596814155579,-0.6860869526863098,1.0431644916534424
0.5653024911880493,0.276786208152771,1.2211837768554688
1.0485703945159912,-0.2779420018196106,1.2570364475250244
0.42336806654930115,-0.7490760087966919,0.7722277045249939
1.1623961925506592,-0.2170843631029129,1.4938185214996338
0.3794829249382019,-0.903290331363678,0.7490128874778748
0.513803243637085,-0.06501816213130951,1.5215721130371094
0.5045595169067383,-0.09214465320110321,1.0640860795974731
0.23225145041942596,-0.10656340420246124,0.8634541034698486
0.38077497482299805,0.10272148996591568,1.0014827251434326
0.8979967832565308,0.03505971282720566,1.3773406744003296
0.3513002097606659,-0.08669327199459076,1.0775336027145386
1.1053986549377441,-0.6144593954086304,0.7664291262626648
0.08286122232675552,-0.5779893398284912,0.7817957401275635
1.079442024230957,-0.050479449331760406,0.8940850496292114
1.3786931037902832,0.05398484319448471,0.8450640439987183
1.157719373703003,-0.5970738530158997,0.9033799171447754
0.0656425803899765,-0.20249323546886444,0.9640393257141113
0.6067197322845459,-0.4228889048099518,1.2125368118286133
0.8299587965011597,0.20100140571594238,0.7840958833694458
0.5674797892570496,-0.1255256086587906,1.144936203956604
0.8944823145866394,0.0853072926402092,1.5269145965576172
1.0334054231643677,-0.528913140296936,0.8010882139205933
0.4884966313838959,0.1433931291103363,1.1467220783233643
0.6585218906402588,-0.005195170640945435,1.4733537435531616
1.1834238767623901,-0.09025678783655167,0.6738864183425903
1.149003028869629,0.08227667957544327,0.9226343035697937
1.1932625770568848,-0.4571390151977539,0.7897376418113708
0.9640980958938599,-0.13109219074249268,1.560264229774475
0.6134545207023621,0.06613586843013763,1.1818429231643677
1.3423655033111572,0.12097461521625519,0.9286168217658997
0.7362128496170044,0.014011837542057037,1.2435581684112549
0.6083945035934448,-0.3960438370704651,1.2669106721878052
1.2009527683258057,0.06647726148366928,1.4051845073699951
0.8494935035705566,0.14182718098163605,1.4219553470611572
0.96262127161026,-0.1295962929725647,1.2695473432540894
0.9777085781097412,0.0008125454187393188,1.0332638025283813
1.1821155548095703,-0.46359655261039734,1.0980360507965088
0.950757622718811,0.014066854491829872,0.9952342510223389
0.5661250352859497,-0.7257019281387329,1.2446708679199219
0.487815260887146,-0.5050011277198792,1.3094971179962158
0.5370264053344727,-0.008603441528975964,1.246405839920044
0.7210777401924133,-0.8115568161010742,0.7208178043365479
0.037680987268686295,-0.26270174980163574,0.834536075592041
0.6472102999687195,-0.6061581969261169,1.4469823837280273
0.21525217592716217,-0.7699323892593384,0.72120201587677
0.577429473400116,-0.4315706491470337,1.1263765096664429
0.6126827001571655,0.47128358483314514,1.1382300853729248
0.8317298889160156,-0.6275701522827148,0.9529126882553101
1.076120138168335,0.14815790951251984,1.2999722957611084
0.5464993715286255,-0.378925621509552,1.4813005924224854
0.6873190999031067,0.3231980800628662,1.0503267049789429
0.7814874053001404,-0.8411278128623962,0.9735439419746399
0.4999442398548126,-0.09765072911977768,1.238317847251892
0.16931548714637756,-0.4606521427631378,0.8471702337265015
0.60030597448349,-0.23413734138011932,1.5450299978256226
0.47638654708862305,-0.6292398571968079,1.4377974271774292
0.6511127948760986,-0.5931087136268616,1.433821439743042
0.8929239511489868,-0.41792652010917664,1.5573269128799438
0.3695182800292969,-0.6142144799232483,0.9492283463478088
0.6277511119842529,0.052718158811330795,0.7678253054618835
0.462496817111969,-0.3110848665237427,1.2360442876815796
0.26207613945007324,-0.7690944075584412,0.7530360221862793
0.516895055770874,0.08628383278846741,1.4425665140151978
0.6469901204109192,-0.5854435563087463,1.4659204483032227
0.35532331466674805,0.07265590131282806,1.0388004779815674
0.23432737588882446,-0.3138605058193207,0.8901029825210571
1.1881742477416992,-0.616314709186554,1.3103891611099243
0.6243665218353271,-1.0140877962112427,0.8031288981437683
0.9866933822631836,-0.1954454779624939,0.8284405469894409
0.8895390033721924,0.21096839010715485,1.3025964498519897
0.17002949118614197,0.0767754316329956,1.2371424436569214
0.5006852746009827,-0.7056267261505127,1.3347837924957275
0.6830965876579285,-0.2730983793735504,1.1659984588623047
1.3161990642547607,-0.305841863155365,0.6386200189590454
0.7605350017547607,-0.8012105226516724,0.9705948233604431
0.694628894329071,-0.07551338523626328,1.5662857294082642
0.8262339234352112,-0.030045725405216217,1.292630910873413
1.1315336227416992,-0.08481425046920776,0.8153082132339478
0.6025871634483337,-0.4746094346046448,1.375139832496643
0.1591198444366455,-0.2996363043785095,1.104833722114563
1.0198827981948853,-0.6024714112281799,0.9214180707931519
0.2570750117301941,0.022974640130996704,1.1977273225784302
0.41629233956336975,-0.14236271381378174,1.3419139385223389
0.538649320602417,-0.5675704479217529,0.8615635633468628
0.575577437877655,0.3635980784893036,1.2593586444854736
1.1687790155410767,0.32348665595054626,1.2605171203613281
0.7512316107749939,-0.8060919046401978,0.8682405948638916
1.5267276763916016,-0.19568021595478058,0.5941932201385498
1.398539423942566,0.25877124071121216,0.9343816041946411
0.4728763699531555,-0.5965121388435364,1.0007292032241821
0.5047022104263306,0.1082860454916954,1.1994277238845825
1.2353360652923584,-0.19945210218429565,0.7719857692718506
0.09809329360723495,-0.32139185070991516,1.2145226001739502
0.442087858915329,-0.6172338128089905,1.2736988067626953
0.4303029477596283,-0.4339057207107544,1.3775460720062256
0.26893946528434753,-0.3987428843975067,0.8456616997718811
0.6699007749557495,-0.05739571154117584,1.3355231285095215
0.8954719305038452,-0.8313441276550293,0.6339918971061707
0.3680838346481323,-0.4870002269744873,1.2316575050354004
0.7791595458984375,-0.20121453702449799,1.2174116373062134
1.0542738437652588,-0.5624091029167175,0.9757472276687622
0.5397777557373047,-0.4787842631340027,1.429207682609558
0.729924738407135,-1.0240854024887085,1.005315899848938
0.6638609170913696,0.19213703274726868,1.1864653825759888
1.0918771028518677,-0.004324465990066528,0.9266998767852783
0.37396255135536194,0.03608887642621994,0.8651105165481567
0.6740135550498962,0.14938396215438843,1.2653616666793823
0.11386552453041077,-0.29610854387283325,0.8906826376914978
0.8631700873374939,-0.18104007840156555,1.5674957036972046
0.7160776257514954,-0.7486129403114319,0.863701581954956
0.2584037482738495,-0.3591495752334595,1.1257805824279785
0.3187711238861084,-0.6350162029266357,0.9532299637794495
0.9624398946762085,-0.7003225088119507,0.9726293087005615
0.4630208909511566,-0.3761608898639679,1.083021879196167
0.34164583683013916,-0.3847632110118866,1.235592246055603
1.0078274011611938,-0.680414080619812,1.1963262557983398
0.9522937536239624,0.1790338009595871,0.8991836309432983
0.8137351274490356,0.05444410443305969,1.2530440092086792
0.5401559472084045,-0.3013843595981598,1.0593817234039307
0.9688293933868408,-0.5027545094490051,1.160888910293579
0.21001379191875458,-0.08187492191791534,1.1994248628616333
1.1889762878417969,-0.19472643733024597,1.4531631469726562
1.0611234903335571,-0.2506537139415741,1.4803154468536377
0.40551939606666565,0.3499683439731598,1.18339204788208
0.8688471913337708,0.1262749582529068,1.4122391939163208
1.0957167148590088,-0.16825082898139954,1.350778579711914
0.48073655366897583,-0.06673169136047363,0.9586857557296753
0.21298576891422272,-0.6910537481307983,0.827745258808136
1.196579098701477,-0.4261440634727478,0.7105789184570312
1.0832897424697876,-0.5349865555763245,1.370382308959961
0.7405819892883301,-0.3942510187625885,1.4586942195892334
0.1810620129108429,-0.6761994957923889,0.8293941020965576
0.4934421181678772,0.2324717938899994,1.1815999746322632
0.9075260162353516,-0.05182325094938278,1.5541698932647705
0.8402968645095825,-0.810329020023346,1.1027426719665527
1.374943494796753,-0.28513723611831665,1.1407649517059326
0.8989155292510986,-0.9640710949897766,1.0138436555862427
0.6527577638626099,-0.2592325508594513,1.394319772720337
0.33836203813552856,-0.12222804874181747,1.3688431978225708
1.1404151916503906,-0.04115770757198334,1.4008816480636597
1.1348028182983398,0.07070620357990265,1.2493699789047241
0.32867708802223206,-0.08999420702457428,1.4440099000930786
0.890923798084259,-0.8455200791358948,1.1478822231292725
1.050471305847168,-0.5304003357887268,0.9703414440155029
0.5742172598838806,0.16499245166778564,0.9753060340881348
0.8905398845672607,0.3263818323612213,1.3062525987625122
0.5616437196731567,-0.6814365386962891,0.8825303316116333
0.28229933977127075,-0.5716217160224915,1.3529729843139648
0.5923483371734619,0.3935045599937439,0.8600997924804688
0.06319461762905121,-0.5738323926925659,0.8701795339584351
0.5762823224067688,0.1388268768787384,1.2394509315490723
1.2741261720657349,0.24584847688674927,0.9035894870758057
0.3426608443260193,-0.1989257037639618,1.2810797691345215
0.5680989623069763,-0.42924702167510986,1.3304924964904785
0.644591212272644,-0.26070988178253174,1.5726741552352905
0.1482083648443222,0.08419881016016006,0.8162466883659363
1.043458104133606,0.15573853254318237,1.3977489471435547
0.5982352495193481,-0.7763717174530029,1.1022937297821045
0.42275556921958923,-0.37547850608825684,1.4682295322418213
0.23879018425941467,-0.13017244637012482,0.8887356519699097
0.6646096706390381,0.32031548023223877,1.1030035018920898
0.8086085319519043,0.298243910074234,1.4139419794082642
0.8008044362068176,-0.9511886835098267,1.1932207345962524
0.47428616881370544,-0.22407688200473785,1.0709022283554077
1.412232518196106,0.09405995905399323,1.1395267248153687
0.6454072594642639,0.11531776189804077,1.2873743772506714
0.6889468431472778,0.07013613730669022,1.0585598945617676
1.4325226545333862,-0.627395510673523,0.7682564854621887
1.0434064865112305,0.07927955687046051,1.008980631828308
0.5815311670303345,-0.01089484617114067,1.32107675075531
0.968748152256012,-0.6145040988922119,1.489404320716858
0.6724655628204346,0.019972238689661026,1.4728423357009888
0.15357956290245056,0.2279960662126541,0.7848577499389648
0.5235543847084045,-0.6193092465400696,1.0985411405563354
0.622138261795044,0.13512757420539856,1.1593670845031738
0.5109899044036865,-0.02249780297279358,1.1663720607757568
0.9818868041038513,-0.5791335701942444,0.9688040614128113
0.7858942151069641,-0.6718922257423401,0.7426760196685791
0.6942881941795349,-0.6752174496650696,1.0512315034866333
0.39871945977211,-0.023105168715119362,1.486770749092102
0.4476282596588135,-0.23652558028697968,1.1612708568572998
0.5857526659965515,-0.04063573107123375,1.5138726234436035
0.9611017107963562,-0.2990942597389221,1.1107662916183472
1.0751601457595825,0.19022272527217865,0.7866719365119934
0.8037883043289185,-0.6460103988647461,0.8370168805122375
1.0643235445022583,0.2686293125152588,1.3605393171310425
1.2112834453582764,-0.16355475783348083,0.9042948484420776
0.11165700852870941,-0.6698482632637024,0.9135820269584656
1.2274823188781738,-0.541528582572937,0.8422520756721497
0.5549187064170837,-0.597306489944458,1.3142569065093994
0.8766776919364929,-0.866269588470459,0.8703075051307678
1.0196146965026855,-0.7427517175674438,0.7256242036819458
0.6779354214668274,-0.6237006187438965,1.4280105829238892
0.5035254955291748,-0.6247429847717285,0.884497880935669
0.6333338022232056,-0.13035283982753754,1.145806074142456
1.2053337097167969,-0.45808660984039307,1.4370473623275757
0.3452483117580414,0.09076347947120667,1.211302399635315
1.0049117803573608,0.07224294543266296,0.8795174360275269
0.7647603154182434,-0.593173623085022,1.3958606719970703
1.0236214399337769,-0.09953584522008896,1.311989665031433
0.35230082273483276,-0.8738765120506287,0.7344582080841064
0.8220959901809692,0.021649926900863647,1.519119381904602
0.6584140062332153,-0.5036293268203735,1.4012134075164795
0.8825937509536743,-0.15359719097614288,1.2802250385284424
0.5944211483001709,-0.5471943020820618,1.2356199026107788
0.35553231835365295,-0.19292649626731873,0.7559252381324768
0.46552160382270813,0.262834370136261,1.2233943939208984
0.33101755380630493,-0.09198664128780365,1.4466198682785034
1.093079924583435,0.4313710331916809,1.0710716247558594
0.46331050992012024,-0.266496866941452,0.8081102967262268
1.172519564628601,-0.13102152943611145,1.0938215255737305
1.1019819974899292,0.2345443069934845,1.1949542760849
0.620987057685852,-0.6251862645149231,1.097067952156067
1.160393238067627,0.2759043872356415,1.3110575675964355
0.45113176107406616,-0.1364952027797699,0.8262470364570618
0.606856644153595,-0.7483643293380737,1.1989786624908447
0.4204535484313965,-0.2793619930744171,1.523403286933899
0.46308672428131104,-0.6985670328140259,1.0476269721984863
1.0923458337783813,0.22894053161144257,1.1366901397705078
1.183650255203247,-0.6139329671859741,0.9422820210456848
1.1669858694076538,-0.26452627778053284,1.2476730346679688
0.38647329807281494,-0.4241395592689514,1.472785472869873
0.26017868518829346,-0.023644044995307922,1.0145156383514404
0.25077345967292786,-0.2572936713695526,1.343970537185669
0.6784429550170898,-0.47450506687164307,1.510642409324646
0.23720195889472961,0.035040244460105896,1.2742811441421509
0.35138076543807983,-0.2615947127342224,1.052113652229309
0.8963636159896851,-0.8425945043563843,0.772822916507721
0.9011212587356567,-0.6745010018348694,0.5411359071731567
1.0853080749511719,-0.08588096499443054,1.4393635988235474
0.48689424991607666,-0.3371809124946594,1.0959534645080566
0.8327094316482544,-0.6919782757759094,0.8293047547340393
1.1220983266830444,-0.6366713643074036,1.0966544151306152
0.319321870803833,0.1593782603740692,1.1621326208114624
0.2632300853729248,-0.4201689660549164,1.1223543882369995
0.48365646600723267,0.037987686693668365,1.279353141784668
1.2438092231750488,-0.4271039664745331,0.6326451301574707
0.6305992603302002,0.021233372390270233,1.0234324932098389
0.9471247792243958,0.10107352584600449,0.978670597076416
0.5342689752578735,-0.4489012360572815,1.5289324522018433
0.4989512264728546,0.039725229144096375,0.9835289716720581
0.18998342752456665,-0.44657087326049805,1.1732910871505737
0.433255136013031,-0.04121618717908859,1.1489794254302979
0.13268744945526123,-0.34754836559295654,1.2506370544433594
0.30132216215133667,-0.2615969777107239,1.0904463529586792
0.6420355439186096,-0.7551717162132263,1.2466208934783936
0.5319859981536865,-0.45750802755355835,0.9322909116744995
0.7573232650756836,-0.8490341901779175,0.8521072864532471
1.0083402395248413,0.3827056884765625,1.0110571384429932
0.7155733108520508,0.2803727686405182,1.1419581174850464
0.2305494248867035,-0.3399641215801239,1.1248197555541992
0.6455982327461243,-0.5238035321235657,0.8741837739944458
1.2282401323318481,0.3467583656311035,1.0362703800201416
0.581414520740509,-0.4408821165561676,0.8029240965843201
1.1062625646591187,-0.7199805974960327,1.1819478273391724
0.7167914509773254,-0.5995398759841919,0.8059719800949097
1.1342403888702393,-0.16241727769374847,1.4340198040008545
1.3112177848815918,-0.4247417747974396,1.2046587467193604
1.3430554866790771,-0.29627060890197754,1.121441125869751
1.439986228942871,-0.1339782327413559,0.7320705056190491
1.0607291460037231,-0.4377337396144867,1.4355334043502808
0.7150297164916992,-0.5250648260116577,1.4917141199111938
0.4168832004070282,-0.025880638509988785,1.4773240089416504
0.6836782097816467,0.24235621094703674,0.8307924270629883
0.5872212648391724,0.07232891768217087,0.7896378040313721
0.5907759666442871,-0.6209535002708435,0.9630470871925354
1.2064398527145386,0.1825704425573349,1.3676213026046753
0.4639267921447754,0.049232564866542816,0.931775689125061
1.031829595565796,0.17185023427009583,1.2854816913604736
0.6005302667617798,-0.1461023986339569,1.5687100887298584
0.32808488607406616,-0.2920449376106262,1.352317214012146
1.0291465520858765,-0.753654956817627,1.2485944032669067
0.35405516624450684,-0.49091196060180664,0.8534351587295532
1.0970103740692139,-0.18074995279312134,1.5167092084884644
0.36414647102355957,-0.04200565814971924,1.3366621732711792
0.7186530828475952,-0.641987681388855,1.1244497299194336
0.7967648506164551,-0.14253616333007812,1.3131463527679443
0.2241974174976349,-0.615150511264801,0.9307919144630432
0.9754675030708313,-0.6937497854232788,0.5644466876983643
0.3578563332557678,-0.039669618010520935,1.150678277015686
0.6508240699768066,-0.7355639338493347,0.721920371055603
0.5826088190078735,-0.0937155932188034,1.3459107875823975
0.42257460951805115,-0.2776116132736206,1.4647741317749023
1.020122766494751,0.11875584721565247,1.2587363719940186
0.32213810086250305,-0.3252773582935333,0.8749666213989258
0.6015552878379822,-0.7504163980484009,0.9794532060623169
0.9730024337768555,-0.15588709712028503,1.2822881937026978
0.7559449672698975,0.24177099764347076,1.1201457977294922
0.6241059303283691,-0.17430880665779114,1.3748912811279297
0.5041837096214294,0.30923086404800415,0.99156254529953
0.42706379294395447,-0.32154396176338196,1.513943076133728
0.2275528758764267,0.13169386982917786,0.9579257965087891
0.8271461725234985,0.23803207278251648,1.4546964168548584
0.11234953999519348,-0.14319691061973572,0.9733368158340454
1.285764455795288,0.045357927680015564,1.2715232372283936
0.5904512405395508,0.01293734461069107,1.0292725563049316
0.8430777788162231,0.4035833477973938,0.8304637670516968
0.4161985516548157,-0.7607760429382324,0.8167890310287476
1.2075138092041016,-0.17126911878585815,1.4509913921356201
0.556628406047821,0.34259289503097534,1.2388602495193481
0.7842220067977905,0.3494913578033447,0.8477638959884644
0.735506534576416,-0.1946510672569275,1.432448387145996
0.6056180000305176,0.45823439955711365,0.7615166902542114
0.20055124163627625,-0.04882270097732544,1.272778868675232
0.9154728651046753,-0.022919349372386932,1.3362523317337036
0.9018674492835999,0.04137352854013443,1.4693858623504639
1.0884151458740234,-0.6794891953468323,1.3837765455245972
1.203167200088501,-0.6914993524551392,0.5208114385604858
1.2138601541519165,0.2010205090045929,0.7409228086471558
0.8076094388961792,-0.671502411365509,0.9043663740158081
0.3927554786205292,-0.3291638493537903,1.0505633354187012
0.3106478750705719,0.045749481767416,1.2277084589004517
0.10973752290010452,-0.6629197001457214,0.9053577184677124
0.9382903575897217,-0.8550359606742859,0.8180261254310608
1.1474907398223877,-0.20306062698364258,1.4873771667480469
0.24737697839736938,-0.3407878279685974,1.2829444408416748
1.3294881582260132,-0.0961826965212822,1.264031171798706
1.3020753860473633,-0.28815317153930664,0.5748960971832275
1.1799805164337158,-0.20225059986114502,0.9380035400390625
0.6809437274932861,-0.10107969492673874,1.3885746002197266
0.742760181427002,-0.14090576767921448,1.5779832601547241
0.8585625886917114,-0.7223464250564575,1.1288138628005981
0.5626113414764404,-0.0463528037071228,1.1191956996917725
0.8543279767036438,-0.5255177021026611,1.2663682699203491
0.08120492845773697,-0.37010324001312256,0.9774965047836304
0.7067803144454956,0.04097495600581169,1.2711517810821533
1.0626320838928223,0.07986323535442352,1.4938308000564575
1.0115679502487183,-0.24874691665172577,1.267863392829895
0.7496957778930664,-0.6086241006851196,0.7427882552146912
0.4703449308872223,-0.23478963971138,0.8246462345123291
0.508612871170044,0.439111590385437,0.8397232294082642
0.5963041186332703,-0.38988327980041504,0.7817977666854858
0.4337649941444397,-0.1601203978061676,1.2967817783355713
0.26965558528900146,-0.309817373752594,1.3666061162948608
1.009400486946106,0.12425942718982697,1.4249483346939087
1.3259246349334717,-0.20101606845855713,1.3978180885314941
0.24720823764801025,-0.7004421353340149,1.1808726787567139
0.9635757207870483,-0.4790988266468048,1.2964088916778564
0.4009479284286499,-0.4631214141845703,0.7900717854499817
1.42549467086792,-0.4027427136898041,0.8093221187591553
0.2540254592895508,-0.12060180306434631,1.3959579467773438
0.3468075394630432,-0.22474610805511475,1.3262357711791992
1.4378535747528076,-0.2862544357776642,0.6651473045349121
1.0472393035888672,-0.12560603022575378,1.444556713104248
0.678352415561676,0.35043463110923767,1.2018331289291382
0.8077611327171326,0.06076914817094803,0.8340001702308655
0.8877599239349365,-0.668990433216095,1.3134559392929077
0.2853764593601227,-0.6007794141769409,1.126592755317688
0.6255984902381897,0.3902956545352936,0.9885186553001404
0.8914429545402527,-0.5969997644424438,1.3320919275283813
0.4736168682575226,-0.9803586006164551,0.8931771516799927
0.9210938215255737,-0.9221920967102051,0.9459206461906433
1.4101964235305786,-0.3104096055030823,1.156433343887329
0.6719684600830078,-0.5217413306236267,1.028510332107544
0.8437499403953552,-0.6078235507011414,1.4662981033325195
0.6518553495407104,0.09775116294622421,1.035123348236084
1.1669328212738037,-0.6648277044296265,0.4195234179496765
0.7860168814659119,-0.7232954502105713,1.068881630897522
0.9487209320068359,-0.29898956418037415,1.3946112394332886
0.5243386626243591,-0.5047996044158936,0.9693533182144165
0.5218140482902527,-0.5074352622032166,1.5050013065338135
0.9393750429153442,-0.3187098503112793,1.1010087728500366
1.4274611473083496,-0.3939025402069092,1.2406086921691895
0.5102229118347168,-0.3155072331428528,0.8063629269599915
0.5101884603500366,-0.08369194716215134,0.7825155854225159
1.5394649505615234,-0.3674659729003906,1.0870425701141357
0.9626210331916809,-0.4202595353126526,1.3534095287322998
1.1771221160888672,-0.05738956108689308,0.4532518982887268
1.1445393562316895,-0.37195760011672974,0.9481298923492432
0.3930942118167877,-0.22844888269901276,1.0509284734725952
0.44618475437164307,-0.23348595201969147,1.3448604345321655
0.6199925541877747,0.37234243750572205,1.0382304191589355
1.0397474765777588,-0.43266671895980835,0.9312945008277893
1.2943370342254639,-0.27657341957092285,0.9854838848114014
1.4241905212402344,-0.5364848375320435,1.219327449798584
0.17161032557487488,-0.4018649756908417,1.1577773094177246
0.5988674163818359,0.08677060902118683,0.7779342532157898
1.061396598815918,-0.10606945306062698,0.8552601933479309
0.46099114418029785,-0.018038872629404068,1.5047820806503296
0.8926507830619812,-0.20422355830669403,1.5476700067520142
1.2870674133300781,-0.15249818563461304,1.3422573804855347
0.4881439208984375,0.17027123272418976,1.2721641063690186
0.8093751072883606,-0.6118462085723877,1.3068302869796753
0.539641261100769,-0.6218215823173523,0.8094701766967773
0.25849729776382446,-0.20784015953540802,0.9909374713897705
0.38955453038215637,-0.22898222506046295,1.4596246480941772
0.49280327558517456,-0.35574063658714294,1.5210280418395996
1.0602164268493652,0.11269788444042206,0.8991737365722656
0.7239171266555786,0.11212525516748428,1.2021291255950928
0.162263885140419,-0.4949454665184021,0.9191371202468872
0.9502928853034973,0.4145180881023407,1.1699707508087158
1.172126054763794,-0.5690822601318359,0.870398223400116
0.3473530113697052,0.31394684314727783,0.8449801206588745
0.4196096658706665,-0.351205438375473,0.8285650014877319
1.2961746454238892,-0.8577232956886292,0.8159757852554321
0.45970186591148376,-0.2454356998205185,0.8529646396636963
1.142940878868103,-0.4312024712562561,0.9144511818885803
0.5324994325637817,-0.7900265455245972,0.44695737957954407
0.377807080745697,-0.25543612241744995,0.9576454162597656
1.4526004791259766,-0.5651403069496155,0.7247277498245239
1.0025163888931274,-0.3251250982284546,1.425254464149475
1.4806960821151733,-0.18142037093639374,1.1661242246627808
1.1886364221572876,-0.2147773653268814,0.9009338617324829
0.46814805269241333,0.13094735145568848,1.3368536233901978
1.138291835784912,-0.4993058741092682,0.9540278911590576
0.9424794912338257,-0.747892439365387,1.3194276094436646
0.6883390545845032,-0.7211927771568298,1.3905274868011475
1.0736136436462402,-0.28650885820388794,1.2135615348815918
0.9663532972335815,-0.6021943092346191,0.9795027375221252
1.0887744426727295,-0.35688936710357666,0.816520094871521
0.23563633859157562,-0.6154390573501587,0.9513137340545654
0.6904240846633911,0.1610681563615799,1.2324104309082031
1.0758169889450073,-0.26559996604919434,0.8096102476119995
0.22811707854270935,-0.3321842849254608,0.9754773378372192
0.8678275346755981,-0.4397869110107422,1.1154258251190186
0.8015194535255432,-0.449039101600647,0.8263238668441772
0.9173256754875183,0.05616752803325653,1.3987829685211182
0.7364134192466736,-0.2019743025302887,1.5512138605117798
1.087721586227417,-0.4564146101474762,1.0477466583251953
0.7262592315673828,0.3311823904514313,1.2899060249328613
0.8342043161392212,0.5509526133537292,0.8390476703643799
0.8919054269790649,-0.4457094669342041,1.4923712015151978
0.7570579051971436,-0.3210383653640747,1.3370622396469116
1.1834535598754883,-0.13819769024848938,1.051140308380127
0.6035857200622559,0.22439388930797577,1.2289066314697266
0.3850087523460388,0.0608668178319931,0.9723486304283142
0.17503607273101807,-0.62582927942276,1.1933619976043701
0.7138962745666504,-0.6250831484794617,1.2683576345443726
1.1928845643997192,-0.4325420558452606,0.6103823781013489
1.0020310878753662,-0.6954787969589233,0.485077828168869
1.1490809917449951,-0.37737542390823364,0.7207880616188049
0.6964172124862671,-0.5592594742774963,1.4126335382461548
0.9719019532203674,-0.3273954391479492,0.8709187507629395
0.4898189902305603,-0.4889011085033417,1.5030795335769653
0.5449962615966797,-0.6754292845726013,1.3163056373596191
0.6583415269851685,0.18287402391433716,1.0341507196426392
0.587648868560791,-0.7359294891357422,0.9932559728622437
1.2310600280761719,-0.375120609998703,0.7760762572288513
0.6265522241592407,-0.07998281717300415,1.5585076808929443
0.7456067800521851,-0.7114330530166626,1.2131683826446533
0.8469835519790649,-0.7987917065620422,1.0734875202178955
0.5048762559890747,0.10522836446762085,1.1160959005355835
0.373752236366272,-0.779800295829773,0.7326745986938477
1.000203013420105,0.23449844121932983,1.0338068008422852
1.288081169128418,-0.5247887372970581,0.767824113368988
0.7313710451126099,0.2710452079772949,0.9161714315414429
0.6895871162414551,-0.7509793639183044,1.066585898399353
0.7933265566825867,0.23003514111042023,1.210905909538269
0.31678783893585205,-0.5667116045951843,1.2648606300354004
1.4568809270858765,-0.6773800253868103,0.9249725341796875
1.5335267782211304,-0.1996074616909027,1.0195708274841309
0.5615995526313782,-0.42202287912368774,0.9090027809143066
0.6523757576942444,0.028607770800590515,1.5090986490249634
0.8340728282928467,-0.015995271503925323,1.211004376411438
0.9236239194869995,-0.2584769129753113,1.5456316471099854
0.7242016196250916,-0.004986368119716644,1.5391056537628174
1.1137179136276245,-0.29911717772483826,0.7916663885116577
0.2035696655511856,-0.11627966910600662,1.2029956579208374
0.3116631805896759,-0.3512537479400635,0.9185930490493774
0.5369359254837036,-0.7534126043319702,1.3196773529052734
1.0371264219284058,0.3498883843421936,1.312602162361145
0.8997610807418823,-0.2763541340827942,1.489151954650879
1.0910395383834839,-0.05060887336730957,0.9016298055648804
0.46298059821128845,-0.709285318851471,1.2264230251312256
1.0698179006576538,-0.2693365514278412,1.3674805164337158
1.184653401374817,-0.6617459058761597,0.7314563989639282
1.2706732749938965,-0.049854908138513565,0.7945283651351929
0.6258284449577332,-0.6451006531715393,0.8961057662963867
1.221364140510559,0.37528687715530396,1.1289739608764648
0.5315932631492615,-0.399318128824234,1.1104551553726196
0.7011880874633789,-0.12080039083957672,1.4111567735671997
1.1314764022827148,-0.10575409233570099,0.956391453742981
0.11772770434617996,-0.39803946018218994,0.9697250127792358
0.7077391743659973,-0.7979913353919983,1.0854549407958984
0.6272277235984802,-0.3772592544555664,1.1688289642333984
0.4005220830440521,0.3446276783943176,1.1106007099151611
0.4501919150352478,0.0645245686173439,1.3035337924957275
0.5927126407623291,-0.5112304091453552,1.5370004177093506
0.6256693601608276,-0.02411661297082901,1.4127556085586548
0.8484527468681335,-0.509445309638977,1.4378547668457031
1.2878541946411133,-0.0008293688297271729,0.6303391456604004
0.6945010423660278,-0.7520103454589844,1.29859459400177
0.5850311517715454,-0.3225052058696747,1.471726894378662
0.782335638999939,-0.06379731744527817,1.192204236984253
1.539538025856018,-0.18997910618782043,1.090515375137329
0.3189150393009186,-0.23452676832675934,1.2733547687530518
0.9746140837669373,-0.8302054405212402,1.273672103881836
0.4109661877155304,-0.3709107041358948,1.08811354637146
0.6594624519348145,0.22713913023471832,1.4543113708496094
0.2385876327753067,0.2980794906616211,0.924617350101471
0.5823787450790405,-0.745750904083252,1.354917287826538
0.11143491417169571,-0.5030547380447388,1.158692717552185
0.6258535981178284,-0.30561351776123047,1.1945741176605225
0.3735615313053131,-0.3536578416824341,0.8619950413703918
0.024150952696800232,-0.30482712388038635,0.9937711358070374
0.26301759481430054,-0.8160684704780579,0.7352102398872375
0.48583748936653137,-0.3830353915691376,1.3658702373504639
0.8350748419761658,0.1919020116329193,0.9073725342750549
0.9614560604095459,-0.14720159769058228,1.3027870655059814
0.8219569325447083,-0.6744675636291504,1.4621089696884155
0.6204560995101929,0.24364608526229858,1.2103044986724854
0.4872696101665497,-0.5448576211929321,1.05411696434021
0.7452897429466248,0.15267294645309448,1.4068307876586914
0.14718419313430786,-0.5139426589012146,1.1685463190078735
0.8561396598815918,-0.5570418238639832,1.1847937107086182
0.24542751908302307,-0.14660125970840454,0.9937418699264526
0.3592448830604553,-0.16190096735954285,0.8943675756454468
0.17251186072826385,-0.6970285177230835,1.0301322937011719
0.55562424659729,-0.629680871963501,1.035748839378357
0.9460169076919556,0.01583811640739441,1.2111127376556396
0.6565274000167847,-0.4293099045753479,1.5299887657165527
1.0452579259872437,-0.6200885772705078,1.440100908279419
0.9929830431938171,-0.5290014743804932,0.8118184804916382
0.4368149936199188,0.041089534759521484,0.8894432783126831
1.0132330656051636,-0.0961868166923523,1.1406035423278809
0.4489082396030426,0.11265726387500763,0.8936843276023865
0.5497313141822815,-0.6489088535308838,1.0124032497406006
0.39961886405944824,-0.6221639513969421,1.1738510131835938
0.40486034750938416,-0.8095396757125854,0.9212900996208191
0.5539298057556152,-0.47951966524124146,1.1816344261169434
0.40133124589920044,0.4485209882259369,0.983967661857605
0.360330194234848,-0.03528249263763428,1.4393419027328491
1.2739267349243164,0.28004682064056396,1.1192455291748047
0.17741258442401886,0.12645336985588074,1.1715772151947021
0.9830208420753479,-0.14749759435653687,1.5730621814727783
0.5540250539779663,-0.35633671283721924,1.3709349632263184
0.7832546234130859,-0.38972485065460205,1.278601884841919
0.604806661605835,-0.332414448261261,1.3386293649673462
0.38786035776138306,-0.5965428352355957,0.9077228307723999
0.10711723566055298,-0.5823661684989929,1.0380187034606934
1.1511081457138062,-0.8432391881942749,0.6680363416671753
0.8610550761222839,-0.7209196090698242,0.939420759677887
0.33328333497047424,0.0372321642935276,0.8109692335128784
0.7713613510131836,0.2737051546573639,1.3410762548446655
0.4483771324157715,0.4547877013683319,0.8989203572273254
1.1632386445999146,0.3311264216899872,1.0796699523925781
0.661180317401886,-0.6929002404212952,0.6788054704666138
0.7028158903121948,0.0313241071999073,1.5026798248291016
0.5001777410507202,-0.224904865026474,0.802373468875885
0.2644832730293274,-0.30219215154647827,0.9042541980743408
0.7849196195602417,0.4850614666938782,1.0940593481063843
1.3680315017700195,-0.37889960408210754,1.193945050239563
0.6399573087692261,-0.8458871245384216,1.0049726963043213
1.0602288246154785,0.004025980830192566,0.8068962097167969
0.581761360168457,-0.4871821403503418,1.511027455329895
0.552626371383667,-0.21829119324684143,1.4722298383712769
0.3998340368270874,-0.7460723519325256,1.0070148706436157
0.6608114242553711,-0.04049278795719147,1.561858057975769
0.2693764865398407,-0.469819575548172,0.8637950420379639
0.5340864658355713,-0.5856375694274902,0.800979733467102
0.20116662979125977,0.14088113605976105,1.0690691471099854
0.5902022123336792,-0.4539812207221985,1.2645560503005981
1.1486533880233765,-0.1623498797416687,0.7943475842475891
0.44451797008514404,-0.5807968378067017,1.143082618713379
1.069603681564331,-0.2518616318702698,1.2638139724731445
1.1091474294662476,-0.6403710842132568,1.3515640497207642
0.3530539572238922,-0.13149906694889069,1.3882523775100708
0.902651846408844,-0.692434549331665,0.6085426807403564
0.5818649530410767,0.1494063138961792,1.4799652099609375
0.3611142039299011,-0.43415915966033936,1.4142725467681885
0.5786638855934143,-0.6335261464118958,1.2405120134353638
0.9335384368896484,-0.9444925785064697,0.7198056578636169
0.48284947872161865,-0.5547804236412048,1.3473658561706543
0.7021059393882751,0.1725635975599289,0.7993818521499634
0.3919292688369751,-0.2638098895549774,1.1122511625289917
0.5069068670272827,-0.19116750359535217,1.4856268167495728
0.3407089114189148,-0.3977200388908386,1.2056955099105835
1.0668020248413086,0.1525014042854309,1.4674296379089355
0.5105960369110107,-0.2331654578447342,0.9755579829216003
0.6884324550628662,-0.7148439884185791,0.8363194465637207
0.20923729240894318,-0.17061299085617065,0.9412096738815308
0.43877112865448,0.2841654419898987,1.1461598873138428
1.194110631942749,-0.47827252745628357,0.7970662117004395
0.6232928037643433,-0.6494437456130981,1.039741039276123
0.7361146211624146,-0.44146591424942017,1.2770551443099976
0.41501128673553467,0.23177731037139893,1.1350390911102295
1.1562285423278809,0.10168953239917755,0.8595187664031982
0.45372527837753296,-0.6771408915519714,1.1705981492996216
0.5181870460510254,-0.17914968729019165,1.538151741027832
0.8808461427688599,0.14076338708400726,1.5095818042755127
0.8652061820030212,-0.10872242599725723,1.5640143156051636
0.729038417339325,-0.7062712907791138,1.4569666385650635
0.5160017013549805,-0.6267734169960022,1.2185955047607422
0.4120047688484192,-0.43787339329719543,0.9794304370880127
0.28043726086616516,-0.17922526597976685,1.3239173889160156
1.1921048164367676,-0.27038753032684326,1.441658854484558
0.3387596011161804,-0.31871461868286133,1.4531916379928589
0.8659981489181519,-0.7747099995613098,0.9210964441299438
1.0134333372116089,-0.8908559679985046,0.6347866058349609
0.3537595272064209,-0.20074090361595154,0.8079745173454285
1.1318771839141846,-0.6175747513771057,1.1185287237167358
0.9800186157226562,0.25053727626800537,0.8997173309326172
1.1966696977615356,-0.1147657185792923,0.7763277292251587
1.1517424583435059,-0.03717537969350815,1.218050241470337
0.5080655217170715,-0.3250058591365814,1.2162268161773682
0.3370213508605957,-0.3202887177467346,1.1481659412384033
0.5162321329116821,-0.3217350244522095,0.794220507144928
0.18114176392555237,-0.2572474479675293,1.298595905303955
1.1642910242080688,-0.05134797841310501,1.329042673110962
1.2467883825302124,-0.3136868476867676,0.7236694693565369
0.4559849202632904,-0.6780067086219788,1.007311224937439
1.0822067260742188,0.13502280414104462,1.1436609029769897
0.8413170576095581,0.18512117862701416,1.3082904815673828
0.48244914412498474,0.054807260632514954,1.2451730966567993
1.2202585935592651,-0.2843305468559265,0.7485296726226807
1.0729349851608276,-0.12902352213859558,1.5049262046813965
0.5576765537261963,-0.5177262425422668,1.4744542837142944
0.502980649471283,-0.13285747170448303,1.015403151512146
1.130354642868042,-0.008450806140899658,1.4103422164916992
0.4263378083705902,-0.4273585081100464,1.303105115890503
0.410048246383667,-0.504173755645752,0.7778940796852112
0.9281055331230164,-0.08100259304046631,1.385378122329712
0.42332175374031067,-0.2956429719924927,0.8739418983459473
0.5676312446594238,0.2620404064655304,0.9614186882972717
0.5866461992263794,-0.643295168876648,1.4657648801803589
1.0167180299758911,-0.3677062690258026,1.4017629623413086
0.8672720193862915,-0.8194758892059326,1.377156376838684
0.8728572726249695,-0.6489124894142151,1.0065629482269287
0.7136551737785339,-0.5308554172515869,1.2046279907226562
0.8985884189605713,0.06501060724258423,0.8358159065246582
0.5028924345970154,0.11301383376121521,0.8545984029769897
1.0841144323349,-0.5616152286529541,1.0707547664642334
1.2007653713226318,-0.8554525375366211,0.7658419609069824
0.8956024050712585,-0.16956104338169098,1.570888638496399
0.4874582290649414,0.24906685948371887,0.9110829830169678
0.92154860496521,-0.8625054359436035,1.3082613945007324
0.7732282876968384,-0.8646963238716125,0.8114089965820312
0.6795646548271179,-0.575718879699707,1.3667014837265015
0.9381136894226074,-0.43696022033691406,0.7759777903556824
0.4670264720916748,-0.050427429378032684,1.4716696739196777
1.3573205471038818,-0.20455031096935272,0.9982666373252869
0.8142555356025696,0.44397833943367004,0.896041750907898
0.964179515838623,0.1773645430803299,1.0913207530975342
0.7572205066680908,-0.7718781232833862,1.3777987957000732
1.1893842220306396,-0.014050640165805817,0.7709633708000183
0.3046770989894867,-0.8658369779586792,0.8103307485580444
0.5423781871795654,-0.3873783349990845,0.8294759392738342
0.5683452486991882,-0.6280547380447388,1.072577714920044
0.6735221743583679,-1.0160681009292603,0.7552876472473145
0.5808087587356567,-0.6621385812759399,1.3809683322906494
0.5175977945327759,-0.28585246205329895,1.2626901865005493
1.4192296266555786,-0.21085725724697113,1.3279719352722168
0.4901006519794464,-0.4014577567577362,1.3827002048492432
0.4660065770149231,-0.23339645564556122,1.3632807731628418
1.1873911619186401,-0.025393761694431305,0.8801748752593994
0.4565557539463043,-0.0061013358645141125,1.5085020065307617
0.7024716138839722,-0.7066977024078369,1.3331732749938965
0.6067513227462769,-0.012202441692352295,1.2747304439544678
0.7699733972549438,-0.525390625,1.3602596521377563
0.851004958152771,-0.7458277344703674,1.3786747455596924
0.5268255472183228,-0.5961959362030029,1.3855756521224976
1.2110326290130615,0.4298667907714844,0.8095319271087646
0.6062681078910828,0.5113719701766968,1.056326985359192
0.7148697376251221,-0.622103214263916,0.8707762360572815
1.1008206605911255,-0.9059905409812927,0.8390800952911377
0.1645338535308838,0.11283082515001297,0.8366690874099731
0.07298190891742706,-0.5517092347145081,0.9037981033325195
0.5055404305458069,-0.046011924743652344,1.077823281288147
0.5671219825744629,-0.358945369720459,0.7788887023925781
0.8870866894721985,-0.7102445363998413,0.9869930148124695
0.7620116472244263,-0.7737711668014526,0.9834761023521423
0.5036484599113464,-0.83493971824646,1.29258394241333
0.546069860458374,-0.5654948949813843,1.4176101684570312
1.3984211683273315,-0.3049415946006775,0.8777250051498413
1.3186613321304321,-0.30986952781677246,1.1886961460113525
0.8103213906288147,0.3325496315956116,1.2905545234680176
1.1961439847946167,-0.30447474122047424,0.782257616519928
0.39891737699508667,0.06398139894008636,0.8793283104896545
1.2695436477661133,0.21607306599617004,1.1610602140426636
0.7290465235710144,-0.29548418521881104,1.512655258178711
0.4842166304588318,-0.29535946249961853,1.1572660207748413
0.9094352722167969,0.18004575371742249,1.1141527891159058
0.8280751705169678,-0.9414651989936829,1.170654058456421
0.5423228144645691,-0.3693314790725708,1.522322177886963
0.599889874458313,-0.4512343406677246,1.5379091501235962
0.9577521085739136,-0.28553828597068787,1.176558256149292
0.5190194249153137,0.052662476897239685,1.1059322357177734
0.3847631514072418,-0.47719934582710266,0.9956902265548706
0.5491280555725098,-0.15997685492038727,1.550620198249817
0.5917187929153442,-0.6702814102172852,0.5482683181762695
0.3104208707809448,0.09641176462173462,1.074808955192566
1.050075650215149,0.3348998427391052,1.3260992765426636
0.9380441308021545,-0.8374702334403992,1.2467797994613647
1.2841092348098755,0.09395528584718704,0.8776158094406128
0.9226236939430237,-0.711524486541748,0.6164935231208801
0.6963700652122498,-0.7788468599319458,1.271061897277832
1.028057336807251,-0.10903503745794296,0.8288342952728271
0.8278376460075378,-0.5503531694412231,0.818051815032959
0.4378346800804138,-0.27293944358825684,1.0154905319213867
0.7943307757377625,0.33822667598724365,1.0944085121154785
0.4392794966697693,-0.336284875869751,0.9845480918884277
0.6828678250312805,-0.626849353313446,1.3566980361938477
0.5409380197525024,-0.3101280927658081,0.7701719999313354
1.0190473794937134,-0.8985735774040222,0.8065731525421143
0.8151547312736511,0.09896297752857208,0.8373939990997314
0.9029050469398499,-1.0154049396514893,0.9915093183517456
0.6768450736999512,-0.07828748971223831,1.2058824300765991
0.6766928434371948,-0.6763588190078735,1.3519529104232788
0.8617300987243652,0.1989080309867859,0.7952248454093933
1.199779987335205,-0.5606321096420288,0.7762328386306763
0.2740003168582916,0.1122165396809578,1.286548137664795
0.8992576003074646,-0.04109484329819679,0.8766456246376038
0.4329356551170349,0.09862801432609558,1.2079553604125977
0.5907179117202759,-0.3616350293159485,1.4261775016784668
1.353930950164795,-0.4224759340286255,1.205325722694397
0.4709246754646301,-0.5270882844924927,0.9395169615745544
1.0082638263702393,0.026261627674102783,1.1449360847473145
0.5252838134765625,0.09739244729280472,1.4333956241607666
0.1734280288219452,-0.47484198212623596,0.9099130034446716
1.2752829790115356,-0.8322227001190186,0.8381073474884033
1.1927486658096313,-0.1348414272069931,1.2770721912384033
0.9675782918930054,-0.9031058549880981,1.183276653289795
0.7994364500045776,-0.03955695778131485,1.4353166818618774
1.2127047777175903,-0.05708348751068115,0.9938784837722778
1.0599617958068848,-0.7737118005752563,0.7503522038459778
0.16997714340686798,-0.2851038873195648,1.3328837156295776
0.3863012194633484,0.44648775458335876,0.8241692185401917
1.1533828973770142,-0.5999786853790283,0.9424752593040466
0.7864124178886414,-0.9825449585914612,1.033249855041504
0.6290678977966309,0.2654043436050415,1.388918161392212
0.3495209217071533,0.15870970487594604,0.8360583186149597
0.20562395453453064,-0.3123219609260559,1.3707231283187866
0.8394212126731873,-0.6193166971206665,1.1679714918136597
0.9588969945907593,-0.04945164918899536,1.3327008485794067
0.0857623741030693,0.10018517076969147,0.7621488571166992
0.9525665044784546,-0.22365112602710724,1.285658359527588
0.6498793363571167,0.08112646639347076,0.8467503190040588
0.48561519384384155,-0.4664222300052643,0.8772627115249634
0.9413008689880371,-0.05975048243999481,1.5590176582336426
0.5480820536613464,-0.372073769569397,1.2309428453445435
0.9008699655532837,0.027508649975061417,1.4713271856307983
1.0458247661590576,-0.15805324912071228,1.4471652507781982
0.37365972995758057,-0.4906728267669678,1.0308797359466553
0.3454241156578064,0.2396734058856964,0.7834509611129761
0.9574781656265259,0.29207733273506165,1.2278012037277222
0.8463228344917297,0.0693010538816452,0.9871057868003845
1.398716688156128,0.08712554723024368,0.9274120926856995
0.9284600019454956,-0.025810498744249344,1.2108854055404663
1.084510087966919,-0.28139975666999817,0.7582254409790039
0.4848037362098694,0.1584147810935974,1.3632603883743286
0.8370015025138855,-0.7072784900665283,1.0470247268676758
1.194663166999817,-0.7217737436294556,0.5240775346755981
1.1116641759872437,-0.11364644765853882,1.2895147800445557
0.9002032279968262,-0.4268186688423157,1.2783308029174805
0.555518388748169,-0.44659513235092163,1.5433368682861328
0.373677134513855,-0.5762198567390442,1.3330755233764648
0.47609251737594604,-0.9482375979423523,0.8226006627082825
0.18367375433444977,0.27412524819374084,0.9615621566772461
0.8642028570175171,-0.05975966900587082,1.3702889680862427
0.45151790976524353,-0.04607187211513519,0.9604865312576294
0.9974704384803772,-0.014256119728088379,0.9870598912239075
1.421982765197754,-0.16784316301345825,1.3146812915802002
0.308155357837677,-0.3298529386520386,0.8513174057006836
1.1311215162277222,0.061183325946331024,0.9853203296661377
0.8368120193481445,-0.9518684148788452,0.98731529712677
0.29678183794021606,0.10818111896514893,1.326294183731079
1.0645397901535034,0.04384959489107132,1.1610195636749268
0.42180880904197693,-0.42587584257125854,1.2530571222305298
0.5839257836341858,-0.029761113226413727,1.4752326011657715
0.6076347827911377,-0.6085108518600464,0.7959346175193787
0.6551548838615417,-0.04777665436267853,0.8770501613616943
0.30762237310409546,-0.16930514574050903,1.2190518379211426
0.40638652443885803,-0.35853612422943115,1.2915717363357544
0.5121241211891174,-0.4290074110031128,0.7920993566513062
0.42590102553367615,0.1638214886188507,1.0389900207519531
1.2955727577209473,-0.45321980118751526,1.3157724142074585
1.1325788497924805,0.0765732005238533,1.3127121925354004
0.6925871968269348,-0.5489212870597839,1.469197392463684
0.8873881101608276,0.13567417860031128,0.7768874168395996
1.0083954334259033,-0.15414029359817505,1.391440987586975
1.0447824001312256,0.5042235255241394,0.7691329717636108
0.826489269733429,0.21436868607997894,1.2215774059295654
0.6094439625740051,-0.9658702611923218,0.9569648504257202
0.29584330320358276,-0.5772432088851929,0.9006115794181824
1.2135417461395264,-0.3424985110759735,1.3132143020629883
0.31383439898490906,0.19318901002407074,1.213155746459961
0.6196592450141907,0.5030865669250488,1.1028889417648315
0.33228784799575806,-0.442902147769928,1.0169621706008911
0.558600127696991,-0.11971698701381683,0.99321448802948
1.2093231678009033,-0.3712335526943207,1.3910671472549438
0.5352845191955566,-0.6642278432846069,0.8105407953262329
0.8296152353286743,-0.618205189704895,0.8270509243011475
0.9890984892845154,-0.07665973901748657,1.1504932641983032
0.8483855724334717,0.0013620443642139435,0.7714868187904358
0.15366120636463165,-0.6948474049568176,1.0337395668029785
0.34033921360969543,0.11531063169240952,1.2068216800689697
0.10030924528837204,-0.5412089824676514,1.0425351858139038
0.6933812499046326,-0.47674819827079773,1.4647361040115356
1.3327895402908325,-0.20528115332126617,1.2674274444580078
1.27433180809021,-0.0937299132347107,1.144478678703308
0.7735828161239624,0.39305782318115234,1.281596064567566
0.7615641355514526,-0.28161686658859253,1.5826232433319092
0.6004027128219604,0.39116668701171875,1.197170376777649
0.39843860268592834,-0.3008788824081421,1.1582363843917847
0.3660660684108734,-0.05716271698474884,1.1640324592590332
1.0421031713485718,0.5201888084411621,0.8946930766105652
0.9009343385696411,-0.5258867740631104,1.3484506607055664
0.5860289335250854,-0.015139482915401459,1.0582422018051147
1.1616657972335815,-0.10520882159471512,0.9545348882675171
0.5011565685272217,0.01085922122001648,0.9137692451477051
1.0386308431625366,-0.35168495774269104,1.388490080833435
1.0024563074111938,0.05346258729696274,1.2010858058929443
0.43592333793640137,-0.3324359059333801,1.5167545080184937
0.41887837648391724,-0.5011056661605835,1.1538773775100708
1.0649631023406982,0.5090844035148621,0.95815110206604
0.9838181138038635,0.06661176681518555,0.766123354434967
1.3008235692977905,0.05052262544631958,1.0686239004135132
0.35740455985069275,-0.5746358633041382,1.3852275609970093
0.29721513390541077,-0.3482323884963989,0.8258234262466431
0.5772273540496826,0.002001740038394928,1.2509642839431763
0.49688196182250977,-0.4080488085746765,1.2467842102050781
0.7753004431724548,-0.610736608505249,0.7626693248748779
1.1405673027038574,0.045505911111831665,1.0733301639556885
0.8250636458396912,-1.0251929759979248,0.7993797063827515
0.8367961645126343,-0.4038686454296112,1.5648128986358643
0.4109961688518524,0.005349393934011459,1.4846603870391846
0.5795311331748962,-0.04836593568325043,0.7645358443260193
0.9903839826583862,0.2523236572742462,1.1065114736557007
0.9367222785949707,-0.14959600567817688,1.079332947731018
1.3729865550994873,-0.3221888244152069,1.1499119997024536
0.3261237144470215,-0.2479557991027832,1.2231709957122803
0.5957024693489075,-0.4497235417366028,1.3550738096237183
0.5200445652008057,-0.035909831523895264,1.501525640487671
0.5778974890708923,-0.694567859172821,1.0949660539627075
1.4123221635818481,-0.18935413658618927,1.2489155530929565
0.595340371131897,-0.4874063730239868,1.0379927158355713
0.1848701685667038,-0.11172765493392944,1.256956696510315
1.3030235767364502,-0.3804832100868225,1.1218150854110718
1.0691746473312378,-0.3879733681678772,1.5383849143981934
0.39591720700263977,0.09387977421283722,1.1685889959335327
1.272160530090332,0.0437769889831543,1.0893621444702148
0.3381080627441406,0.23011550307273865,1.0930384397506714
0.4483605921268463,0.07530304789543152,1.4286260604858398
1.5534037351608276,-0.43263545632362366,0.7839658260345459
1.0866293907165527,0.3738553524017334,0.9666234254837036
0.29197484254837036,-0.1973671317100525,1.126092791557312
1.2225840091705322,0.3015243411064148,0.8997243046760559
0.8943140506744385,-0.5818116664886475,1.1560863256454468
0.9385640621185303,0.28106775879859924,1.3643691539764404
1.1583640575408936,-0.39878588914871216,0.4609922766685486
0.5626310110092163,-0.45232558250427246,1.1205450296401978
0.3826035261154175,-0.0955061987042427,1.3704484701156616
0.8608651757240295,-0.12578138709068298,1.2619693279266357
1.318557620048523,-0.4305284023284912,1.1358338594436646
0.4697940945625305,-0.13528722524642944,1.5330395698547363
0.5338782668113708,-0.2033621221780777,1.3351378440856934
0.45595604181289673,0.16422617435455322,1.4298548698425293
1.1162210702896118,0.07390396296977997,0.7579053640365601
1.13218092918396,-0.9123605489730835,1.1356418132781982
0.4908587336540222,-0.005138210952281952,1.503617525100708
0.5590512752532959,-0.7510500550270081,1.0538986921310425
0.42856401205062866,0.07723729312419891,1.44553804397583
1.1757240295410156,-0.40363168716430664,1.3271421194076538
0.31382542848587036,-0.23124617338180542,0.8637027740478516
0.5574978590011597,-0.24280095100402832,1.5177631378173828
0.8633446097373962,-0.017723508179187775,1.51748788356781
0.7986488342285156,-0.5981632471084595,1.5312820672988892
0.6702954769134521,0.19452571868896484,1.0451881885528564
1.2378199100494385,-0.3671736717224121,1.331981897354126
1.037795901298523,0.014368409290909767,0.7903451919555664
0.7132957577705383,-0.3751049041748047,1.5398849248886108
0.061348140239715576,-0.4479197561740875,0.8248635530471802
0.44484296441078186,-0.35092735290527344,1.4572621583938599
0.7693554162979126,0.08429545164108276,0.9265835881233215
0.8265184164047241,-0.7200475931167603,1.4618364572525024
0.8635051846504211,-0.7433497309684753,0.9290304183959961
0.7445605397224426,-0.5990778207778931,1.0344858169555664
0.24399185180664062,-0.2430238127708435,1.3433446884155273
0.8896371126174927,0.12196919322013855,1.142020583152771
0.5659077167510986,-0.8011379837989807,0.6400731205940247
0.9329749345779419,-0.45060640573501587,1.0999884605407715
0.6530686020851135,-0.25245749950408936,1.5767168998718262
1.2427617311477661,0.051262266933918,1.0042119026184082
1.2960551977157593,-0.48044735193252563,0.746416449546814
0.4456404745578766,0.013784769922494888,1.4554929733276367
0.622983455657959,-0.37705564498901367,1.3937859535217285
0.47184380888938904,0.16113542020320892,1.1157697439193726
1.2391722202301025,-0.1655946969985962,1.1772657632827759
1.162171721458435,0.17022180557250977,1.3803563117980957
0.762582540512085,-0.8649393320083618,0.7472723126411438
0.5684323906898499,-0.04585297778248787,1.3064265251159668
0.49657851457595825,-0.017070341855287552,1.1402345895767212
0.5115938186645508,0.3920612931251526,0.7806559205055237
0.3936585783958435,-0.2882327437400818,1.0204704999923706
0.7646663188934326,-0.07992403209209442,1.5650917291641235
0.41509395837783813,0.27551785111427307,1.0430840253829956
0.09139665961265564,-0.3456368148326874,1.1786139011383057
0.5596442818641663,-0.427558034658432,1.4278240203857422
0.8124989867210388,-0.5905326008796692,1.5280635356903076
0.35807400941848755,-0.6183863878250122,1.1636683940887451
0.5741928219795227,-0.725948691368103,1.0791504383087158
0.26961445808410645,-0.5071865320205688,0.9653096795082092
0.7320000529289246,-0.04801233112812042,1.248349666595459
1.0694291591644287,0.36176151037216187,1.0649720430374146
0.44880157709121704,-0.6720668077468872,0.7016544342041016
0.016726471483707428,-0.35383176803588867,0.7658165097236633
0.5010905861854553,-0.43356430530548096,0.9738932847976685
0.5300767421722412,0.033970680087804794,1.0640240907669067
0.7505266070365906,-0.6100199818611145,1.1893864870071411
0.4119960069656372,-0.17353665828704834,1.340122103691101
0.7852113842964172,0.06905362755060196,1.2116053104400635
1.1159050464630127,-0.396141916513443,1.3144898414611816
0.21829929947853088,0.11085069924592972,1.2218276262283325
0.9127755761146545,0.09560586512088776,1.0653748512268066
0.3272276222705841,0.006827101111412048,1.1340301036834717
1.1783723831176758,-0.3791683614253998,0.807452380657196
1.1023874282836914,-0.16425223648548126,1.2472895383834839
1.3755568265914917,0.17504307627677917,0.701287031173706
0.6026354432106018,0.25418907403945923,1.2803597450256348
1.3735218048095703,-0.5114463567733765,1.238682508468628
1.2367686033248901,-0.002399355173110962,0.5689347982406616
0.46474796533584595,-0.48914849758148193,0.9388423562049866
0.10407955199480057,-0.2831137180328369,0.9440822601318359
1.0794072151184082,-0.970726728439331,0.8268205523490906
0.6899958252906799,-0.22353297472000122,1.5683437585830688
0.17251111567020416,-0.33737897872924805,0.9970146417617798
0.4019438624382019,-0.45381173491477966,1.0581791400909424
1.1171513795852661,-0.7447596788406372,1.1188075542449951
0.2604508399963379,0.04942361265420914,0.9725868701934814
0.214138001203537,0.054598964750766754,1.034658670425415
0.6454981565475464,-0.37835487723350525,1.5325607061386108
0.6436476707458496,-0.4431370496749878,1.244280457496643
0.6861052513122559,-0.6197433471679688,1.1848877668380737
1.4794162511825562,-0.03682854399085045,0.725926399230957
0.6219534873962402,-0.7637609839439392,0.389188677072525
0.10568590462207794,-0.2946334183216095,0.9059692621231079
1.0658718347549438,-0.8113734722137451,0.9335798025131226
0.7499748468399048,-0.8087849617004395,1.2149847745895386
0.9772652387619019,0.05261175334453583,0.8187248110771179
0.31964102387428284,-0.23684614896774292,1.3327020406723022
0.8955912590026855,-0.7250246405601501,0.7668492197990417
1.198086142539978,-0.5300533771514893,1.3534845113754272
0.8035135269165039,-0.6990079283714294,0.8356509804725647
0.538338840007782,-0.754218339920044,0.9195588231086731
